PickID,PickDate,Remark,VANCode,TotalWeight,Status,BranchCode,DocEntry,DocNum,CardCode,CardName,ItemCode,Description,Quantity,UoM,ItemWeight,WhsCode,U_DocNum
00120251204022557170,12/5/2025,Oc/CC-SJ     INV--4,VO99006,56.7,C,001,5378646,8378645,C00102388,Ocean-YGN-SJ,0101121009,Ambi Pur Aerosol Blue Ocean 300ml (1x6Pcs),8,pcs,2.226667,DC-YGN01,00120251204090122180
00420251204040854267,12/5/2025,VO99098  ocean  ,VO99098,88.36,C,004,5378840,8378839,C00404138,Ocean - MLM,0101121009,Ambi Pur Aerosol Blue Ocean 300ml (1x6Pcs),3,pcs,0.835,WH-MLM01,00420251204095845833
00420251204041020073,12/5/2025,VO99023   inv:  19,VO99023,192.56,C,004,5378882,8378881,C00404977,K MART,0101121009,Ambi Pur Aerosol Blue Ocean 300ml (1x6Pcs),12,pcs,3.34,WH-MLM01,00420251204100852833
00220251204030328153,12/5/2025,OCDP,VO99036,67.31,C,002,5379261,8379260,C00202989,Ocean-MDY-DP,0101121009,Ambi Pur Aerosol Blue Ocean 300ml (1x6Pcs),6,pcs,1.67,WH-MDY01,00220251204113226870
00620251204025338400,12/5/2025,V54(Ocean),VO99054,41.3,C,006,5379287,8379286,C00602663,Ocean - TGI,0101121009,Ambi Pur Aerosol Blue Ocean 300ml (1x6Pcs),4,pcs,1.113333,WH-TGI02,00620251204113744577
00220251204030341233,12/5/2025,city 19,VO99036,45.66,C,002,5379281,8379280,C00207683,City Mart - 19th,0101121012,Ambi Pur Aerosol Lavender Breeze 300ml (1x6Pcs),4,pcs,1.113333,WH-MDY01,00220251204113534650
00220251204030328153,12/5/2025,OCDP,VO99036,67.31,C,002,5379261,8379260,C00202989,Ocean-MDY-DP,0101121012,Ambi Pur Aerosol Lavender Breeze 300ml (1x6Pcs),7,pcs,1.948333,WH-MDY01,00220251204113226870
00720251204041307187,12/5/2025,inv 5 OCPT,VO99052,199.6,C,007,5379211,8379210,C00701841,Ocean - PT,0101121012,Ambi Pur Aerosol Lavender Breeze 300ml (1x6Pcs),3,pcs,0.835,WH-PTN01,00720251204112350487
00420251204040854267,12/5/2025,VO99098  ocean  ,VO99098,88.36,C,004,5378840,8378839,C00404138,Ocean - MLM,0101121012,Ambi Pur Aerosol Lavender Breeze 300ml (1x6Pcs),3,pcs,0.835,WH-MLM01,00420251204095845833
00120251204022557170,12/5/2025,Oc/CC-SJ     INV--4,VO99006,56.7,C,001,5378646,8378645,C00102388,Ocean-YGN-SJ,0101121012,Ambi Pur Aerosol Lavender Breeze 300ml (1x6Pcs),5,pcs,1.391667,DC-YGN01,00120251204090122180
00120251204021534870,12/5/2025,Oc/CC-MGDTM     INV--6,VO99003,50.08,C,001,5378675,8378674,C00135956,Ocean-MGDTM,0101121012,Ambi Pur Aerosol Lavender Breeze 300ml (1x6Pcs),11,pcs,3.061667,DC-YGN01,00120251204091452767
00120251204021726967,12/5/2025,Oc-NP     INV--5,VO99010,18.19,C,001,5378695,8378694,C00101140,Ocean-YGN-NP,0101121012,Ambi Pur Aerosol Lavender Breeze 300ml (1x6Pcs),18,pcs,5.01,DC-YGN01,00120251204092037193
00120251204022108840,12/5/2025,Oc-PL     INV--5,VO99008,94.68,C,001,5378955,8378954,C00138678,Ocean-PL,0101121012,Ambi Pur Aerosol Lavender Breeze 300ml (1x6Pcs),29,pcs,8.071667,DC-YGN01,00120251204103036987
00120251204020957470,12/5/2025,Oc/CC-HTY     INV--5,VO99010,154.5,C,001,5379054,8379053,C00126567,Ocean-YGN-HTY,0101121012,Ambi Pur Aerosol Lavender Breeze 300ml (1x6Pcs),14,pcs,3.896667,DC-YGN01,00120251204105049863
00120251204021152623,12/5/2025,CM-Baho     INV--5,VO99001,27.65,C,001,5379143,8379142,C00140629,City Mart - Baho,0101121012,Ambi Pur Aerosol Lavender Breeze 300ml (1x6Pcs),3,pcs,0.835,DC-YGN01,00120251204110553893
00420251204040854267,12/5/2025,VO99098  ocean  ,VO99098,88.36,C,004,5378840,8378839,C00404138,Ocean - MLM,0101122004,Ambi Pur GEL Fresh Relaxing Lavender 180g (1x12Pcs),17,pcs,4.193333,WH-MLM01,00420251204095845833
00620251204025338400,12/5/2025,V54(Ocean),VO99054,41.3,C,006,5379287,8379286,C00602663,Ocean - TGI,0101122004,Ambi Pur GEL Fresh Relaxing Lavender 180g (1x12Pcs),3,pcs,0.74,WH-TGI02,00620251204113744577
00620251204025338400,12/5/2025,V54(Ocean),VO99054,41.3,C,006,5379272,8379271,C00602663,Ocean - TGI,0101122005,Ambi Pur GEL Fresh Refreshing Lemon 180g (1x12Pcs),6,pcs,1.48,WH-TGI02,00620251204113448093
00120251204055455197,12/5/2025,"SOKL,YK SHOP-20",VO99046,139.57,C,001,5379226,8379225,C00132072,Central Mart,0101122005,Ambi Pur GEL Fresh Refreshing Lemon 180g (1x12Pcs),5,pcs,1.233333,DC-YGN01,00120251204112601820
00120251204055150310,12/5/2025,AL/BH/KMD/SC                         Inv;17,VO99004,207.16,C,001,5379430,8379429,C00124538,Diamond Mini Mart,0101122005,Ambi Pur GEL Fresh Refreshing Lemon 180g (1x12Pcs),6,pcs,1.48,DC-YGN01,00120251204124617870
00620251204032832147,12/5/2025,V54(1),VO99054,31.89,C,006,5379442,8379441,C00603525,Black & White Cosmetic,0101122005,Ambi Pur GEL Fresh Refreshing Lemon 180g (1x12Pcs),6,pcs,1.48,WH-TGI02,00620251204125907190
00120251204055411300,12/5/2025,INS                  Inv;41,VO99039,207.42,C,001,5379447,8379446,C00107903,?????????-?,0101122005,Ambi Pur GEL Fresh Refreshing Lemon 180g (1x12Pcs),1,pcs,0.246667,DC-YGN01,00120251204010735920
00120251204043405900,12/5/2025,Easy Mart-TTM     INV--1,VO99033,2.96,C,001,5379599,8379598,C00144826,Easy Supermarket(TTM),0101122005,Ambi Pur GEL Fresh Refreshing Lemon 180g (1x12Pcs),12,pcs,2.96,DC-YGN01,00120251204024101957
00120251204043509307,12/5/2025,Pro1-MGLD     INV--1,VO99003,14.8,C,001,5379664,8379663,C00145580,Pro1 Mingalardon,0101122005,Ambi Pur GEL Fresh Refreshing Lemon 180g (1x12Pcs),60,pcs,14.8,DC-YGN01,00120251204030359817
00620251204025351630,12/5/2025,V54(AungPan),VO99054,69.24,C,006,5378836,8378835,C00110334,SD-YGN-Aungpan,0101122005,Ambi Pur GEL Fresh Refreshing Lemon 180g (1x12Pcs),24,pcs,5.92,WH-TGI01,00620251204095746863
00120251204055218913,12/5/2025,MGLTN/Tamwe                       Inv;23,VO99005,106.64,C,001,5378824,8378823,C00102147,??????????????,0101122005,Ambi Pur GEL Fresh Refreshing Lemon 180g (1x12Pcs),6,pcs,1.48,DC-YGN01,00120251204095553927
00120251204023317740,12/5/2025,MTS-TGG     INV--1,VO99106,12.83,C,001,5378768,8378767,C00111943,Mi Thar Su - TGG,0101122005,Ambi Pur GEL Fresh Refreshing Lemon 180g (1x12Pcs),3,pcs,0.74,DC-YGN01,00120251204094515000
00120251204023741907,12/5/2025,Oc-SGD     INV--3,VO99033,7.12,C,001,5378870,8378869,C00113428,Ocean-YGN-SGD,0101122005,Ambi Pur GEL Fresh Refreshing Lemon 180g (1x12Pcs),6,pcs,1.48,DC-YGN01,00120251204100559790
00120251204023959983,12/5/2025,CM-TKT     INV--2,VO99033,7.99,C,001,5378899,8378898,C00124012,City Mart - TKT,0101122005,Ambi Pur GEL Fresh Refreshing Lemon 180g (1x12Pcs),6,pcs,1.48,DC-YGN01,00120251204101531257
00120251204020957470,12/5/2025,Oc/CC-HTY     INV--5,VO99010,154.5,C,001,5378911,8378910,C00126567,Ocean-YGN-HTY,0101122005,Ambi Pur GEL Fresh Refreshing Lemon 180g (1x12Pcs),6,pcs,1.48,DC-YGN01,00120251204101642177
00120251204021534870,12/5/2025,Oc/CC-MGDTM     INV--6,VO99003,50.08,C,001,5378914,8378913,C00135956,Ocean-MGDTM,0101122005,Ambi Pur GEL Fresh Refreshing Lemon 180g (1x12Pcs),6,pcs,1.48,DC-YGN01,00120251204101709903
00120251204023602710,12/5/2025,CM-YZNDSK     INV--1,VO99002,1.48,C,001,5378915,8378914,C00130469,City Mart - YZNDSK,0101122005,Ambi Pur GEL Fresh Refreshing Lemon 180g (1x12Pcs),6,pcs,1.48,DC-YGN01,00120251204101731737
00120251204021829157,12/5/2025,CM-TM     INV--5,VO99001,85.48,C,001,5378916,8378915,C00110790,City Mart - TM,0101122005,Ambi Pur GEL Fresh Refreshing Lemon 180g (1x12Pcs),12,pcs,2.96,DC-YGN01,00120251204101737513
00120251204032734623,12/5/2025,Pro1-LT     INV--1,VO99003,14.8,C,001,5378722,8378721,C00139831,Pro1-Lanthit,0101122005,Ambi Pur GEL Fresh Refreshing Lemon 180g (1x12Pcs),60,pcs,14.8,DC-YGN01,00120251204092737530
00120251204022716290,12/5/2025,Oc-GMPMTN     INV--1     (Urgent),VO99006,1.48,C,001,5378733,8378732,C00144361,Ocean-GMPMTN,0101122005,Ambi Pur GEL Fresh Refreshing Lemon 180g (1x12Pcs),6,pcs,1.48,DC-YGN01,00120251204093203063
00120251204032720903,12/5/2025,Pro1-DNG     INV--1,VO99003,14.8,C,001,5378738,8378737,C00139838,Pro1-Da Nyin Gone,0101122005,Ambi Pur GEL Fresh Refreshing Lemon 180g (1x12Pcs),60,pcs,14.8,DC-YGN01,00120251204093430880
00120251204032807367,12/5/2025,Pro1-SS     INV--1,VO99008,29.6,C,001,5378739,8378738,C00139832,Pro1-Satsan,0101122005,Ambi Pur GEL Fresh Refreshing Lemon 180g (1x12Pcs),120,pcs,29.6,DC-YGN01,00120251204093526030
00120251204021615690,12/5/2025,Pro1-TM     INV--1,VO99003,14.8,C,001,5378752,8378751,C00139834,Pro1-TM,0101122005,Ambi Pur GEL Fresh Refreshing Lemon 180g (1x12Pcs),60,pcs,14.8,DC-YGN01,00120251204094016473
00120251204022557170,12/5/2025,Oc/CC-SJ     INV--4,VO99006,56.7,C,001,5378674,8378673,C00102388,Ocean-YGN-SJ,0101122005,Ambi Pur GEL Fresh Refreshing Lemon 180g (1x12Pcs),12,pcs,2.96,DC-YGN01,00120251204091353863
00120251204023205507,12/5/2025,CPT-ZGM     INV--2,VO99008,4.74,C,001,5378656,8378655,C00144791,Capital-ZGM,0101122005,Ambi Pur GEL Fresh Refreshing Lemon 180g (1x12Pcs),3,pcs,0.74,DC-YGN01,00120251204090500920
00120251204115840633,12/5/2025,"Letpadan  ( INV - 1 ) , All Producrs ",VO99014,254.71,C,001,5379133,8379132,C00108770,SD-YGN-Letpadan,0101122005,Ambi Pur GEL Fresh Refreshing Lemon 180g (1x12Pcs),12,pcs,2.96,WH-MLM01,00120251204110405923
00120251204115907770,12/5/2025,"Taikkyi  ( INV - 1 ) , All Producrs ",VO99014,208.43,C,001,5379142,8379141,C00126192,SD-YGN-Taikkyi,0101122005,Ambi Pur GEL Fresh Refreshing Lemon 180g (1x12Pcs),24,pcs,5.92,WH-MLM01,00120251204110551400
00120251204023550290,12/5/2025,CM-SDHG     INV--1,VO99002,1.48,C,001,5378956,8378955,C00113998,City Mart - SDHG,0101122005,Ambi Pur GEL Fresh Refreshing Lemon 180g (1x12Pcs),6,pcs,1.48,DC-YGN01,00120251204103053447
00120251204022652277,12/5/2025,MP-KTYMGTN     INV--1,VO99006,1.48,C,001,5378958,8378957,C00130938,Marketplace - KTYMGTN,0101122005,Ambi Pur GEL Fresh Refreshing Lemon 180g (1x12Pcs),6,pcs,1.48,DC-YGN01,00120251204103126257
00120251204021225500,12/5/2025,MP-6.5 Mile     INV--1     (Urgent),VO99001,1.48,C,001,5378943,8378942,C00126124,Marketplace - 6.5Mile,0101122005,Ambi Pur GEL Fresh Refreshing Lemon 180g (1x12Pcs),6,pcs,1.48,DC-YGN01,00120251204102357857
00120251204021726967,12/5/2025,Oc-NP     INV--5,VO99010,18.19,C,001,5378908,8378907,C00101140,Ocean-YGN-NP,0101122005,Ambi Pur GEL Fresh Refreshing Lemon 180g (1x12Pcs),6,pcs,1.48,DC-YGN01,00120251204101611110
00120251204021152623,12/5/2025,CM-Baho     INV--5,VO99001,27.65,C,001,5378927,8378926,C00140629,City Mart - Baho,0101122005,Ambi Pur GEL Fresh Refreshing Lemon 180g (1x12Pcs),6,pcs,1.48,DC-YGN01,00120251204101814180
00120251204021603843,12/5/2025,CM-PLMGD     INV--4,VO99003,49.38,C,001,5378929,8378928,C00150224,City Mart - PLMGD,0101122005,Ambi Pur GEL Fresh Refreshing Lemon 180g (1x12Pcs),6,pcs,1.48,DC-YGN01,00120251204101850280
00120251204022108840,12/5/2025,Oc-PL     INV--5,VO99008,94.68,C,001,5378934,8378933,C00138678,Ocean-PL,0101122005,Ambi Pur GEL Fresh Refreshing Lemon 180g (1x12Pcs),6,pcs,1.48,DC-YGN01,00120251204102012257
00120251204052355390,12/5/2025,CM-SC     INV--1,VO99113,1.48,C,001,5378988,8378987,C00800848,City Mart - SC,0101122005,Ambi Pur GEL Fresh Refreshing Lemon 180g (1x12Pcs),6,pcs,1.48,DC-YGN01,00120251204103442360
00220251204030419380,12/5/2025,INV(12),VO99016,49.15,C,002,5379041,8379040,C00207816,??????????,0101122005,Ambi Pur GEL Fresh Refreshing Lemon 180g (1x12Pcs),3,pcs,0.74,WH-MDY01,00220251204104826807
00120251204125303150,12/5/2025,MDY  Branch ( No . 1 ) ,WT-MDY01,1089.74,C,001,5379375,8379374,C00125994,MDY Branch,0101122005,Ambi Pur GEL Fresh Refreshing Lemon 180g (1x12Pcs),120,pcs,29.6,DC-YGN01,00120251204121633380
00420251204040854267,12/5/2025,VO99098  ocean  ,VO99098,88.36,C,004,5378846,8378845,C00404138,Ocean - MLM,0105112001,Gillette Blue II Plus dis  2 sent(1 x240Pcs),12,pcs,0.2945,WH-MLM01,00420251204095932833
00520251204025338507,12/5/2025,OCJN Inv [ 5 ] ,VO99038,58.67,C,005,5378816,8378815,C00500907,Ocean-NPT-JN,0105112001,Gillette Blue II Plus dis  2 sent(1 x240Pcs),24,pcs,0.589,WH-NPT01,00520251204095510650
00520251204025338507,12/5/2025,OCJN Inv [ 5 ] ,VO99038,58.67,C,005,5378816,8378815,C00500907,Ocean-NPT-JN,0105112002,Gillette Blue II Plus dis  5 sent(1 x144Pcs),24,pcs,1.455,WH-NPT01,00520251204095510650
00420251204040854267,12/5/2025,VO99098  ocean  ,VO99098,88.36,C,004,5378846,8378845,C00404138,Ocean - MLM,0105112002,Gillette Blue II Plus dis  5 sent(1 x144Pcs),12,pcs,0.7275,WH-MLM01,00420251204095932833
00120251204055433497,12/5/2025,TKT-PZD                  Inv;35,VO99042,125.77,C,001,5379162,8379161,C00103684,????(?????),0105112004,Gillette Super Thin 2 dis 24 Fxd Blade(1x288pcs),24,pcs,0.245833,DC-YGN01,00120251204111007340
01120251204025619813,12/5/2025,"TKS,PHM,Inv-15",VO99071,50.42,C,011,5379145,8379144,C01100478,????????????????,0105113002,Gillette Super Thin Blade 5+1(1x1000Pcs),40,pcs,0.2992,WH-MGW01,01120251204110642540
01120251204025619813,12/5/2025,"TKS,PHM,Inv-15",VO99071,50.42,C,011,5379146,8379145,C01100177,??????????,0105113002,Gillette Super Thin Blade 5+1(1x1000Pcs),40,pcs,0.2992,WH-MGW01,01120251204110643573
01120251204025619813,12/5/2025,"TKS,PHM,Inv-15",VO99071,50.42,C,011,5379107,8379106,C01100480,???????????(?????),0105113002,Gillette Super Thin Blade 5+1(1x1000Pcs),20,pcs,0.1496,WH-MGW01,01120251204110041067
01820251204030452237,12/5/2025,Down Town Invo-10 SML,VO99068,50.09,C,018,5379042,8379041,C01801303,??????????,0105113002,Gillette Super Thin Blade 5+1(1x1000Pcs),40,pcs,0.2992,WH-TGU01,01820251204104832580
00420251204041020073,12/5/2025,VO99023   inv:  19,VO99023,192.56,C,004,5379007,8379006,C00404492,??????,0105113002,Gillette Super Thin Blade 5+1(1x1000Pcs),40,pcs,0.2992,WH-MLM01,00420251204103927287
01120251204025619813,12/5/2025,"TKS,PHM,Inv-15",VO99071,50.42,C,011,5379027,8379026,C01100281,????,0105113002,Gillette Super Thin Blade 5+1(1x1000Pcs),20,pcs,0.1496,WH-MGW01,01120251204104530677
00520251204025447907,12/5/2025,"MMZ ,KS Inv [ 31 ]",VO99028,156.27,C,005,5378945,8378944,C00500050,????????????,0105113002,Gillette Super Thin Blade 5+1(1x1000Pcs),60,pcs,0.4488,WH-NPT01,00520251204102514880
00520251204025447907,12/5/2025,"MMZ ,KS Inv [ 31 ]",VO99028,156.27,C,005,5378940,8378939,C00500041,?????????,0105113002,Gillette Super Thin Blade 5+1(1x1000Pcs),40,pcs,0.2992,WH-NPT01,00520251204102211630
00520251204025447907,12/5/2025,"MMZ ,KS Inv [ 31 ]",VO99028,156.27,C,005,5378961,8378960,C00502550,???????????,0105113002,Gillette Super Thin Blade 5+1(1x1000Pcs),20,pcs,0.1496,WH-NPT01,00520251204103244703
00520251204025447907,12/5/2025,"MMZ ,KS Inv [ 31 ]",VO99028,156.27,C,005,5378861,8378860,C00500034,????????,0105113002,Gillette Super Thin Blade 5+1(1x1000Pcs),40,pcs,0.2992,WH-NPT01,00520251204100351950
00520251204025447907,12/5/2025,"MMZ ,KS Inv [ 31 ]",VO99028,156.27,C,005,5378902,8378901,C00503594,???????,0105113002,Gillette Super Thin Blade 5+1(1x1000Pcs),100,pcs,0.748,WH-NPT01,00520251204101602197
00520251204025521037,12/5/2025,TPK Inv [ 10 ] ,VO99038,66.72,C,005,5378904,8378903,C00500603,??????????,0105113002,Gillette Super Thin Blade 5+1(1x1000Pcs),20,pcs,0.1496,WH-NPT01,00520251204101603350
00520251204025521037,12/5/2025,TPK Inv [ 10 ] ,VO99038,66.72,C,005,5378652,8378651,C00500667,??????????,0105113002,Gillette Super Thin Blade 5+1(1x1000Pcs),20,pcs,0.1496,WH-NPT01,00520251203111406963
00520251204025521037,12/5/2025,TPK Inv [ 10 ] ,VO99038,66.72,C,005,5378685,8378684,C00500165,????????????,0105113002,Gillette Super Thin Blade 5+1(1x1000Pcs),20,pcs,0.1496,WH-NPT01,00520251204091816987
00520251204025521037,12/5/2025,TPK Inv [ 10 ] ,VO99038,66.72,C,005,5378726,8378725,C00504397,Cherry Mart,0105113002,Gillette Super Thin Blade 5+1(1x1000Pcs),20,pcs,0.1496,WH-NPT01,00520251204093018783
01620251204041102773,12/5/2025,"Inv-14, Bago, WAW",VO99083,207.85,C,016,5379706,8379705,C01601194,?????,0105113002,Gillette Super Thin Blade 5+1(1x1000Pcs),40,pcs,0.2992,WH-BGO99,01620251204033004017
01820251204030452237,12/5/2025,Down Town Invo-10 SML,VO99068,50.09,C,018,5379603,8379602,C01800425,??????,0105113002,Gillette Super Thin Blade 5+1(1x1000Pcs),40,pcs,0.2992,WH-TGU01,01820251204024155470
01620251204041102773,12/5/2025,"Inv-14, Bago, WAW",VO99083,207.85,C,016,5379559,8379558,C01601178,??????,0105113002,Gillette Super Thin Blade 5+1(1x1000Pcs),100,pcs,0.748,WH-BGO99,01620251204022348317
01120251204025619813,12/5/2025,"TKS,PHM,Inv-15",VO99071,50.42,C,011,5379443,8379442,C01104420,????,0105113002,Gillette Super Thin Blade 5+1(1x1000Pcs),40,pcs,0.2992,WH-MGW01,01120251204125909747
01620251204041102773,12/5/2025,"Inv-14, Bago, WAW",VO99083,207.85,C,016,5379483,8379482,C01601220,?????????,0105113002,Gillette Super Thin Blade 5+1(1x1000Pcs),100,pcs,0.748,WH-BGO99,01620251204013816833
01620251204035823093,12/5/2025,"Inv-18, Bago, Thatnatpin, Minywar",VO99082,101.93,C,016,5379517,8379516,C01600889,????????,0105113002,Gillette Super Thin Blade 5+1(1x1000Pcs),40,pcs,0.2992,WH-BGO99,01620251204020234273
01620251204035823093,12/5/2025,"Inv-18, Bago, Thatnatpin, Minywar",VO99082,101.93,C,016,5379524,8379523,C01602624,???????????,0105113002,Gillette Super Thin Blade 5+1(1x1000Pcs),40,pcs,0.2992,WH-BGO99,01620251204020836670
01620251204035823093,12/5/2025,"Inv-18, Bago, Thatnatpin, Minywar",VO99082,101.93,C,016,5379541,8379540,C01600747,?????????????,0105113002,Gillette Super Thin Blade 5+1(1x1000Pcs),60,pcs,0.4488,WH-BGO99,01620251204021740910
00420251204041020073,12/5/2025,VO99023   inv:  19,VO99023,192.56,C,004,5379194,8379193,C00404005,???????????????,0105113002,Gillette Super Thin Blade 5+1(1x1000Pcs),20,pcs,0.1496,WH-MLM01,00420251204111850957
00420251204041020073,12/5/2025,VO99023   inv:  19,VO99023,192.56,C,004,5379195,8379194,C00401614,????????????,0105113002,Gillette Super Thin Blade 5+1(1x1000Pcs),20,pcs,0.1496,WH-MLM01,00420251204111852063
01820251204030452237,12/5/2025,Down Town Invo-10 SML,VO99068,50.09,C,018,5379196,8379195,C01800563,????????,0105113002,Gillette Super Thin Blade 5+1(1x1000Pcs),20,pcs,0.1496,WH-TGU01,01820251204111853417
01620251204035823093,12/5/2025,"Inv-18, Bago, Thatnatpin, Minywar",VO99082,101.93,C,016,5379309,8379308,C01600842,Ko Aung Pyae,0105113002,Gillette Super Thin Blade 5+1(1x1000Pcs),20,pcs,0.1496,WH-BGO99,01620251204114614730
01120251204025619813,12/5/2025,"TKS,PHM,Inv-15",VO99071,50.42,C,011,5379322,8379321,C01101250,?????????,0105113002,Gillette Super Thin Blade 5+1(1x1000Pcs),20,pcs,0.1496,WH-MGW01,01120251204115216083
01620251204035823093,12/5/2025,"Inv-18, Bago, Thatnatpin, Minywar",VO99082,101.93,C,016,5379323,8379322,C01601696,????????????,0105113002,Gillette Super Thin Blade 5+1(1x1000Pcs),40,pcs,0.2992,WH-BGO99,01620251204115217870
00420251204040941813,12/5/2025,VO99098  inv:9,VO99098,21.13,C,004,5379332,8379331,C00400487,????,0105113002,Gillette Super Thin Blade 5+1(1x1000Pcs),40,pcs,0.2992,WH-MLM01,00420251204115821633
00420251204040941813,12/5/2025,VO99098  inv:9,VO99098,21.13,C,004,5379333,8379332,C00400502,??????????????,0105113002,Gillette Super Thin Blade 5+1(1x1000Pcs),40,pcs,0.2992,WH-MLM01,00420251204115822523
00420251204040941813,12/5/2025,VO99098  inv:9,VO99098,21.13,C,004,5379339,8379338,C00400488,????????,0105113002,Gillette Super Thin Blade 5+1(1x1000Pcs),40,pcs,0.2992,WH-MLM01,00420251204120125120
00420251204040941813,12/5/2025,VO99098  inv:9,VO99098,21.13,C,004,5379340,8379339,C00405012,????????????,0105113002,Gillette Super Thin Blade 5+1(1x1000Pcs),40,pcs,0.2992,WH-MLM01,00420251204120127773
00420251204040941813,12/5/2025,VO99098  inv:9,VO99098,21.13,C,004,5379341,8379340,C00402978,????????????,0105113002,Gillette Super Thin Blade 5+1(1x1000Pcs),40,pcs,0.2992,WH-MLM01,00420251204120129137
01620251204041102773,12/5/2025,"Inv-14, Bago, WAW",VO99083,207.85,C,016,5379342,8379341,C01601240,??????????,0105113002,Gillette Super Thin Blade 5+1(1x1000Pcs),20,pcs,0.1496,WH-BGO99,01620251204120130967
00420251204040941813,12/5/2025,VO99098  inv:9,VO99098,21.13,C,004,5379346,8379345,C00404328,????????,0105113002,Gillette Super Thin Blade 5+1(1x1000Pcs),40,pcs,0.2992,WH-MLM01,00420251204120432943
00520251204025447907,12/5/2025,"MMZ ,KS Inv [ 31 ]",VO99028,156.27,C,005,5379385,8379384,C00502308,??????????,0105113002,Gillette Super Thin Blade 5+1(1x1000Pcs),30,pcs,0.2244,WH-NPT01,00520251204122243240
00520251204025447907,12/5/2025,"MMZ ,KS Inv [ 31 ]",VO99028,156.27,C,005,5379386,8379385,C00502204,???????????,0105113002,Gillette Super Thin Blade 5+1(1x1000Pcs),20,pcs,0.1496,WH-NPT01,00520251204122244633
00520251204025447907,12/5/2025,"MMZ ,KS Inv [ 31 ]",VO99028,156.27,C,005,5379387,8379386,C00504438,????????????,0105113002,Gillette Super Thin Blade 5+1(1x1000Pcs),30,pcs,0.2244,WH-NPT01,00520251204122245857
00520251204025447907,12/5/2025,"MMZ ,KS Inv [ 31 ]",VO99028,156.27,C,005,5379388,8379387,C00503015,????????????,0105113002,Gillette Super Thin Blade 5+1(1x1000Pcs),30,pcs,0.2244,WH-NPT01,00520251204122246690
00520251204025447907,12/5/2025,"MMZ ,KS Inv [ 31 ]",VO99028,156.27,C,005,5379389,8379388,C00501223,Phyo Pyae Sone,0105113002,Gillette Super Thin Blade 5+1(1x1000Pcs),30,pcs,0.2244,WH-NPT01,00520251204122247787
00520251204025447907,12/5/2025,"MMZ ,KS Inv [ 31 ]",VO99028,156.27,C,005,5379395,8379394,C00500317,????????????,0105113002,Gillette Super Thin Blade 5+1(1x1000Pcs),30,pcs,0.2244,WH-NPT01,00520251204122549040
00520251204025447907,12/5/2025,"MMZ ,KS Inv [ 31 ]",VO99028,156.27,C,005,5379396,8379395,C00500002,??????????,0105113002,Gillette Super Thin Blade 5+1(1x1000Pcs),30,pcs,0.2244,WH-NPT01,00520251204122550017
00520251204025447907,12/5/2025,"MMZ ,KS Inv [ 31 ]",VO99028,156.27,C,005,5379397,8379396,C00503162,?????????,0105113002,Gillette Super Thin Blade 5+1(1x1000Pcs),20,pcs,0.1496,WH-NPT01,00520251204122550867
00520251204025447907,12/5/2025,"MMZ ,KS Inv [ 31 ]",VO99028,156.27,C,005,5379399,8379398,C00503111,Three Seasons,0105113002,Gillette Super Thin Blade 5+1(1x1000Pcs),30,pcs,0.2244,WH-NPT01,00520251204122552950
00520251204025447907,12/5/2025,"MMZ ,KS Inv [ 31 ]",VO99028,156.27,C,005,5379398,8379397,C00503625,??????,0105113002,Gillette Super Thin Blade 5+1(1x1000Pcs),30,pcs,0.2244,WH-NPT01,00520251204122551863
00520251204025447907,12/5/2025,"MMZ ,KS Inv [ 31 ]",VO99028,156.27,C,005,5379407,8379406,C00501020,????????,0105113002,Gillette Super Thin Blade 5+1(1x1000Pcs),40,pcs,0.2992,WH-NPT01,00520251204122857123
00520251204025447907,12/5/2025,"MMZ ,KS Inv [ 31 ]",VO99028,156.27,C,005,5379409,8379408,C00501613,?????????????,0105113002,Gillette Super Thin Blade 5+1(1x1000Pcs),10,pcs,0.0748,WH-NPT01,00520251204122858547
00120251204055252693,12/5/2025,LT/PBD/LMD                 Inv;22,VO99012,81.7,C,001,5378968,8378967,C00100975,???????-(1),0201112017,Ensure Gold Strawberry 400gm (1x24Pcs),2,pcs,1.048333,DC-YGN01,00120251204103322120
00120251204055252693,12/5/2025,LT/PBD/LMD                 Inv;22,VO99012,81.7,C,001,5378968,8378967,C00100975,???????-(1),0201112018,Ensure Gold Strawberry 850gm (1x12Pcs),2,pcs,2.158333,DC-YGN01,00120251204103322120
01620251204041102773,12/5/2025,"Inv-14, Bago, WAW",VO99083,207.85,C,016,5378966,8378965,C01602575,?????????,0201112018,Ensure Gold Strawberry 850gm (1x12Pcs),3,pcs,3.2375,WH-BGO99,01620251204103318797
00120251204055425190,12/5/2025,S.DGN/SEIKKAN SHOP-26,VO99060,84.41,C,001,5378951,8378950,C00105769,??????????,0201112018,Ensure Gold Strawberry 850gm (1x12Pcs),2,pcs,2.158333,DC-YGN01,00120251204102951780
00120251204055425190,12/5/2025,S.DGN/SEIKKAN SHOP-26,VO99060,84.41,C,001,5378938,8378937,C00136919,???????????,0201112018,Ensure Gold Strawberry 850gm (1x12Pcs),2,pcs,2.158333,DC-YGN01,00120251204102207700
00520251204025338507,12/5/2025,OCJN Inv [ 5 ] ,VO99038,58.67,C,005,5379028,8379027,C00500907,Ocean-NPT-JN,0201112018,Ensure Gold Strawberry 850gm (1x12Pcs),12,pcs,12.95,WH-NPT01,00520251204104705960
00220251204030516657,12/5/2025,INV(27),VO99018,210.62,C,002,5379020,8379019,C00213050,???????,0201112018,Ensure Gold Strawberry 850gm (1x12Pcs),2,pcs,2.158333,WH-MDY01,00220251204104220043
00120251204055150310,12/5/2025,AL/BH/KMD/SC                         Inv;17,VO99004,207.16,C,001,5378985,8378984,C00104768,Spirit,0201112018,Ensure Gold Strawberry 850gm (1x12Pcs),1,pcs,1.079167,DC-YGN01,00120251204103408907
00520251204025338507,12/5/2025,OCJN Inv [ 5 ] ,VO99038,58.67,C,005,5379039,8379038,C00500918,City Care-NPT-JN,0201112018,Ensure Gold Strawberry 850gm (1x12Pcs),6,pcs,6.475,WH-NPT01,00520251204104739107
00120251204055520713,12/5/2025,NOKL SHOP-44,VO99045,173.34,C,001,5379032,8379031,C00127657,AM Pharmacy,0201112018,Ensure Gold Strawberry 850gm (1x12Pcs),1,pcs,1.079167,DC-YGN01,00120251204104717453
01120251204025619813,12/5/2025,"TKS,PHM,Inv-15",VO99071,50.42,C,011,5379145,8379144,C01100478,????????????????,0201112018,Ensure Gold Strawberry 850gm (1x12Pcs),1,pcs,1.079167,WH-MGW01,01120251204110642540
00120251204055355003,12/5/2025,MGLD SHOP-11,VO99061,170.32,C,001,5379163,8379162,C00129329,???????,0201112018,Ensure Gold Strawberry 850gm (1x12Pcs),2,pcs,2.158333,DC-YGN01,00120251204111008883
00220251204030608007,12/5/2025,INV(19),VO99040,140.01,C,002,5379112,8379111,C00214308,Angel,0201112018,Ensure Gold Strawberry 850gm (1x12Pcs),24,pcs,25.9,WH-MDY01,00220251204110130627
00120251204055520713,12/5/2025,NOKL SHOP-44,VO99045,173.34,C,001,5379122,8379121,C00133041,???????????,0201112018,Ensure Gold Strawberry 850gm (1x12Pcs),1,pcs,1.079167,DC-YGN01,00120251204110331723
00120251204055331843,12/5/2025,HTY SHOP-40,VO99063,172.61,C,001,5378723,8378722,C00135721,???????,0201112018,Ensure Gold Strawberry 850gm (1x12Pcs),3,pcs,3.2375,DC-YGN01,00120251204092805887
01620251204035823093,12/5/2025,"Inv-18, Bago, Thatnatpin, Minywar",VO99082,101.93,C,016,5378623,8378622,C01602259,Lilly Organics (Bago),0201112018,Ensure Gold Strawberry 850gm (1x12Pcs),3,pcs,3.2375,WH-BGO99,01620251203115928303
00220251204030447237,12/5/2025,INV(24),VO99017,270.54,C,002,5378280,8378279,C00200213,G 1,0201112018,Ensure Gold Strawberry 850gm (1x12Pcs),2,pcs,2.158333,WH-MDY01,00220251203020253127
00520251204025447907,12/5/2025,"MMZ ,KS Inv [ 31 ]",VO99028,156.27,C,005,5378849,8378848,C00500021,????????,0201112018,Ensure Gold Strawberry 850gm (1x12Pcs),2,pcs,2.158333,WH-NPT01,00520251204100046910
00520251204025447907,12/5/2025,"MMZ ,KS Inv [ 31 ]",VO99028,156.27,C,005,5378812,8378811,C00500010,???????????,0201112018,Ensure Gold Strawberry 850gm (1x12Pcs),1,pcs,1.079167,WH-NPT01,00520251204095437977
00120251204055218913,12/5/2025,MGLTN/Tamwe                       Inv;23,VO99005,106.64,C,001,5378824,8378823,C00102147,??????????????,0201112018,Ensure Gold Strawberry 850gm (1x12Pcs),3,pcs,3.2375,DC-YGN01,00120251204095553927
00720251204041153110,12/5/2025,inv 16,VO99052,117.9,C,007,5378835,8378834,C00702807,???????-?,0201112018,Ensure Gold Strawberry 850gm (1x12Pcs),5,pcs,5.395833,WH-PTN01,00720251204095745497
00520251204025447907,12/5/2025,"MMZ ,KS Inv [ 31 ]",VO99028,156.27,C,005,5378770,8378769,C00503645,????(?????????),0201112018,Ensure Gold Strawberry 850gm (1x12Pcs),1,pcs,1.079167,WH-NPT01,00520251204094528177
00520251204025447907,12/5/2025,"MMZ ,KS Inv [ 31 ]",VO99028,156.27,C,005,5379407,8379406,C00501020,????????,0201112018,Ensure Gold Strawberry 850gm (1x12Pcs),1,pcs,1.079167,WH-NPT01,00520251204122857123
00220251204030542770,12/5/2025,INV(21),VO99019,74.42,C,002,5379417,8379416,C00200648,????,0201112018,Ensure Gold Strawberry 850gm (1x12Pcs),5,pcs,5.395833,WH-MDY01,00220251204123759473
00120251204055453930,12/5/2025,NDG/EDG                 Inv;19,VO99043,65.06,C,001,5379392,8379391,C00106996,??????????,0201112018,Ensure Gold Strawberry 850gm (1x12Pcs),3,pcs,3.2375,DC-YGN01,00120251204122453067
00120251204055150310,12/5/2025,AL/BH/KMD/SC                         Inv;17,VO99004,207.16,C,001,5379368,8379367,C00101770,?????????????,0201112018,Ensure Gold Strawberry 850gm (1x12Pcs),1,pcs,1.079167,DC-YGN01,00120251204121236863
00120251204055303940,12/5/2025,TGG SHOP-29,VO99106,118.32,C,001,5379345,8379344,C00144823,24 Hour,0201112018,Ensure Gold Strawberry 850gm (1x12Pcs),2,pcs,2.158333,DC-YGN01,00120251204120315120
00120251204055453930,12/5/2025,NDG/EDG                 Inv;19,VO99043,65.06,C,001,5379351,8379350,C00110309,????,0201112018,Ensure Gold Strawberry 850gm (1x12Pcs),5,pcs,5.395833,DC-YGN01,00120251204120618597
00120251204055218913,12/5/2025,MGLTN/Tamwe                       Inv;23,VO99005,106.64,C,001,5379320,8379319,C00144459,365 Pharmacy 12 - KMD,0201112018,Ensure Gold Strawberry 850gm (1x12Pcs),1,pcs,1.079167,DC-YGN01,00120251204115053067
00620251204032832147,12/5/2025,V54(1),VO99054,31.89,C,006,5379329,8379328,C00603044,Shwe Kids,0201112018,Ensure Gold Strawberry 850gm (1x12Pcs),1,pcs,1.079167,WH-TGI02,00620251204115520527
00120251204055150310,12/5/2025,AL/BH/KMD/SC                         Inv;17,VO99004,207.16,C,001,5379304,8379303,C00101900,U Soe Win,0201112018,Ensure Gold Strawberry 850gm (1x12Pcs),1,pcs,1.079167,DC-YGN01,00120251204114139830
01120251204025619813,12/5/2025,"TKS,PHM,Inv-15",VO99071,50.42,C,011,5379295,8379294,C01100489,??????????????,0201112018,Ensure Gold Strawberry 850gm (1x12Pcs),5,pcs,5.395833,WH-MGW01,01120251204114008480
00220251204030447237,12/5/2025,INV(24),VO99017,270.54,C,002,5379271,8379270,C00215754,????????????????????,0201112018,Ensure Gold Strawberry 850gm (1x12Pcs),3,pcs,3.2375,WH-MDY01,00220251204113445177
00220251204030341233,12/5/2025,city 19,VO99036,45.66,C,002,5379238,8379237,C00207683,City Mart - 19th,0201112018,Ensure Gold Strawberry 850gm (1x12Pcs),12,pcs,12.95,WH-MDY01,00220251204112907447
00120251204055520713,12/5/2025,NOKL SHOP-44,VO99045,173.34,C,001,5379243,8379242,C00105818,????????????,0201112018,Ensure Gold Strawberry 850gm (1x12Pcs),1,pcs,1.079167,DC-YGN01,00120251204112913160
00120251204055218913,12/5/2025,MGLTN/Tamwe                       Inv;23,VO99005,106.64,C,001,5379257,8379256,C00138673,365 Pharmacy (6) - Tamwe,0201112018,Ensure Gold Strawberry 850gm (1x12Pcs),1,pcs,1.079167,DC-YGN01,00120251204113218237
00520251204025551447,12/5/2025,OT Inv [ 6 ] ,VO99038,74.49,C,005,5379228,8379227,C00501662,Ocean-NPT-OTTR,0201112018,Ensure Gold Strawberry 850gm (1x12Pcs),12,pcs,12.95,WH-NPT01,00520251204112727930
00520251204025551447,12/5/2025,OT Inv [ 6 ] ,VO99038,74.49,C,005,5379229,8379228,C00501663,City Care-NPT-OTTR,0201112018,Ensure Gold Strawberry 850gm (1x12Pcs),6,pcs,6.475,WH-NPT01,00520251204112759177
00220251204030328153,12/5/2025,OCDP,VO99036,67.31,C,002,5379232,8379231,C00202989,Ocean-MDY-DP,0201112018,Ensure Gold Strawberry 850gm (1x12Pcs),36,pcs,38.85,WH-MDY01,00220251204112828470
00220251204030356177,12/5/2025,OC 73,VO99036,34.09,C,002,5379234,8379233,C00205333,Ocean-MDY-73th,0201112018,Ensure Gold Strawberry 850gm (1x12Pcs),24,pcs,25.9,WH-MDY01,00220251204112847587
01620251204035823093,12/5/2025,"Inv-18, Bago, Thatnatpin, Minywar",VO99082,101.93,C,016,5379541,8379540,C01600747,?????????????,0201112018,Ensure Gold Strawberry 850gm (1x12Pcs),5,pcs,5.395833,WH-BGO99,01620251204021740910
00120251204055303940,12/5/2025,TGG SHOP-29,VO99106,118.32,C,001,5379535,8379534,C00102317,AAA,0201112018,Ensure Gold Strawberry 850gm (1x12Pcs),3,pcs,3.2375,DC-YGN01,00120251204021440287
00120251204055453930,12/5/2025,NDG/EDG                 Inv;19,VO99043,65.06,C,001,5379510,8379509,C00123834,Infinity (1),0201112018,Ensure Gold Strawberry 850gm (1x12Pcs),2,pcs,2.158333,DC-YGN01,00120251204015923067
00620251204032832147,12/5/2025,V54(1),VO99054,31.89,C,006,5379511,8379510,C00600412,?????,0201112018,Ensure Gold Strawberry 850gm (1x12Pcs),1,pcs,1.079167,WH-TGI02,00620251204015931630
00120251204055453930,12/5/2025,NDG/EDG                 Inv;19,VO99043,65.06,C,001,5379513,8379512,C00112364,Infinity (2),0201112018,Ensure Gold Strawberry 850gm (1x12Pcs),2,pcs,2.158333,DC-YGN01,00120251204020224407
00120251204055453930,12/5/2025,NDG/EDG                 Inv;19,VO99043,65.06,C,001,5379514,8379513,C00149748,Infinity(3),0201112018,Ensure Gold Strawberry 850gm (1x12Pcs),2,pcs,2.158333,DC-YGN01,00120251204020225977
00220251204030516657,12/5/2025,INV(27),VO99018,210.62,C,002,5379485,8379484,C00200928,Shwe Moe,0201112018,Ensure Gold Strawberry 850gm (1x12Pcs),6,pcs,6.475,WH-MDY01,00220251204014112397
00120251204055218913,12/5/2025,MGLTN/Tamwe                       Inv;23,VO99005,106.64,C,001,5379488,8379487,C00100432,?????,0201112018,Ensure Gold Strawberry 850gm (1x12Pcs),2,pcs,2.158333,DC-YGN01,00120251204014115987
00720251204041153110,12/5/2025,inv 16,VO99052,117.9,C,007,5379493,8379492,C00700176,?????????,0201112018,Ensure Gold Strawberry 850gm (1x12Pcs),5,pcs,5.395833,WH-PTN01,00720251204014122080
00220251204030419380,12/5/2025,INV(12),VO99016,49.15,C,002,5379498,8379497,C00200791,??????????,0201112018,Ensure Gold Strawberry 850gm (1x12Pcs),12,pcs,12.95,WH-MDY01,00220251204014713853
00220251204030516657,12/5/2025,INV(27),VO99018,210.62,C,002,5379509,8379508,C00200867,?????????,0201112018,Ensure Gold Strawberry 850gm (1x12Pcs),24,pcs,25.9,WH-MDY01,00220251204015919483
01620251204035823093,12/5/2025,"Inv-18, Bago, Thatnatpin, Minywar",VO99082,101.93,C,016,5379468,8379467,C01602678,????? ??????????????,0201112018,Ensure Gold Strawberry 850gm (1x12Pcs),3,pcs,3.2375,WH-BGO99,01620251204012913247
00720251204041153110,12/5/2025,inv 16,VO99052,117.9,C,007,5379482,8379481,C00702863,??? ????????,0201112018,Ensure Gold Strawberry 850gm (1x12Pcs),3,pcs,3.2375,WH-PTN01,00720251204013815497
00120251204055455197,12/5/2025,"SOKL,YK SHOP-20",VO99046,139.57,C,001,5379568,8379567,C00108446,??????????,0201112018,Ensure Gold Strawberry 850gm (1x12Pcs),2,pcs,2.158333,DC-YGN01,00120251204022955267
00120251204055425190,12/5/2025,S.DGN/SEIKKAN SHOP-26,VO99060,84.41,C,001,5379570,8379569,C00128307,???????,0201112018,Ensure Gold Strawberry 850gm (1x12Pcs),1,pcs,1.079167,DC-YGN01,00120251204022957887
00720251204041153110,12/5/2025,inv 16,VO99052,117.9,C,007,5379601,8379600,C00700183,??????????,0201112018,Ensure Gold Strawberry 850gm (1x12Pcs),1,pcs,1.079167,WH-PTN01,00720251204024152390
00120251204055312437,12/5/2025,HL/KMY                  Inv;21,VO99032,71.52,C,001,5379638,8379637,C00106581,????????,0201112018,Ensure Gold Strawberry 850gm (1x12Pcs),12,pcs,12.95,DC-YGN01,00120251204024828763
00220251204040217037,12/5/2025,INV(5),VO99016,119.09,C,002,5379659,8379658,C00201079,????,0201112018,Ensure Gold Strawberry 850gm (1x12Pcs),2,pcs,2.158333,WH-MDY01,00220251204030011670
00220251204040217037,12/5/2025,INV(5),VO99016,119.09,C,002,5379657,8379656,C00200366,????????,0201112018,Ensure Gold Strawberry 850gm (1x12Pcs),6,pcs,6.475,WH-MDY01,00220251204030001080
00220251204040217037,12/5/2025,INV(5),VO99016,119.09,C,002,5379729,8379728,C00214901,Home Mart,0201112018,Ensure Gold Strawberry 850gm (1x12Pcs),2,pcs,2.158333,WH-MDY01,00220251204034828640
00720251204041307187,12/5/2025,inv 5 OCPT,VO99052,199.6,C,007,5379734,8379733,C00701841,Ocean - PT,0201112018,Ensure Gold Strawberry 850gm (1x12Pcs),48,pcs,51.8,WH-PTN01,00720251204035641817
00720251204041307187,12/5/2025,inv 5 OCPT,VO99052,199.6,C,007,5379736,8379735,C00700302,City Care - PT,0201112018,Ensure Gold Strawberry 850gm (1x12Pcs),36,pcs,38.85,WH-PTN01,00720251204035709290
00720251204052110033,12/5/2025,Inv 8,VO99052,94.34,C,007,5379738,8379737,C00700046,?????????,0201112018,Ensure Gold Strawberry 850gm (1x12Pcs),12,pcs,12.95,WH-PTN01,00720251204094833240
00120251204055520713,12/5/2025,NOKL SHOP-44,VO99045,173.34,C,001,5379689,8379688,C00107727,?????-?,0201112025,Ensure Gold Vanilla 380gm (1x24Pcs),3,pcs,1.55,DC-YGN01,00120251204031939430
00120251204055312437,12/5/2025,HL/KMY                  Inv;21,VO99032,71.52,C,001,5379595,8379594,C00135567,????????,0201112025,Ensure Gold Vanilla 380gm (1x24Pcs),2,pcs,1.033333,DC-YGN01,00120251204023908330
00120251204055453930,12/5/2025,NDG/EDG                 Inv;19,VO99043,65.06,C,001,5379607,8379606,C00135009,??????????,0201112025,Ensure Gold Vanilla 380gm (1x24Pcs),1,pcs,0.516667,DC-YGN01,00120251204024220723
00120251204055520713,12/5/2025,NOKL SHOP-44,VO99045,173.34,C,001,5379504,8379503,C00140523,??????????????????????,0201112025,Ensure Gold Vanilla 380gm (1x24Pcs),2,pcs,1.033333,DC-YGN01,00120251204015320573
00120251204055331843,12/5/2025,HTY SHOP-40,VO99063,172.61,C,001,5379299,8379298,C00107968,??????????,0201112025,Ensure Gold Vanilla 380gm (1x24Pcs),2,pcs,1.033333,DC-YGN01,00120251204114133090
00120251204125229717,12/5/2025,"Pakokku ( iNV - 1 ) , Abb & SB ",VO99014,43.92,C,001,5379348,8379347,C00202760,SD-MDY-Pakokku,0201112025,Ensure Gold Vanilla 380gm (1x24Pcs),24,pcs,12.4,WH-MDY01,00120251204120501767
00120251204055218913,12/5/2025,MGLTN/Tamwe                       Inv;23,VO99005,106.64,C,001,5379357,8379356,C00101238,????????,0201112025,Ensure Gold Vanilla 380gm (1x24Pcs),2,pcs,1.033333,DC-YGN01,00120251204120925123
00120251204055520713,12/5/2025,NOKL SHOP-44,VO99045,173.34,C,001,5379410,8379409,C00129445,???????,0201112025,Ensure Gold Vanilla 380gm (1x24Pcs),2,pcs,1.033333,DC-YGN01,00120251204123059790
00120251204055331843,12/5/2025,HTY SHOP-40,VO99063,172.61,C,001,5378844,8378843,C00103414,???????????,0201112025,Ensure Gold Vanilla 380gm (1x24Pcs),1,pcs,0.516667,DC-YGN01,00120251204095902280
00120251204055331843,12/5/2025,HTY SHOP-40,VO99063,172.61,C,001,5378865,8378864,C00107424,?????????,0201112025,Ensure Gold Vanilla 380gm (1x24Pcs),1,pcs,0.516667,DC-YGN01,00120251204100515260
00120251204055520713,12/5/2025,NOKL SHOP-44,VO99045,173.34,C,001,5378663,8378662,C00101580,???????,0201112025,Ensure Gold Vanilla 380gm (1x24Pcs),1,pcs,0.516667,DC-YGN01,00120251204090931240
00120251204022449160,12/5/2025,CPT-TKT     INV--2,VO99008,37.1,C,001,5378724,8378723,C00102574,Capital - TKT,0201112025,Ensure Gold Vanilla 380gm (1x24Pcs),18,pcs,9.3,DC-YGN01,00120251204092859750
00120251204055331843,12/5/2025,HTY SHOP-40,VO99063,172.61,C,001,5378998,8378997,C00150340,????????,0201112025,Ensure Gold Vanilla 380gm (1x24Pcs),1,pcs,0.516667,DC-YGN01,00120251204103725490
00120251204055331843,12/5/2025,HTY SHOP-40,VO99063,172.61,C,001,5378926,8378925,C00115750,????????,0201112025,Ensure Gold Vanilla 380gm (1x24Pcs),1,pcs,0.516667,DC-YGN01,00120251204101800547
00120251204055252693,12/5/2025,LT/PBD/LMD                 Inv;22,VO99012,81.7,C,001,5378980,8378979,C00135126,?????????????,0201112025,Ensure Gold Vanilla 380gm (1x24Pcs),2,pcs,1.033333,DC-YGN01,00120251204103401960
00220251204030608007,12/5/2025,INV(19),VO99040,140.01,C,002,5378931,8378930,C00213211,????????,0201112026,Ensure Gold Vanilla 800gm (1x12Pcs),3,pcs,3.06,WH-MDY01,00220251204101908987
00520251204025338507,12/5/2025,OCJN Inv [ 5 ] ,VO99038,58.67,C,005,5379028,8379027,C00500907,Ocean-NPT-JN,0201112026,Ensure Gold Vanilla 800gm (1x12Pcs),12,pcs,12.24,WH-NPT01,00520251204104705960
00520251204025338507,12/5/2025,OCJN Inv [ 5 ] ,VO99038,58.67,C,005,5379039,8379038,C00500918,City Care-NPT-JN,0201112026,Ensure Gold Vanilla 800gm (1x12Pcs),6,pcs,6.12,WH-NPT01,00520251204104739107
00220251204030447237,12/5/2025,INV(24),VO99017,270.54,C,002,5379040,8379039,C00200308,???????????????,0201112026,Ensure Gold Vanilla 800gm (1x12Pcs),1,pcs,1.02,WH-MDY01,00220251204104824630
00220251204030447237,12/5/2025,INV(24),VO99017,270.54,C,002,5379058,8379057,C00201258,?????????,0201112026,Ensure Gold Vanilla 800gm (1x12Pcs),2,pcs,2.04,WH-MDY01,00220251204105140963
00220251204030608007,12/5/2025,INV(19),VO99040,140.01,C,002,5379112,8379111,C00214308,Angel,0201112026,Ensure Gold Vanilla 800gm (1x12Pcs),12,pcs,12.24,WH-MDY01,00220251204110130627
00220251204030419380,12/5/2025,INV(12),VO99016,49.15,C,002,5379168,8379167,C00201758,?????????,0201112026,Ensure Gold Vanilla 800gm (1x12Pcs),5,pcs,5.1,WH-MDY01,00220251204111034570
00220251204030516657,12/5/2025,INV(27),VO99018,210.62,C,002,5378742,8378741,C00214911,????????????,0201112026,Ensure Gold Vanilla 800gm (1x12Pcs),1,pcs,1.02,WH-MDY01,00220251204093623153
00220251204030447237,12/5/2025,INV(24),VO99017,270.54,C,002,5378280,8378279,C00200213,G 1,0201112026,Ensure Gold Vanilla 800gm (1x12Pcs),2,pcs,2.04,WH-MDY01,00220251203020253127
00220251204030447237,12/5/2025,INV(24),VO99017,270.54,C,002,5378477,8378476,C00201039,??????????(?),0201112026,Ensure Gold Vanilla 800gm (1x12Pcs),2,pcs,2.04,WH-MDY01,00220251203025132533
00620251204032832147,12/5/2025,V54(1),VO99054,31.89,C,006,5378227,8378226,C00602365,?????????,0201112026,Ensure Gold Vanilla 800gm (1x12Pcs),1,pcs,1.02,WH-TGI02,00620251203015145690
00220251204030608007,12/5/2025,INV(19),VO99040,140.01,C,002,5378600,8378599,C00211606,????????,0201112026,Ensure Gold Vanilla 800gm (1x12Pcs),3,pcs,3.06,WH-MDY01,00220251203020121797
00220251204030516657,12/5/2025,INV(27),VO99018,210.62,C,002,5378769,8378768,C00216559,??????,0201112026,Ensure Gold Vanilla 800gm (1x12Pcs),3,pcs,3.06,WH-MDY01,00220251204094525607
00220251204030516657,12/5/2025,INV(27),VO99018,210.62,C,002,5378831,8378830,C00202881,???????,0201112026,Ensure Gold Vanilla 800gm (1x12Pcs),5,pcs,5.1,WH-MDY01,00220251204095733617
00520251204025447907,12/5/2025,"MMZ ,KS Inv [ 31 ]",VO99028,156.27,C,005,5378833,8378832,C00500025,???????????,0201112026,Ensure Gold Vanilla 800gm (1x12Pcs),3,pcs,3.06,WH-NPT01,00520251204095743020
00520251204025447907,12/5/2025,"MMZ ,KS Inv [ 31 ]",VO99028,156.27,C,005,5378834,8378833,C00502716,??????,0201112026,Ensure Gold Vanilla 800gm (1x12Pcs),1,pcs,1.02,WH-NPT01,00520251204095744137
00520251204025447907,12/5/2025,"MMZ ,KS Inv [ 31 ]",VO99028,156.27,C,005,5378812,8378811,C00500010,???????????,0201112026,Ensure Gold Vanilla 800gm (1x12Pcs),1,pcs,1.02,WH-NPT01,00520251204095437977
00520251204025447907,12/5/2025,"MMZ ,KS Inv [ 31 ]",VO99028,156.27,C,005,5379407,8379406,C00501020,????????,0201112026,Ensure Gold Vanilla 800gm (1x12Pcs),4,pcs,4.08,WH-NPT01,00520251204122857123
00520251204025447907,12/5/2025,"MMZ ,KS Inv [ 31 ]",VO99028,156.27,C,005,5379386,8379385,C00502204,???????????,0201112026,Ensure Gold Vanilla 800gm (1x12Pcs),1,pcs,1.02,WH-NPT01,00520251204122244633
00120251204125229717,12/5/2025,"Pakokku ( iNV - 1 ) , Abb & SB ",VO99014,43.92,C,001,5379348,8379347,C00202760,SD-MDY-Pakokku,0201112026,Ensure Gold Vanilla 800gm (1x12Pcs),12,pcs,12.24,WH-MDY01,00120251204120501767
00620251204032832147,12/5/2025,V54(1),VO99054,31.89,C,006,5379329,8379328,C00603044,Shwe Kids,0201112026,Ensure Gold Vanilla 800gm (1x12Pcs),1,pcs,1.02,WH-TGI02,00620251204115520527
00720251204041153110,12/5/2025,inv 16,VO99052,117.9,C,007,5379267,8379266,C00700020,???????,0201112026,Ensure Gold Vanilla 800gm (1x12Pcs),2,pcs,2.04,WH-PTN01,00720251204113406667
01120251204025619813,12/5/2025,"TKS,PHM,Inv-15",VO99071,50.42,C,011,5379248,8379247,C01100487,????,0201112026,Ensure Gold Vanilla 800gm (1x12Pcs),2,pcs,2.04,WH-MGW01,01120251204113103670
00220251204030341233,12/5/2025,city 19,VO99036,45.66,C,002,5379238,8379237,C00207683,City Mart - 19th,0201112026,Ensure Gold Vanilla 800gm (1x12Pcs),12,pcs,12.24,WH-MDY01,00220251204112907447
00220251204030356177,12/5/2025,OC 73,VO99036,34.09,C,002,5379234,8379233,C00205333,Ocean-MDY-73th,0201112026,Ensure Gold Vanilla 800gm (1x12Pcs),12,pcs,12.24,WH-MDY01,00220251204112847587
00220251204030328153,12/5/2025,OCDP,VO99036,67.31,C,002,5379232,8379231,C00202989,Ocean-MDY-DP,0201112026,Ensure Gold Vanilla 800gm (1x12Pcs),24,pcs,24.48,WH-MDY01,00220251204112828470
00520251204025551447,12/5/2025,OT Inv [ 6 ] ,VO99038,74.49,C,005,5379229,8379228,C00501663,City Care-NPT-OTTR,0201112026,Ensure Gold Vanilla 800gm (1x12Pcs),6,pcs,6.12,WH-NPT01,00520251204112759177
01620251204035823093,12/5/2025,"Inv-18, Bago, Thatnatpin, Minywar",VO99082,101.93,C,016,5379216,8379215,C01602145,????????????,0201112026,Ensure Gold Vanilla 800gm (1x12Pcs),1,pcs,1.02,WH-BGO99,01620251204112500943
01820251204030452237,12/5/2025,Down Town Invo-10 SML,VO99068,50.09,C,018,5379196,8379195,C01800563,????????,0201112026,Ensure Gold Vanilla 800gm (1x12Pcs),3,pcs,3.06,WH-TGU01,01820251204111853417
00720251204041153110,12/5/2025,inv 16,VO99052,117.9,C,007,5379496,8379495,C00700181,?????????????,0201112026,Ensure Gold Vanilla 800gm (1x12Pcs),2,pcs,2.04,WH-PTN01,00720251204014425090
00220251204030516657,12/5/2025,INV(27),VO99018,210.62,C,002,5379485,8379484,C00200928,Shwe Moe,0201112026,Ensure Gold Vanilla 800gm (1x12Pcs),6,pcs,6.12,WH-MDY01,00220251204014112397
00720251204041153110,12/5/2025,inv 16,VO99052,117.9,C,007,5379523,8379522,C00700042,????????????,0201112026,Ensure Gold Vanilla 800gm (1x12Pcs),3,pcs,3.06,WH-PTN01,00720251204020835707
00720251204041153110,12/5/2025,inv 16,VO99052,117.9,C,007,5379482,8379481,C00702863,??? ????????,0201112026,Ensure Gold Vanilla 800gm (1x12Pcs),9,pcs,9.18,WH-PTN01,00720251204013815497
00120251204055433497,12/5/2025,TKT-PZD                  Inv;35,VO99042,125.77,C,001,5379477,8379476,C00134596,????????,0201112026,Ensure Gold Vanilla 800gm (1x12Pcs),2,pcs,2.04,DC-YGN01,00120251204013507593
00120251204055433497,12/5/2025,TKT-PZD                  Inv;35,VO99042,125.77,C,001,5379478,8379477,C00138077,???????????? ?,0201112026,Ensure Gold Vanilla 800gm (1x12Pcs),1,pcs,1.02,DC-YGN01,00120251204013508417
00720251204041153110,12/5/2025,inv 16,VO99052,117.9,C,007,5379601,8379600,C00700183,??????????,0201112026,Ensure Gold Vanilla 800gm (1x12Pcs),1,pcs,1.02,WH-PTN01,00720251204024152390
00220251204030542770,12/5/2025,INV(21),VO99019,74.42,C,002,5379585,8379584,C00205641,Zenith,0201112026,Ensure Gold Vanilla 800gm (1x12Pcs),3,pcs,3.06,WH-MDY01,00220251204023533140
00720251204041153110,12/5/2025,inv 16,VO99052,117.9,C,007,5379690,8379689,C00701345,??????,0201112026,Ensure Gold Vanilla 800gm (1x12Pcs),1,pcs,1.02,WH-PTN01,00720251204032102380
00120251204055333027,12/5/2025,MYG                Inv;23,VO99035,88.27,C,001,5379692,8379691,C00132596,C3,0201112026,Ensure Gold Vanilla 800gm (1x12Pcs),2,pcs,2.04,DC-YGN01,00120251204032240917
00720251204052110033,12/5/2025,Inv 8,VO99052,94.34,C,007,5379738,8379737,C00700046,?????????,0201112026,Ensure Gold Vanilla 800gm (1x12Pcs),12,pcs,12.24,WH-PTN01,00720251204094833240
00720251204041307187,12/5/2025,inv 5 OCPT,VO99052,199.6,C,007,5379736,8379735,C00700302,City Care - PT,0201112026,Ensure Gold Vanilla 800gm (1x12Pcs),24,pcs,24.48,WH-PTN01,00720251204035709290
00720251204041307187,12/5/2025,inv 5 OCPT,VO99052,199.6,C,007,5379734,8379733,C00701841,Ocean - PT,0201112026,Ensure Gold Vanilla 800gm (1x12Pcs),36,pcs,36.72,WH-PTN01,00720251204035641817
00720251204052110033,12/5/2025,Inv 8,VO99052,94.34,C,007,5379754,8379753,C00702312,??????????-?,0201112026,Ensure Gold Vanilla 800gm (1x12Pcs),24,pcs,24.48,WH-PTN01,00720251204044828560
00720251204052110033,12/5/2025,Inv 8,VO99052,94.34,C,007,5379755,8379754,C00700015,????????????,0201112026,Ensure Gold Vanilla 800gm (1x12Pcs),36,pcs,36.72,WH-PTN01,00720251204044830243
00720251204052110033,12/5/2025,Inv 8,VO99052,94.34,C,007,5379758,8379757,C00700528,?????????,0201112026,Ensure Gold Vanilla 800gm (1x12Pcs),1,pcs,1.02,WH-PTN01,00720251204050037553
00220251204040217037,12/5/2025,INV(5),VO99016,119.09,C,002,5379727,8379726,C00200288,?????(??????),0201112026,Ensure Gold Vanilla 800gm (1x12Pcs),6,pcs,6.12,WH-MDY01,00220251204034825590
00420251204040941813,12/5/2025,VO99098  inv:9,VO99098,21.13,C,004,5379674,8379673,C00404729,???????????(?????????????????????????????),0201112027,Ensure Non-HMB Vanilla 380gm (1x24Pcs),12,pcs,5.96,WH-MLM01,00420251204030859883
00420251204040941813,12/5/2025,VO99098  inv:9,VO99098,21.13,C,004,5379675,8379674,C00400466,?????(????????),0201112027,Ensure Non-HMB Vanilla 380gm (1x24Pcs),12,pcs,5.96,WH-MLM01,00420251204030900840
00420251204041020073,12/5/2025,VO99023   inv:  19,VO99023,192.56,C,004,5379490,8379489,C00401965,??????????,0201112027,Ensure Non-HMB Vanilla 380gm (1x24Pcs),1,pcs,0.496667,WH-MLM01,00420251204014118033
00420251204041020073,12/5/2025,VO99023   inv:  19,VO99023,192.56,C,004,5379491,8379490,C00400215,????(?),0201112027,Ensure Non-HMB Vanilla 380gm (1x24Pcs),24,pcs,11.92,WH-MLM01,00420251204014119677
00420251204041020073,12/5/2025,VO99023   inv:  19,VO99023,192.56,C,004,5379195,8379194,C00401614,????????????,0201112027,Ensure Non-HMB Vanilla 380gm (1x24Pcs),12,pcs,5.96,WH-MLM01,00420251204111852063
00420251204041020073,12/5/2025,VO99023   inv:  19,VO99023,192.56,C,004,5378832,8378831,C00400203,?????????,0201112027,Ensure Non-HMB Vanilla 380gm (1x24Pcs),10,pcs,4.966667,WH-MLM01,00420251204095741680
00420251204041020073,12/5/2025,VO99023   inv:  19,VO99023,192.56,C,004,5378741,8378740,C00400589,??????????,0201112027,Ensure Non-HMB Vanilla 380gm (1x24Pcs),2,pcs,0.993333,WH-MLM01,00420251204093622547
00420251204041020073,12/5/2025,VO99023   inv:  19,VO99023,192.56,C,004,5378937,8378936,C00400057,??????????,0201112027,Ensure Non-HMB Vanilla 380gm (1x24Pcs),3,pcs,1.49,WH-MLM01,00420251204102206710
00120251204055252693,12/5/2025,LT/PBD/LMD                 Inv;22,VO99012,81.7,C,001,5378980,8378979,C00135126,?????????????,0203112010,Glucerna Powder (Vanilla) 380g (1x24Pcs),2,pcs,1.033333,DC-YGN01,00120251204103401960
00120251204055150310,12/5/2025,AL/BH/KMD/SC                         Inv;17,VO99004,207.16,C,001,5378971,8378970,C00133830,???????,0203112010,Glucerna Powder (Vanilla) 380g (1x24Pcs),5,pcs,2.583333,DC-YGN01,00120251204103339850
00120251204055520713,12/5/2025,NOKL SHOP-44,VO99045,173.34,C,001,5379014,8379013,C00140882,?????????,0203112010,Glucerna Powder (Vanilla) 380g (1x24Pcs),1,pcs,0.516667,DC-YGN01,00120251204104057960
00120251204055520713,12/5/2025,NOKL SHOP-44,VO99045,173.34,C,001,5379122,8379121,C00133041,???????????,0203112010,Glucerna Powder (Vanilla) 380g (1x24Pcs),1,pcs,0.516667,DC-YGN01,00120251204110331723
00120251204055520713,12/5/2025,NOKL SHOP-44,VO99045,173.34,C,001,5379131,8379130,C00101534,???????????????,0203112010,Glucerna Powder (Vanilla) 380g (1x24Pcs),1,pcs,0.516667,DC-YGN01,00120251204110344450
00120251204055350787,12/5/2025,SPT                 Inv;24,VO99037,152.53,C,001,5379128,8379127,C00136790,????????,0203112010,Glucerna Powder (Vanilla) 380g (1x24Pcs),1,pcs,0.516667,DC-YGN01,00120251204110340973
00120251204055520713,12/5/2025,NOKL SHOP-44,VO99045,173.34,C,001,5379100,8379099,C00100446,????????,0203112010,Glucerna Powder (Vanilla) 380g (1x24Pcs),1,pcs,0.516667,DC-YGN01,00120251204110016740
00120251204055150310,12/5/2025,AL/BH/KMD/SC                         Inv;17,VO99004,207.16,C,001,5379083,8379082,C00130979,Health Link,0203112010,Glucerna Powder (Vanilla) 380g (1x24Pcs),1,pcs,0.516667,DC-YGN01,00120251204105703133
00120251204055252693,12/5/2025,LT/PBD/LMD                 Inv;22,VO99012,81.7,C,001,5379086,8379085,C00138733,??????,0203112010,Glucerna Powder (Vanilla) 380g (1x24Pcs),2,pcs,1.033333,DC-YGN01,00120251204105708453
00120251204055252693,12/5/2025,LT/PBD/LMD                 Inv;22,VO99012,81.7,C,001,5379087,8379086,C00101650,????,0203112010,Glucerna Powder (Vanilla) 380g (1x24Pcs),2,pcs,1.033333,DC-YGN01,00120251204105709570
00120251204055252693,12/5/2025,LT/PBD/LMD                 Inv;22,VO99012,81.7,C,001,5379088,8379087,C00101671,??????,0203112010,Glucerna Powder (Vanilla) 380g (1x24Pcs),2,pcs,1.033333,DC-YGN01,00120251204105710440
00120251204055252693,12/5/2025,LT/PBD/LMD                 Inv;22,VO99012,81.7,C,001,5379070,8379069,C00136505,???????????,0203112010,Glucerna Powder (Vanilla) 380g (1x24Pcs),2,pcs,1.033333,DC-YGN01,00120251204105345833
00120251204055252693,12/5/2025,LT/PBD/LMD                 Inv;22,VO99012,81.7,C,001,5379071,8379070,C00101652,?????,0203112010,Glucerna Powder (Vanilla) 380g (1x24Pcs),2,pcs,1.033333,DC-YGN01,00120251204105347030
00120251204055252693,12/5/2025,LT/PBD/LMD                 Inv;22,VO99012,81.7,C,001,5379072,8379071,C00108355,???????,0203112010,Glucerna Powder (Vanilla) 380g (1x24Pcs),2,pcs,1.033333,DC-YGN01,00120251204105348193
00120251204055252693,12/5/2025,LT/PBD/LMD                 Inv;22,VO99012,81.7,C,001,5379073,8379072,C00101646,????????,0203112010,Glucerna Powder (Vanilla) 380g (1x24Pcs),2,pcs,1.033333,DC-YGN01,00120251204105350570
00120251204055252693,12/5/2025,LT/PBD/LMD                 Inv;22,VO99012,81.7,C,001,5379074,8379073,C00102565,???????,0203112010,Glucerna Powder (Vanilla) 380g (1x24Pcs),2,pcs,1.033333,DC-YGN01,00120251204105351750
00120251204055433497,12/5/2025,TKT-PZD                  Inv;35,VO99042,125.77,C,001,5379076,8379075,C00134441,Sandar,0203112010,Glucerna Powder (Vanilla) 380g (1x24Pcs),2,pcs,1.033333,DC-YGN01,00120251204105354990
00120251204055252693,12/5/2025,LT/PBD/LMD                 Inv;22,VO99012,81.7,C,001,5379078,8379077,C00138327,?????????,0203112010,Glucerna Powder (Vanilla) 380g (1x24Pcs),2,pcs,1.033333,DC-YGN01,00120251204105357183
00120251204055252693,12/5/2025,LT/PBD/LMD                 Inv;22,VO99012,81.7,C,001,5379079,8379078,C00101669,????????,0203112010,Glucerna Powder (Vanilla) 380g (1x24Pcs),2,pcs,1.033333,DC-YGN01,00120251204105358100
00120251204055252693,12/5/2025,LT/PBD/LMD                 Inv;22,VO99012,81.7,C,001,5379080,8379079,C00101679,??????????,0203112010,Glucerna Powder (Vanilla) 380g (1x24Pcs),2,pcs,1.033333,DC-YGN01,00120251204105359583
00120251204055252693,12/5/2025,LT/PBD/LMD                 Inv;22,VO99012,81.7,C,001,5379081,8379080,C00108437,??????????,0203112010,Glucerna Powder (Vanilla) 380g (1x24Pcs),2,pcs,1.033333,DC-YGN01,00120251204105401533
00120251204055520713,12/5/2025,NOKL SHOP-44,VO99045,173.34,C,001,5378625,8378624,C00140056,?????????? ?????,0203112010,Glucerna Powder (Vanilla) 380g (1x24Pcs),2,pcs,1.033333,DC-YGN01,00120251203044603357
00120251204055520713,12/5/2025,NOKL SHOP-44,VO99045,173.34,C,001,5378663,8378662,C00101580,???????,0203112010,Glucerna Powder (Vanilla) 380g (1x24Pcs),1,pcs,0.516667,DC-YGN01,00120251204090931240
00120251204055331843,12/5/2025,HTY SHOP-40,VO99063,172.61,C,001,5378865,8378864,C00107424,?????????,0203112010,Glucerna Powder (Vanilla) 380g (1x24Pcs),1,pcs,0.516667,DC-YGN01,00120251204100515260
00120251204055252693,12/5/2025,LT/PBD/LMD                 Inv;22,VO99012,81.7,C,001,5378892,8378891,C00101068,?????,0203112010,Glucerna Powder (Vanilla) 380g (1x24Pcs),2,pcs,1.033333,DC-YGN01,00120251204101136520
00120251204055350787,12/5/2025,SPT                 Inv;24,VO99037,152.53,C,001,5379244,8379243,C00108247,????,0203112010,Glucerna Powder (Vanilla) 380g (1x24Pcs),2,pcs,1.033333,DC-YGN01,00120251204112915833
00120251204055331843,12/5/2025,HTY SHOP-40,VO99063,172.61,C,001,5379299,8379298,C00107968,??????????,0203112010,Glucerna Powder (Vanilla) 380g (1x24Pcs),2,pcs,1.033333,DC-YGN01,00120251204114133090
00120251204055355003,12/5/2025,MGLD SHOP-11,VO99061,170.32,C,001,5379301,8379300,C00127664,????????????,0203112010,Glucerna Powder (Vanilla) 380g (1x24Pcs),2,pcs,1.033333,DC-YGN01,00120251204114135443
00120251204055150310,12/5/2025,AL/BH/KMD/SC                         Inv;17,VO99004,207.16,C,001,5379304,8379303,C00101900,U Soe Win,0203112010,Glucerna Powder (Vanilla) 380g (1x24Pcs),1,pcs,0.516667,DC-YGN01,00120251204114139830
00120251204055433497,12/5/2025,TKT-PZD                  Inv;35,VO99042,125.77,C,001,5379478,8379477,C00138077,???????????? ?,0203112010,Glucerna Powder (Vanilla) 380g (1x24Pcs),3,pcs,1.55,DC-YGN01,00120251204013508417
00120251204055350787,12/5/2025,SPT                 Inv;24,VO99037,152.53,C,001,5379479,8379478,C00108291,???????????,0203112010,Glucerna Powder (Vanilla) 380g (1x24Pcs),1,pcs,0.516667,DC-YGN01,00120251204013509403
00120251204055433497,12/5/2025,TKT-PZD                  Inv;35,VO99042,125.77,C,001,5379467,8379466,C00134596,????????,0203112010,Glucerna Powder (Vanilla) 380g (1x24Pcs),4,pcs,2.066667,DC-YGN01,00120251204012902653
00120251204055252693,12/5/2025,LT/PBD/LMD                 Inv;22,VO99012,81.7,C,001,5379459,8379458,C00140280,Swan Pharmacy-2,0203112010,Glucerna Powder (Vanilla) 380g (1x24Pcs),5,pcs,2.583333,DC-YGN01,00120251204011351620
00120251204055150310,12/5/2025,AL/BH/KMD/SC                         Inv;17,VO99004,207.16,C,001,5379430,8379429,C00124538,Diamond Mini Mart,0203112010,Glucerna Powder (Vanilla) 380g (1x24Pcs),1,pcs,0.516667,DC-YGN01,00120251204124617870
00120251204055252693,12/5/2025,LT/PBD/LMD                 Inv;22,VO99012,81.7,C,001,5379426,8379425,C00101674,?????,0203112010,Glucerna Powder (Vanilla) 380g (1x24Pcs),2,pcs,1.033333,DC-YGN01,00120251204124313513
00120251204055252693,12/5/2025,LT/PBD/LMD                 Inv;22,VO99012,81.7,C,001,5379427,8379426,C00101657,SAN,0203112010,Glucerna Powder (Vanilla) 380g (1x24Pcs),2,pcs,1.033333,DC-YGN01,00120251204124314533
00120251204055333027,12/5/2025,MYG                Inv;23,VO99035,88.27,C,001,5379588,8379587,C00104400,????,0203112010,Glucerna Powder (Vanilla) 380g (1x24Pcs),2,pcs,1.033333,DC-YGN01,00120251204023606767
00120251204055453930,12/5/2025,NDG/EDG                 Inv;19,VO99043,65.06,C,001,5379607,8379606,C00135009,??????????,0203112010,Glucerna Powder (Vanilla) 380g (1x24Pcs),1,pcs,0.516667,DC-YGN01,00120251204024220723
00120251204055252693,12/5/2025,LT/PBD/LMD                 Inv;22,VO99012,81.7,C,001,5378892,8378891,C00101068,?????,0203112011,Glucerna Powder (Vanilla) 800g (1x12Pcs),1,pcs,1.02,DC-YGN01,00120251204101136520
00520251204025447907,12/5/2025,"MMZ ,KS Inv [ 31 ]",VO99028,156.27,C,005,5378812,8378811,C00500010,???????????,0203112011,Glucerna Powder (Vanilla) 800g (1x12Pcs),1,pcs,1.02,WH-NPT01,00520251204095437977
00520251204025447907,12/5/2025,"MMZ ,KS Inv [ 31 ]",VO99028,156.27,C,005,5378945,8378944,C00500050,????????????,0203112011,Glucerna Powder (Vanilla) 800g (1x12Pcs),1,pcs,1.02,WH-NPT01,00520251204102514880
00120251204055331843,12/5/2025,HTY SHOP-40,VO99063,172.61,C,001,5378723,8378722,C00135721,???????,0206123001,Pediasure 1+ Vanilla 400g  with Mini Peptides (1x24pcs),3,pcs,1.25,DC-YGN01,00120251204092805887
00520251204025447907,12/5/2025,"MMZ ,KS Inv [ 31 ]",VO99028,156.27,C,005,5379397,8379396,C00503162,?????????,0206123001,Pediasure 1+ Vanilla 400g  with Mini Peptides (1x24pcs),2,pcs,0.833333,WH-NPT01,00520251204122550867
00120251204055350787,12/5/2025,SPT                 Inv;24,VO99037,152.53,C,001,5379364,8379363,C00145051,???????,0301122003,BEC1.5oz(1x72),6,pcs,0.803333,DC-YGN01,00120251204121231380
00120251204055150310,12/5/2025,AL/BH/KMD/SC                         Inv;17,VO99004,207.16,C,001,5379381,8379380,C00102542,Grace Mart,0301122003,BEC1.5oz(1x72),6,pcs,0.803333,DC-YGN01,00120251204121848673
00120251204055350787,12/5/2025,SPT                 Inv;24,VO99037,152.53,C,001,5379330,8379329,C00137087,?????????????,0301122003,BEC1.5oz(1x72),6,pcs,0.803333,DC-YGN01,00120251204115702107
00120251204055303940,12/5/2025,TGG SHOP-29,VO99106,118.32,C,001,5379314,8379313,C00102410,?????????,0301122003,BEC1.5oz(1x72),12,pcs,1.606667,DC-YGN01,00120251204114744260
00120251204055312437,12/5/2025,HL/KMY                  Inv;21,VO99032,71.52,C,001,5379316,8379315,C00150141,?????????????????????,0301122003,BEC1.5oz(1x72),6,pcs,0.803333,DC-YGN01,00120251204114746653
00120251204055331843,12/5/2025,HTY SHOP-40,VO99063,172.61,C,001,5379350,8379349,C00124748,?????????,0301122003,BEC1.5oz(1x72),6,pcs,0.803333,DC-YGN01,00120251204120617580
00120251204125229717,12/5/2025,"Pakokku ( iNV - 1 ) , Abb & SB ",VO99014,43.92,C,001,5379348,8379347,C00202760,SD-MDY-Pakokku,0301122003,BEC1.5oz(1x72),144,pcs,19.28,WH-MDY01,00120251204120501767
00120251204055312437,12/5/2025,HL/KMY                  Inv;21,VO99032,71.52,C,001,5379352,8379351,C00114097,??(??????),0301122003,BEC1.5oz(1x72),6,pcs,0.803333,DC-YGN01,00120251204120619770
00120251204055150310,12/5/2025,AL/BH/KMD/SC                         Inv;17,VO99004,207.16,C,001,5379361,8379360,C00101744,????? (???????),0301122003,BEC1.5oz(1x72),18,pcs,2.41,DC-YGN01,00120251204121226277
01820251204030452237,12/5/2025,Down Town Invo-10 SML,VO99068,50.09,C,018,5379308,8379307,C01800554,???????,0301122003,BEC1.5oz(1x72),12,pcs,1.606667,WH-TGU01,01820251204114613527
00120251204055331843,12/5/2025,HTY SHOP-40,VO99063,172.61,C,001,5379299,8379298,C00107968,??????????,0301122003,BEC1.5oz(1x72),12,pcs,1.606667,DC-YGN01,00120251204114133090
00120251204055312437,12/5/2025,HL/KMY                  Inv;21,VO99032,71.52,C,001,5379300,8379299,C00134628,???????????????,0301122003,BEC1.5oz(1x72),6,pcs,0.803333,DC-YGN01,00120251204114134307
00120251204055333027,12/5/2025,MYG                Inv;23,VO99035,88.27,C,001,5379275,8379274,C00133351,????????????,0301122003,BEC1.5oz(1x72),6,pcs,0.803333,DC-YGN01,00120251204113523207
00120251204055350787,12/5/2025,SPT                 Inv;24,VO99037,152.53,C,001,5379244,8379243,C00108247,????,0301122003,BEC1.5oz(1x72),12,pcs,1.606667,DC-YGN01,00120251204112915833
00120251204055520713,12/5/2025,NOKL SHOP-44,VO99045,173.34,C,001,5379243,8379242,C00105818,????????????,0301122003,BEC1.5oz(1x72),6,pcs,0.803333,DC-YGN01,00120251204112913160
00120251204055312437,12/5/2025,HL/KMY                  Inv;21,VO99032,71.52,C,001,5379183,8379182,C00131117,????????,0301122003,BEC1.5oz(1x72),6,pcs,0.803333,DC-YGN01,00120251204111630263
00120251204055312437,12/5/2025,HL/KMY                  Inv;21,VO99032,71.52,C,001,5379221,8379220,C00132217,???????,0301122003,BEC1.5oz(1x72),6,pcs,0.803333,DC-YGN01,00120251204112555067
00120251204055312437,12/5/2025,HL/KMY                  Inv;21,VO99032,71.52,C,001,5379595,8379594,C00135567,????????,0301122003,BEC1.5oz(1x72),6,pcs,0.803333,DC-YGN01,00120251204023908330
00120251204055520713,12/5/2025,NOKL SHOP-44,VO99045,173.34,C,001,5379637,8379636,C00136057,??????????,0301122003,BEC1.5oz(1x72),12,pcs,1.606667,DC-YGN01,00120251204024827810
00120251204055350787,12/5/2025,SPT                 Inv;24,VO99037,152.53,C,001,5379569,8379568,C00136292,999,0301122003,BEC1.5oz(1x72),6,pcs,0.803333,DC-YGN01,00120251204022956973
00120251204055425190,12/5/2025,S.DGN/SEIKKAN SHOP-26,VO99060,84.41,C,001,5379656,8379655,C00128308,???????????,0301122003,BEC1.5oz(1x72),6,pcs,0.803333,DC-YGN01,00120251204025747987
00120251204055312437,12/5/2025,HL/KMY                  Inv;21,VO99032,71.52,C,001,5379716,8379715,C00106715,?????????,0301122003,BEC1.5oz(1x72),24,pcs,3.213333,DC-YGN01,00120251204033507400
00120251204055455197,12/5/2025,"SOKL,YK SHOP-20",VO99046,139.57,C,001,5379433,8379432,C00138802,Gold Pill,0301122003,BEC1.5oz(1x72),12,pcs,1.606667,DC-YGN01,00120251204124922497
00120251204055350787,12/5/2025,SPT                 Inv;24,VO99037,152.53,C,001,5379479,8379478,C00108291,???????????,0301122003,BEC1.5oz(1x72),12,pcs,1.606667,DC-YGN01,00120251204013509403
00120251204055520713,12/5/2025,NOKL SHOP-44,VO99045,173.34,C,001,5379504,8379503,C00140523,??????????????????????,0301122003,BEC1.5oz(1x72),12,pcs,1.606667,DC-YGN01,00120251204015320573
00120251204055312437,12/5/2025,HL/KMY                  Inv;21,VO99032,71.52,C,001,5378700,8378699,C00114003,??????????,0301122003,BEC1.5oz(1x72),6,pcs,0.803333,DC-YGN01,00120251204092146387
00120251204055312437,12/5/2025,HL/KMY                  Inv;21,VO99032,71.52,C,001,5378747,8378746,C00140023,??? ???????,0301122003,BEC1.5oz(1x72),6,pcs,0.803333,DC-YGN01,00120251204093718783
00120251204055312437,12/5/2025,HL/KMY                  Inv;21,VO99032,71.52,C,001,5378687,8378686,C00144038,????,0301122003,BEC1.5oz(1x72),6,pcs,0.803333,DC-YGN01,00120251204091843137
00520251204025521037,12/5/2025,TPK Inv [ 10 ] ,VO99038,66.72,C,005,5378665,8378664,C00500150,???????,0301122003,BEC1.5oz(1x72),12,pcs,1.606667,WH-NPT01,00520251204091215487
00120251204055520713,12/5/2025,NOKL SHOP-44,VO99045,173.34,C,001,5378633,8378632,C00145553,???????,0301122003,BEC1.5oz(1x72),6,pcs,0.803333,DC-YGN01,00120251204062854757
00520251204025447907,12/5/2025,"MMZ ,KS Inv [ 31 ]",VO99028,156.27,C,005,5378834,8378833,C00502716,??????,0301122003,BEC1.5oz(1x72),12,pcs,1.606667,WH-NPT01,00520251204095744137
00520251204025447907,12/5/2025,"MMZ ,KS Inv [ 31 ]",VO99028,156.27,C,005,5378833,8378832,C00500025,???????????,0301122003,BEC1.5oz(1x72),18,pcs,2.41,WH-NPT01,00520251204095743020
00520251204025447907,12/5/2025,"MMZ ,KS Inv [ 31 ]",VO99028,156.27,C,005,5378770,8378769,C00503645,????(?????????),0301122003,BEC1.5oz(1x72),12,pcs,1.606667,WH-NPT01,00520251204094528177
00520251204025521037,12/5/2025,TPK Inv [ 10 ] ,VO99038,66.72,C,005,5378780,8378779,C00502826,Good Luck,0301122003,BEC1.5oz(1x72),12,pcs,1.606667,WH-NPT01,00520251204094829857
00120251204055425190,12/5/2025,S.DGN/SEIKKAN SHOP-26,VO99060,84.41,C,001,5378806,8378805,C00136843,JJ Store,0301122003,BEC1.5oz(1x72),6,pcs,0.803333,DC-YGN01,00120251204095244620
00520251204025447907,12/5/2025,"MMZ ,KS Inv [ 31 ]",VO99028,156.27,C,005,5378884,8378883,C00502054,?????????????,0301122003,BEC1.5oz(1x72),18,pcs,2.41,WH-NPT01,00520251204101000277
00120251204055425190,12/5/2025,S.DGN/SEIKKAN SHOP-26,VO99060,84.41,C,001,5378917,8378916,C00126997,??????????,0301122003,BEC1.5oz(1x72),6,pcs,0.803333,DC-YGN01,00120251204101743340
00520251204025447907,12/5/2025,"MMZ ,KS Inv [ 31 ]",VO99028,156.27,C,005,5378849,8378848,C00500021,????????,0301122003,BEC1.5oz(1x72),12,pcs,1.606667,WH-NPT01,00520251204100046910
00520251204025447907,12/5/2025,"MMZ ,KS Inv [ 31 ]",VO99028,156.27,C,005,5378850,8378849,C00503487,???????,0301122003,BEC1.5oz(1x72),12,pcs,1.606667,WH-NPT01,00520251204100049070
00520251204025521037,12/5/2025,TPK Inv [ 10 ] ,VO99038,66.72,C,005,5378851,8378850,C00504019,??????,0301122003,BEC1.5oz(1x72),24,pcs,3.213333,WH-NPT01,00520251204100050227
00520251204025447907,12/5/2025,"MMZ ,KS Inv [ 31 ]",VO99028,156.27,C,005,5378945,8378944,C00500050,????????????,0301122003,BEC1.5oz(1x72),18,pcs,2.41,WH-NPT01,00520251204102514880
00520251204025447907,12/5/2025,"MMZ ,KS Inv [ 31 ]",VO99028,156.27,C,005,5378940,8378939,C00500041,?????????,0301122003,BEC1.5oz(1x72),12,pcs,1.606667,WH-NPT01,00520251204102211630
00520251204025447907,12/5/2025,"MMZ ,KS Inv [ 31 ]",VO99028,156.27,C,005,5378939,8378938,C00501914,?????,0301122003,BEC1.5oz(1x72),18,pcs,2.41,WH-NPT01,00520251204102209890
00120251204055520713,12/5/2025,NOKL SHOP-44,VO99045,173.34,C,001,5378948,8378947,C00128884,????????,0301122003,BEC1.5oz(1x72),6,pcs,0.803333,DC-YGN01,00120251204102945920
00120251204055520713,12/5/2025,NOKL SHOP-44,VO99045,173.34,C,001,5378925,8378924,C00137989,??????????,0301122003,BEC1.5oz(1x72),6,pcs,0.803333,DC-YGN01,00120251204101759317
00520251204025447907,12/5/2025,"MMZ ,KS Inv [ 31 ]",VO99028,156.27,C,005,5378961,8378960,C00502550,???????????,0301122003,BEC1.5oz(1x72),12,pcs,1.606667,WH-NPT01,00520251204103244703
00120251204055425190,12/5/2025,S.DGN/SEIKKAN SHOP-26,VO99060,84.41,C,001,5378953,8378952,C00103637,???????????,0301122003,BEC1.5oz(1x72),6,pcs,0.803333,DC-YGN01,00120251204102955193
00120251204055520713,12/5/2025,NOKL SHOP-44,VO99045,173.34,C,001,5378975,8378974,C00126065,??????????,0301122003,BEC1.5oz(1x72),6,pcs,0.803333,DC-YGN01,00120251204103346763
00120251204055252693,12/5/2025,LT/PBD/LMD                 Inv;22,VO99012,81.7,C,001,5378980,8378979,C00135126,?????????????,0301122003,BEC1.5oz(1x72),12,pcs,1.606667,DC-YGN01,00120251204103401960
00520251204025447907,12/5/2025,"MMZ ,KS Inv [ 31 ]",VO99028,156.27,C,005,5378990,8378989,C00500027,?????????,0301122003,BEC1.5oz(1x72),24,pcs,3.213333,WH-NPT01,00520251204103620767
00520251204025447907,12/5/2025,"MMZ ,KS Inv [ 31 ]",VO99028,156.27,C,005,5378991,8378990,C00500024,????????,0301122003,BEC1.5oz(1x72),12,pcs,1.606667,WH-NPT01,00520251204103622103
00520251204025447907,12/5/2025,"MMZ ,KS Inv [ 31 ]",VO99028,156.27,C,005,5378992,8378991,C00502585,???????,0301122003,BEC1.5oz(1x72),18,pcs,2.41,WH-NPT01,00520251204103626133
00120251204055520713,12/5/2025,NOKL SHOP-44,VO99045,173.34,C,001,5378993,8378992,C00126492,???????,0301122003,BEC1.5oz(1x72),6,pcs,0.803333,DC-YGN01,00120251204103711087
00120251204055520713,12/5/2025,NOKL SHOP-44,VO99045,173.34,C,001,5379014,8379013,C00140882,?????????,0301122003,BEC1.5oz(1x72),6,pcs,0.803333,DC-YGN01,00120251204104057960
00120251204055520713,12/5/2025,NOKL SHOP-44,VO99045,173.34,C,001,5379000,8378999,C00139922,??????? ????????,0301122003,BEC1.5oz(1x72),6,pcs,0.803333,DC-YGN01,00120251204103729033
00120251204055520713,12/5/2025,NOKL SHOP-44,VO99045,173.34,C,001,5379011,8379010,C00149887,????????????,0301122003,BEC1.5oz(1x72),6,pcs,0.803333,DC-YGN01,00120251204104046223
00120251204055455197,12/5/2025,"SOKL,YK SHOP-20",VO99046,139.57,C,001,5379050,8379049,C00136747,?????????,0301122003,BEC1.5oz(1x72),6,pcs,0.803333,DC-YGN01,00120251204105033697
00120251204055520713,12/5/2025,NOKL SHOP-44,VO99045,173.34,C,001,5379037,8379036,C00139082,???????????????,0301122003,BEC1.5oz(1x72),6,pcs,0.803333,DC-YGN01,00120251204104724173
00120251204055520713,12/5/2025,NOKL SHOP-44,VO99045,173.34,C,001,5379032,8379031,C00127657,AM Pharmacy,0301122003,BEC1.5oz(1x72),6,pcs,0.803333,DC-YGN01,00120251204104717453
00120251204055520713,12/5/2025,NOKL SHOP-44,VO99045,173.34,C,001,5379068,8379067,C00103803,???????????????,0301122003,BEC1.5oz(1x72),6,pcs,0.803333,DC-YGN01,00120251204105343567
00120251204055520713,12/5/2025,NOKL SHOP-44,VO99045,173.34,C,001,5379100,8379099,C00100446,????????,0301122003,BEC1.5oz(1x72),6,pcs,0.803333,DC-YGN01,00120251204110016740
00120251204055350787,12/5/2025,SPT                 Inv;24,VO99037,152.53,C,001,5379128,8379127,C00136790,????????,0301122003,BEC1.5oz(1x72),12,pcs,1.606667,DC-YGN01,00120251204110340973
00120251204055350787,12/5/2025,SPT                 Inv;24,VO99037,152.53,C,001,5379127,8379126,C00133148,????????,0301122003,BEC1.5oz(1x72),12,pcs,1.606667,DC-YGN01,00120251204110339880
00120251204055520713,12/5/2025,NOKL SHOP-44,VO99045,173.34,C,001,5379131,8379130,C00101534,???????????????,0301122003,BEC1.5oz(1x72),6,pcs,0.803333,DC-YGN01,00120251204110344450
00120251204055520713,12/5/2025,NOKL SHOP-44,VO99045,173.34,C,001,5379122,8379121,C00133041,???????????,0301122003,BEC1.5oz(1x72),6,pcs,0.803333,DC-YGN01,00120251204110331723
00120251204055333027,12/5/2025,MYG                Inv;23,VO99035,88.27,C,001,5379173,8379172,C00112859,?????????,0301122003,BEC1.5oz(1x72),6,pcs,0.803333,DC-YGN01,00120251204111317870
00120251204055425190,12/5/2025,S.DGN/SEIKKAN SHOP-26,VO99060,84.41,C,001,5379158,8379157,C00127528,B11,0301122003,BEC1.5oz(1x72),6,pcs,0.803333,DC-YGN01,00120251204110959470
00120251204055331843,12/5/2025,HTY SHOP-40,VO99063,172.61,C,001,5379741,8379740,C00127201,????????,0301122003,BEC1.5oz(1x72),12,pcs,1.606667,DC-YGN01,00120251204041755337
00120251204055520713,12/5/2025,NOKL SHOP-44,VO99045,173.34,C,001,5379742,8379741,C00150128,???????,0301122003,BEC1.5oz(1x72),6,pcs,0.803333,DC-YGN01,00120251204041758550
00120251204055425190,12/5/2025,S.DGN/SEIKKAN SHOP-26,VO99060,84.41,C,001,5379725,8379724,C00151784,?????????????,0301122003,BEC1.5oz(1x72),6,pcs,0.803333,DC-YGN01,00120251204034741733
00120251204055331843,12/5/2025,HTY SHOP-40,VO99063,172.61,C,001,5379739,8379738,C00129255,??????????????????,0301122003,BEC1.5oz(1x72),12,pcs,1.606667,DC-YGN01,00120251204041453720
00520251205082827143,12/5/2025,Tpk inv ( 1 ),VO99038,2.57,C,005,5379740,8379739,C00500013,Gold City,0301122003,BEC1.5oz(1x72),12,pcs,1.606667,WH-NPT01,00520251204041516830
00120251204055333027,12/5/2025,MYG                Inv;23,VO99035,88.27,C,001,5379034,8379033,C00101107,Ma Thida,0301122005,BEC2.5oz(1x72),6,pcs,1.071667,DC-YGN01,00120251204104719670
00420251204041020073,12/5/2025,VO99023   inv:  19,VO99023,192.56,C,004,5378937,8378936,C00400057,??????????,0301122005,BEC2.5oz(1x72),6,pcs,1.071667,WH-MLM01,00420251204102206710
00120251204055252693,12/5/2025,LT/PBD/LMD                 Inv;22,VO99012,81.7,C,001,5378922,8378921,C00101019,Top Point,0301122005,BEC2.5oz(1x72),18,pcs,3.215,DC-YGN01,00120251204101754693
00120251204055252693,12/5/2025,LT/PBD/LMD                 Inv;22,VO99012,81.7,C,001,5378892,8378891,C00101068,?????,0301122005,BEC2.5oz(1x72),12,pcs,2.143333,DC-YGN01,00120251204101136520
00120251204055312437,12/5/2025,HL/KMY                  Inv;21,VO99032,71.52,C,001,5379316,8379315,C00150141,?????????????????????,0301122005,BEC2.5oz(1x72),6,pcs,1.071667,DC-YGN01,00120251204114746653
00620251204032832147,12/5/2025,V54(1),VO99054,31.89,C,006,5379419,8379418,C00600400,??????????,0301122005,BEC2.5oz(1x72),6,pcs,1.071667,WH-TGI02,00620251204123803723
00620251204025338400,12/5/2025,V54(Ocean),VO99054,41.3,C,006,5379277,8379276,C00602663,Ocean - TGI,0701104010,NONG SHIM Neoguri Seafood Spicy Noodle 120g (1x20),20,pcs,2.87,WH-TGI02,00620251204113524303
00620251204025338400,12/5/2025,V54(Ocean),VO99054,41.3,C,006,5379285,8379284,C00602663,Ocean - TGI,1103213009,Oreo Sandwich Cookies Chocolate Cream-119.6gm (1x24Pcs),12,pcs,1.835,WH-TGI02,00620251204113652223
00220251204030341233,12/5/2025,city 19,VO99036,45.66,C,002,5379274,8379273,C00207683,City Mart - 19th,1103213009,Oreo Sandwich Cookies Chocolate Cream-119.6gm (1x24Pcs),12,pcs,1.835,WH-MDY01,00220251204113516027
00220251204030328153,12/5/2025,OCDP,VO99036,67.31,C,002,5379251,8379250,C00202989,Ocean-MDY-DP,1103213009,Oreo Sandwich Cookies Chocolate Cream-119.6gm (1x24Pcs),12,pcs,1.835,WH-MDY01,00220251204113129870
00220251204030356177,12/5/2025,OC 73,VO99036,34.09,C,002,5379253,8379252,C00205333,Ocean-MDY-73th,1103213009,Oreo Sandwich Cookies Chocolate Cream-119.6gm (1x24Pcs),12,pcs,1.835,WH-MDY01,00220251204113147900
00720251204041307187,12/5/2025,inv 5 OCPT,VO99052,199.6,C,007,5379210,8379209,C00701841,Ocean - PT,1103213009,Oreo Sandwich Cookies Chocolate Cream-119.6gm (1x24Pcs),13,pcs,1.987917,WH-PTN01,00720251204112317170
00520251204025338507,12/5/2025,OCJN Inv [ 5 ] ,VO99038,58.67,C,005,5378809,8378808,C00500907,Ocean-NPT-JN,1103213009,Oreo Sandwich Cookies Chocolate Cream-119.6gm (1x24Pcs),26,pcs,3.975833,WH-NPT01,00520251204095325987
00120251204023741907,12/5/2025,Oc-SGD     INV--3,VO99033,7.12,C,001,5378774,8378773,C00113428,Ocean-YGN-SGD,1103213009,Oreo Sandwich Cookies Chocolate Cream-119.6gm (1x24Pcs),17,pcs,2.599583,DC-YGN01,00120251204094700587
00120251204021829157,12/5/2025,CM-TM     INV--5,VO99001,85.48,C,001,5378784,8378783,C00110790,City Mart - TM,1103213009,Oreo Sandwich Cookies Chocolate Cream-119.6gm (1x24Pcs),13,pcs,1.987917,DC-YGN01,00120251204094909237
00420251204040854267,12/5/2025,VO99098  ocean  ,VO99098,88.36,C,004,5378839,8378838,C00404138,Ocean - MLM,1103213009,Oreo Sandwich Cookies Chocolate Cream-119.6gm (1x24Pcs),54,pcs,8.2575,WH-MLM01,00420251204095824040
00120251204021534870,12/5/2025,Oc/CC-MGDTM     INV--6,VO99003,50.08,C,001,5378673,8378672,C00135956,Ocean-MGDTM,1103213009,Oreo Sandwich Cookies Chocolate Cream-119.6gm (1x24Pcs),24,pcs,3.67,DC-YGN01,00120251204091330990
00120251204021726967,12/5/2025,Oc-NP     INV--5,VO99010,18.19,C,001,5378693,8378692,C00101140,Ocean-YGN-NP,1103213009,Oreo Sandwich Cookies Chocolate Cream-119.6gm (1x24Pcs),19,pcs,2.905417,DC-YGN01,00120251204091944130
00120251204021011277,12/5/2025,CM-FMI     INV--2,VO99010,84.08,C,001,5378909,8378908,C00100419,City Mart - FMI,1103213009,Oreo Sandwich Cookies Chocolate Cream-119.6gm (1x24Pcs),12,pcs,1.835,DC-YGN01,00120251204101611913
00120251204021152623,12/5/2025,CM-Baho     INV--5,VO99001,27.65,C,001,5379140,8379139,C00140629,City Mart - Baho,1103213009,Oreo Sandwich Cookies Chocolate Cream-119.6gm (1x24Pcs),12,pcs,1.835,DC-YGN01,00120251204110521797
00120251204021011277,12/5/2025,CM-FMI     INV--2,VO99010,84.08,C,001,5378909,8378908,C00100419,City Mart - FMI,1103213014,Oreo Sandwich Cookies Vanilla Cream-27.6gm (1x9x12Packs),24,pack,7.88,DC-YGN01,00120251204101611913
00120251204021534870,12/5/2025,Oc/CC-MGDTM     INV--6,VO99003,50.08,C,001,5378673,8378672,C00135956,Ocean-MGDTM,1103213014,Oreo Sandwich Cookies Vanilla Cream-27.6gm (1x9x12Packs),60,pack,19.7,DC-YGN01,00120251204091330990
00420251204040854267,12/5/2025,VO99098  ocean  ,VO99098,88.36,C,004,5378839,8378838,C00404138,Ocean - MLM,1103213014,Oreo Sandwich Cookies Vanilla Cream-27.6gm (1x9x12Packs),48,pack,15.76,WH-MLM01,00420251204095824040
00120251204021829157,12/5/2025,CM-TM     INV--5,VO99001,85.48,C,001,5378784,8378783,C00110790,City Mart - TM,1103213014,Oreo Sandwich Cookies Vanilla Cream-27.6gm (1x9x12Packs),48,pack,15.76,DC-YGN01,00120251204094909237
00520251204025338507,12/5/2025,OCJN Inv [ 5 ] ,VO99038,58.67,C,005,5378809,8378808,C00500907,Ocean-NPT-JN,1103213014,Oreo Sandwich Cookies Vanilla Cream-27.6gm (1x9x12Packs),24,pack,7.88,WH-NPT01,00520251204095325987
00720251204041307187,12/5/2025,inv 5 OCPT,VO99052,199.6,C,007,5379210,8379209,C00701841,Ocean - PT,1103213014,Oreo Sandwich Cookies Vanilla Cream-27.6gm (1x9x12Packs),12,pack,3.94,WH-PTN01,00720251204112317170
00220251204030328153,12/5/2025,OCDP,VO99036,67.31,C,002,5379251,8379250,C00202989,Ocean-MDY-DP,1103213014,Oreo Sandwich Cookies Vanilla Cream-27.6gm (1x9x12Packs),36,pack,11.82,WH-MDY01,00220251204113129870
00220251204030341233,12/5/2025,city 19,VO99036,45.66,C,002,5379274,8379273,C00207683,City Mart - 19th,1103213014,Oreo Sandwich Cookies Vanilla Cream-27.6gm (1x9x12Packs),24,pack,7.88,WH-MDY01,00220251204113516027
00620251204025338400,12/5/2025,V54(Ocean),VO99054,41.3,C,006,5379285,8379284,C00602663,Ocean - TGI,1103213014,Oreo Sandwich Cookies Vanilla Cream-27.6gm (1x9x12Packs),36,pack,11.82,WH-TGI02,00620251204113652223
00120251205041027617,12/5/2025,"Tat Ka Tho  ( MPT - NLP ) , On Paper ",VO99073,0,C,001,5380117,8380116,C00144833,Tat Ka Tho,1221101001,Active GSM TP 5000,1500,pcs,0,DC-YGN01,00120251205103151357
01120251205024939570,12/5/2025,hkko>>>mgw mpt >>>htnn ,VO99115,0,C,011,5380539,8380538,C01100349,?????????????,1221101001,Active GSM TP 5000,100,pcs,0,WH-MGW99,01120251205022359863
01120251205024939570,12/5/2025,hkko>>>mgw mpt >>>htnn ,VO99115,0,C,011,5380539,8380538,C01100349,?????????????,1221101004,Active GSM TP 3000,210,pcs,0,WH-MGW99,01120251205022359863
00120251205040945147,12/5/2025,"Taungtwingyi ( MPT ) , On Paper ",VO99073,0,C,001,5380114,8380113,C00104031,SD-YGN-Taungdwingyi,1221101004,Active GSM TP 3000,1500,pcs,0,DC-YGN01,00120251205103406457
01120251205085926720,12/5/2025,hkko>>>mgw mpt >>>htnn ,VO99115,0,C,011,5379769,8379768,C01100349,?????????????,1221101004,Active GSM TP 3000,30,pcs,0,WH-MGW99,01120251205083033140
01120251205090141493,12/5/2025,zza>>>mbu mt >>>ht ,VO99115,0,C,011,5379781,8379780,C01100013,Hteik Tann,1221101006,Active GSM TP 1000 (QR),3000,pcs,0,WH-MGW99,01120251205085750013
01120251205085926720,12/5/2025,hkko>>>mgw mpt >>>htnn ,VO99115,0,C,011,5379769,8379768,C01100349,?????????????,1221101006,Active GSM TP 1000 (QR),500,pcs,0,WH-MGW99,01120251205083033140
00120251205041005663,12/5/2025,"Sein Store ( MPT - Aunglan ) , On Paper ",VO99073,0,C,001,5380116,8380115,C01300009,?????????,1221101006,Active GSM TP 1000 (QR),30000,pcs,0,DC-YGN01,00120251205103300933
00120251205041027617,12/5/2025,"Tat Ka Tho  ( MPT - NLP ) , On Paper ",VO99073,0,C,001,5380117,8380116,C00144833,Tat Ka Tho,1221101006,Active GSM TP 1000 (QR),20000,pcs,0,DC-YGN01,00120251205103151357
01120251205024939570,12/5/2025,hkko>>>mgw mpt >>>htnn ,VO99115,0,C,011,5380539,8380538,C01100349,?????????????,1221101006,Active GSM TP 1000 (QR),4000,pcs,0,WH-MGW99,01120251205022359863
01120251205101452703,12/5/2025,ZZA MBU MPT > PL SD ,VO99115,0,C,011,5379822,8379821,C01104028,????????,1221101006,Active GSM TP 1000 (QR),1500,pcs,0,WH-MGW99,01120251205091805327
00120251205040945147,12/5/2025,"Taungtwingyi ( MPT ) , On Paper ",VO99073,0,C,001,5380114,8380113,C00104031,SD-YGN-Taungdwingyi,1221101006,Active GSM TP 1000 (QR),20000,pcs,0,DC-YGN01,00120251205103406457
00120251205121844100,12/5/2025,"Taungtwingyi ( MPT ) , E Top Up ",VO99073,0,C,001,5379861,8379860,C00104031,SD-YGN-Taungdwingyi,1221102001,Active GSM E-Top Up,1000,unit,0,DC-YGN01,00120251205091755673
00120251205121913967,12/5/2025,"Sein Store  ( MPT - Aunglan ) , E Top Up ",VO99073,0,C,001,5379863,8379862,C01300009,?????????,1221102001,Active GSM E-Top Up,800,unit,0,DC-YGN01,00120251205091507167
00120251205121934757,12/5/2025,"Tat Ka Tho  ( MPT - NLP  ) , E Top Up ",VO99073,0,C,001,5379864,8379863,C00144833,Tat Ka Tho,1221102001,Active GSM E-Top Up,1000,unit,0,DC-YGN01,00120251205091422090
01120251205101420043,12/5/2025,ZZA MBU MPT > PL SD ,VO99115,0,C,011,5379820,8379819,C01104028,????????,1221102001,Active GSM E-Top Up,70,unit,0,WH-MGW99,01120251205091657773
01120251205090147293,12/5/2025,zza>>>mbu mt >>>ht ,VO99115,0,C,011,5379784,8379783,C01100013,Hteik Tann,1221102001,Active GSM E-Top Up,10,unit,0,WH-MGW99,01120251205085848950
00120251204021829157,12/5/2025,CM-TM     INV--5,VO99001,85.48,C,001,5378782,8378781,C00110790,City Mart - TM,1901111002,Equal Classic 25`S 25g (1x36),2,pcs,0.161389,DC-YGN01,00120251204094846673
00120251204021829157,12/5/2025,CM-TM     INV--5,VO99001,85.48,C,001,5378782,8378781,C00110790,City Mart - TM,1901111003,Equal Classic 50`S 50g (1x12),12,pcs,1.008,DC-YGN01,00120251204094846673
00120251204021829157,12/5/2025,CM-TM     INV--5,VO99001,85.48,C,001,5378782,8378781,C00110790,City Mart - TM,1901111004,Equal Classic 100`S 100g (1x36),2,pcs,0.335222,DC-YGN01,00120251204094846673
00120251204020957470,12/5/2025,Oc/CC-HTY     INV--5,VO99010,154.5,C,001,5378898,8378897,C00126568,City Care-YGN-HTY,1901111004,Equal Classic 100`S 100g (1x36),1,pcs,0.167611,DC-YGN01,00120251204101515507
00120251204032517587,12/5/2025,CC-BRBKMY     INV--1,VO99001,0.28,C,001,5378852,8378851,C00152587,City Care BRBKMY,1901111004,Equal Classic 100`S 100g (1x36),3,pcs,0.502833,DC-YGN01,00120251204100156283
00120251204021534870,12/5/2025,Oc/CC-MGDTM     INV--6,VO99003,50.08,C,001,5378671,8378670,C00135956,Ocean-MGDTM,1901111004,Equal Classic 100`S 100g (1x36),4,pcs,0.670444,DC-YGN01,00120251204091303507
00120251204021534870,12/5/2025,Oc/CC-MGDTM     INV--6,VO99003,50.08,C,001,5378683,8378682,C00135957,City Care-MGDTM,1901111004,Equal Classic 100`S 100g (1x36),2,pcs,0.335222,DC-YGN01,00120251204091750707
00120251204022557170,12/5/2025,Oc/CC-SJ     INV--4,VO99006,56.7,C,001,5378658,8378657,C00102580,City Care-YGN-SJ,1901111004,Equal Classic 100`S 100g (1x36),4,pcs,0.670444,DC-YGN01,00120251204090735847
00120251204022108840,12/5/2025,Oc-PL     INV--5,VO99008,94.68,C,001,5378947,8378946,C00138678,Ocean-PL,1901111004,Equal Classic 100`S 100g (1x36),6,pcs,1.005667,DC-YGN01,00120251204102731327
00120251204021152623,12/5/2025,CM-Baho     INV--5,VO99001,27.65,C,001,5379138,8379137,C00140629,City Mart - Baho,1901111004,Equal Classic 100`S 100g (1x36),6,pcs,1.005667,DC-YGN01,00120251204110459297
00120251204021152623,12/5/2025,CM-Baho     INV--5,VO99001,27.65,C,001,5379153,8379152,C00140629,City Mart - Baho,3102111001,O'MaMa Butter Cake Rusk 150g (1x40),13,pcs,2.5675,DC-YGN01,00120251204110723347
00120251204055333027,12/5/2025,MYG                Inv;23,VO99035,88.27,C,001,5379075,8379074,C00130523,Shop & Shop,3102111001,O'MaMa Butter Cake Rusk 150g (1x40),3,pcs,0.5925,DC-YGN01,00120251204105353100
00120251204023959983,12/5/2025,CM-TKT     INV--2,VO99033,7.99,C,001,5378894,8378893,C00124012,City Mart - TKT,3102111001,O'MaMa Butter Cake Rusk 150g (1x40),12,pcs,2.37,DC-YGN01,00120251204101431777
00120251204023741907,12/5/2025,Oc-SGD     INV--3,VO99033,7.12,C,001,5378783,8378782,C00113428,Ocean-YGN-SGD,3102111001,O'MaMa Butter Cake Rusk 150g (1x40),13,pcs,2.5675,DC-YGN01,00120251204094903367
00120251204021843243,12/5/2025,MTS-BYN     INV--1,VO99001,2.07,C,001,5378773,8378772,C00123502,Mi Thar Su - BYN,3102111001,O'MaMa Butter Cake Rusk 150g (1x40),3,pcs,0.5925,DC-YGN01,00120251204094647993
00520251204025338507,12/5/2025,OCJN Inv [ 5 ] ,VO99038,58.67,C,005,5378797,8378796,C00500907,Ocean-NPT-JN,3102111001,O'MaMa Butter Cake Rusk 150g (1x40),18,pcs,3.555,WH-NPT01,00520251204095116050
00120251204055218913,12/5/2025,MGLTN/Tamwe                       Inv;23,VO99005,106.64,C,001,5378824,8378823,C00102147,??????????????,3102111001,O'MaMa Butter Cake Rusk 150g (1x40),5,pcs,0.9875,DC-YGN01,00120251204095553927
00720251204041307187,12/5/2025,inv 5 OCPT,VO99052,199.6,C,007,5379198,8379197,C00701841,Ocean - PT,3102111001,O'MaMa Butter Cake Rusk 150g (1x40),17,pcs,3.3575,WH-PTN01,00720251204112013690
00120251204043017587,12/5/2025,Carrefour Easy     INV--2,VO99002,105.23,C,001,5379592,8379591,C00133397,Carrefour Easy,3102111001,O'MaMa Butter Cake Rusk 150g (1x40),60,pcs,11.85,DC-YGN01,00120251204023807613
00120251204125303150,12/5/2025,MDY  Branch ( No . 1 ) ,WT-MDY01,1089.74,C,001,5379375,8379374,C00125994,MDY Branch,3102111001,O'MaMa Butter Cake Rusk 150g (1x40),40,pcs,7.9,DC-YGN01,00120251204121633380
00120251204125303150,12/5/2025,MDY  Branch ( No . 1 ) ,WT-MDY01,1089.74,C,001,5379375,8379374,C00125994,MDY Branch,3102111002,O'MaMa Cheese Cake Rusk 150g (1x40),40,pcs,7.9,DC-YGN01,00120251204121633380
00120251204043017587,12/5/2025,Carrefour Easy     INV--2,VO99002,105.23,C,001,5379592,8379591,C00133397,Carrefour Easy,3102111002,O'MaMa Cheese Cake Rusk 150g (1x40),36,pcs,7.11,DC-YGN01,00120251204023807613
00120251204055303940,12/5/2025,TGG SHOP-29,VO99106,118.32,C,001,5379276,8379275,C00139504,????-????????,3102111002,O'MaMa Cheese Cake Rusk 150g (1x40),2,pcs,0.395,DC-YGN01,00120251204113524320
00120251204055218913,12/5/2025,MGLTN/Tamwe                       Inv;23,VO99005,106.64,C,001,5378824,8378823,C00102147,??????????????,3102111002,O'MaMa Cheese Cake Rusk 150g (1x40),5,pcs,0.9875,DC-YGN01,00120251204095553927
00520251204025338507,12/5/2025,OCJN Inv [ 5 ] ,VO99038,58.67,C,005,5378797,8378796,C00500907,Ocean-NPT-JN,3102111002,O'MaMa Cheese Cake Rusk 150g (1x40),12,pcs,2.37,WH-NPT01,00520251204095116050
00120251204021829157,12/5/2025,CM-TM     INV--5,VO99001,85.48,C,001,5378794,8378793,C00110790,City Mart - TM,3102111002,O'MaMa Cheese Cake Rusk 150g (1x40),12,pcs,2.37,DC-YGN01,00120251204095024153
00120251204021916270,12/5/2025,GDWS-WH     INV--1    (To TGG),VO99033,13.69,C,001,5378802,8378801,C00109566,Gandamar Wholesales - YGN,3102111002,O'MaMa Cheese Cake Rusk 150g (1x40),12,pcs,2.37,DC-YGN01,00120251204095156433
00120251204021843243,12/5/2025,MTS-BYN     INV--1,VO99001,2.07,C,001,5378773,8378772,C00123502,Mi Thar Su - BYN,3102111002,O'MaMa Cheese Cake Rusk 150g (1x40),3,pcs,0.5925,DC-YGN01,00120251204094647993
00120251204023959983,12/5/2025,CM-TKT     INV--2,VO99033,7.99,C,001,5378894,8378893,C00124012,City Mart - TKT,3102111002,O'MaMa Cheese Cake Rusk 150g (1x40),14,pcs,2.765,DC-YGN01,00120251204101431777
00120251204023317740,12/5/2025,MTS-TGG     INV--1,VO99106,12.83,C,001,5378768,8378767,C00111943,Mi Thar Su - TGG,3102111002,O'MaMa Cheese Cake Rusk 150g (1x40),2,pcs,0.395,DC-YGN01,00120251204094515000
00120251204032000647,12/5/2025,Day To Day     INV--2,VO99033,14.25,C,001,5379108,8379107,C00104653,Day to Day,3102111002,O'MaMa Cheese Cake Rusk 150g (1x40),6,pcs,1.185,DC-YGN01,00120251204110055767
00120251204021152623,12/5/2025,CM-Baho     INV--5,VO99001,27.65,C,001,5379153,8379152,C00140629,City Mart - Baho,3102111002,O'MaMa Cheese Cake Rusk 150g (1x40),13,pcs,2.5675,DC-YGN01,00120251204110723347
00120251204021152623,12/5/2025,CM-Baho     INV--5,VO99001,27.65,C,001,5379153,8379152,C00140629,City Mart - Baho,3102111003,O'MaMa Chocolate Cake Rusk 150g (1x40),17,pcs,3.3575,DC-YGN01,00120251204110723347
00120251204023317740,12/5/2025,MTS-TGG     INV--1,VO99106,12.83,C,001,5378768,8378767,C00111943,Mi Thar Su - TGG,3102111003,O'MaMa Chocolate Cake Rusk 150g (1x40),3,pcs,0.5925,DC-YGN01,00120251204094515000
00120251204021843243,12/5/2025,MTS-BYN     INV--1,VO99001,2.07,C,001,5378773,8378772,C00123502,Mi Thar Su - BYN,3102111003,O'MaMa Chocolate Cake Rusk 150g (1x40),3,pcs,0.5925,DC-YGN01,00120251204094647993
00120251204023741907,12/5/2025,Oc-SGD     INV--3,VO99033,7.12,C,001,5378783,8378782,C00113428,Ocean-YGN-SGD,3102111003,O'MaMa Chocolate Cake Rusk 150g (1x40),14,pcs,2.765,DC-YGN01,00120251204094903367
00120251204021916270,12/5/2025,GDWS-WH     INV--1    (To TGG),VO99033,13.69,C,001,5378802,8378801,C00109566,Gandamar Wholesales - YGN,3102111003,O'MaMa Chocolate Cake Rusk 150g (1x40),12,pcs,2.37,DC-YGN01,00120251204095156433
00520251204025338507,12/5/2025,OCJN Inv [ 5 ] ,VO99038,58.67,C,005,5378797,8378796,C00500907,Ocean-NPT-JN,3102111003,O'MaMa Chocolate Cake Rusk 150g (1x40),22,pcs,4.345,WH-NPT01,00520251204095116050
00120251204055218913,12/5/2025,MGLTN/Tamwe                       Inv;23,VO99005,106.64,C,001,5378824,8378823,C00102147,??????????????,3102111003,O'MaMa Chocolate Cake Rusk 150g (1x40),5,pcs,0.9875,DC-YGN01,00120251204095553927
00620251204025338400,12/5/2025,V54(Ocean),VO99054,41.3,C,006,5379269,8379268,C00602663,Ocean - TGI,3102111003,O'MaMa Chocolate Cake Rusk 150g (1x40),18,pcs,3.555,WH-TGI02,00620251204113421997
00120251204055350787,12/5/2025,SPT                 Inv;24,VO99037,152.53,C,001,5379364,8379363,C00145051,???????,3102111003,O'MaMa Chocolate Cake Rusk 150g (1x40),5,pcs,0.9875,DC-YGN01,00120251204121231380
00120251204043017587,12/5/2025,Carrefour Easy     INV--2,VO99002,105.23,C,001,5379592,8379591,C00133397,Carrefour Easy,3102111003,O'MaMa Chocolate Cake Rusk 150g (1x40),48,pcs,9.48,DC-YGN01,00120251204023807613
00120251204125303150,12/5/2025,MDY  Branch ( No . 1 ) ,WT-MDY01,1089.74,C,001,5379375,8379374,C00125994,MDY Branch,3102111003,O'MaMa Chocolate Cake Rusk 150g (1x40),40,pcs,7.9,DC-YGN01,00120251204121633380
00120251204125303150,12/5/2025,MDY  Branch ( No . 1 ) ,WT-MDY01,1089.74,C,001,5379375,8379374,C00125994,MDY Branch,3102111004,O'MaMa Mixed Fruit Cake Rusk 65g (1x72),72,pcs,4.7,DC-YGN01,00120251204121633380
00120251204010355800,12/5/2025,"TGI Branch - MR  ( No . 1 )  , For MR ",WT-TGI01,157.2,C,001,5379391,8379390,C00130318,TGI Branch - MR,3102111004,O'MaMa Mixed Fruit Cake Rusk 65g (1x72),72,pcs,4.7,DC-YGN01,00120251204122422243
00120251204043017587,12/5/2025,Carrefour Easy     INV--2,VO99002,105.23,C,001,5379592,8379591,C00133397,Carrefour Easy,3102111004,O'MaMa Mixed Fruit Cake Rusk 65g (1x72),24,pcs,1.566667,DC-YGN01,00120251204023807613
00720251204041307187,12/5/2025,inv 5 OCPT,VO99052,199.6,C,007,5379198,8379197,C00701841,Ocean - PT,3102111004,O'MaMa Mixed Fruit Cake Rusk 65g (1x72),13,pcs,0.848611,WH-PTN01,00720251204112013690
00520251204025338507,12/5/2025,OCJN Inv [ 5 ] ,VO99038,58.67,C,005,5378797,8378796,C00500907,Ocean-NPT-JN,3102111004,O'MaMa Mixed Fruit Cake Rusk 65g (1x72),24,pcs,1.566667,WH-NPT01,00520251204095116050
00120251204021916270,12/5/2025,GDWS-WH     INV--1    (To TGG),VO99033,13.69,C,001,5378802,8378801,C00109566,Gandamar Wholesales - YGN,3102111004,O'MaMa Mixed Fruit Cake Rusk 65g (1x72),6,pcs,0.391667,DC-YGN01,00120251204095156433
00120251204021843243,12/5/2025,MTS-BYN     INV--1,VO99001,2.07,C,001,5378773,8378772,C00123502,Mi Thar Su - BYN,3102111004,O'MaMa Mixed Fruit Cake Rusk 65g (1x72),3,pcs,0.195833,DC-YGN01,00120251204094647993
00120251204023959983,12/5/2025,CM-TKT     INV--2,VO99033,7.99,C,001,5378894,8378893,C00124012,City Mart - TKT,3102111004,O'MaMa Mixed Fruit Cake Rusk 65g (1x72),21,pcs,1.370833,DC-YGN01,00120251204101431777
00120251204021726967,12/5/2025,Oc-NP     INV--5,VO99010,18.19,C,001,5378705,8378704,C00101140,Ocean-YGN-NP,3102111004,O'MaMa Mixed Fruit Cake Rusk 65g (1x72),14,pcs,0.913889,DC-YGN01,00120251204092255657
00520251204025551447,12/5/2025,OT Inv [ 6 ] ,VO99038,74.49,C,005,5378698,8378697,C00504703,1 Stop Mart Supermarket (Nay Pyi Taw),3102111004,O'MaMa Mixed Fruit Cake Rusk 65g (1x72),30,pcs,1.958333,WH-NPT01,00520251204092110987
00120251204055411300,12/5/2025,INS                  Inv;41,VO99039,207.42,C,001,5379047,8379046,C00130585,????,3102111004,O'MaMa Mixed Fruit Cake Rusk 65g (1x72),5,pcs,0.326389,DC-YGN01,00120251204105026937
00220251204030447237,12/5/2025,INV(24),VO99017,270.54,C,002,5379058,8379057,C00201258,?????????,3102111004,O'MaMa Mixed Fruit Cake Rusk 65g (1x72),5,pcs,0.326389,WH-MDY01,00220251204105140963
00120251204022108840,12/5/2025,Oc-PL     INV--5,VO99008,94.68,C,001,5378989,8378988,C00138678,Ocean-PL,3102111004,O'MaMa Mixed Fruit Cake Rusk 65g (1x72),12,pcs,0.783333,DC-YGN01,00120251204103519583
00220251204030447237,12/5/2025,INV(24),VO99017,270.54,C,002,5379058,8379057,C00201258,?????????,3102111005,O'MaMa Mango Yogurt Cake Rusk 65g (1x72),5,pcs,0.430556,WH-MDY01,00220251204105140963
00120251204022944763,12/5/2025,CPT-BYN     INV--2,VO99012,3.17,C,001,5378743,8378742,C00140630,Capital - Bo Yar Nyunt,3102111005,O'MaMa Mango Yogurt Cake Rusk 65g (1x72),20,pcs,1.722222,DC-YGN01,00120251204093647797
00120251204021916270,12/5/2025,GDWS-WH     INV--1    (To TGG),VO99033,13.69,C,001,5378802,8378801,C00109566,Gandamar Wholesales - YGN,3102111005,O'MaMa Mango Yogurt Cake Rusk 65g (1x72),6,pcs,0.516667,DC-YGN01,00120251204095156433
00520251204025338507,12/5/2025,OCJN Inv [ 5 ] ,VO99038,58.67,C,005,5378797,8378796,C00500907,Ocean-NPT-JN,3102111005,O'MaMa Mango Yogurt Cake Rusk 65g (1x72),17,pcs,1.463889,WH-NPT01,00520251204095116050
00620251204025338400,12/5/2025,V54(Ocean),VO99054,41.3,C,006,5379269,8379268,C00602663,Ocean - TGI,3102111005,O'MaMa Mango Yogurt Cake Rusk 65g (1x72),22,pcs,1.894444,WH-TGI02,00620251204113421997
01120251204025619813,12/5/2025,"TKS,PHM,Inv-15",VO99071,50.42,C,011,5379322,8379321,C01101250,?????????,3102111005,O'MaMa Mango Yogurt Cake Rusk 65g (1x72),5,pcs,0.430556,WH-MGW01,01120251204115216083
00120251204043017587,12/5/2025,Carrefour Easy     INV--2,VO99002,105.23,C,001,5379592,8379591,C00133397,Carrefour Easy,3102111005,O'MaMa Mango Yogurt Cake Rusk 65g (1x72),60,pcs,5.166667,DC-YGN01,00120251204023807613
01120251204025619813,12/5/2025,"TKS,PHM,Inv-15",VO99071,50.42,C,011,5379602,8379601,C01100767,No -10 Store,3102111005,O'MaMa Mango Yogurt Cake Rusk 65g (1x72),1,pcs,0.086111,WH-MGW01,01120251204024153797
00120251204125303150,12/5/2025,MDY  Branch ( No . 1 ) ,WT-MDY01,1089.74,C,001,5379375,8379374,C00125994,MDY Branch,3102111005,O'MaMa Mango Yogurt Cake Rusk 65g (1x72),72,pcs,6.2,DC-YGN01,00120251204121633380
00120251204125303150,12/5/2025,MDY  Branch ( No . 1 ) ,WT-MDY01,1089.74,C,001,5379375,8379374,C00125994,MDY Branch,3200000008,May Yee Mon Chicken Congee 25g - MT Pack (1x10x20packs),1400,pcs,38.5,DC-YGN01,00120251204121633380
00120251204010355800,12/5/2025,"TGI Branch - MR  ( No . 1 )  , For MR ",WT-TGI01,157.2,C,001,5379391,8379390,C00130318,TGI Branch - MR,3200000008,May Yee Mon Chicken Congee 25g - MT Pack (1x10x20packs),400,pcs,11,DC-YGN01,00120251204122422243
00720251204052110033,12/5/2025,Inv 8,VO99052,94.34,C,007,5379750,8379749,C00703106,????????,3202111001,May Yee Mon Rakhine Fish Paste 50g (1x5x20packs),10,pcs,0.5,WH-PTN01,00720251204043324147
00220251204040217037,12/5/2025,INV(5),VO99016,119.09,C,002,5379729,8379728,C00214901,Home Mart,3202111001,May Yee Mon Rakhine Fish Paste 50g (1x5x20packs),5,pcs,0.25,WH-MDY01,00220251204034828640
00220251204030608007,12/5/2025,INV(19),VO99040,140.01,C,002,5379613,8379612,C00211477,??????????,3202111001,May Yee Mon Rakhine Fish Paste 50g (1x5x20packs),10,pcs,0.5,WH-MDY01,00220251204024435470
00220251204030516657,12/5/2025,INV(27),VO99018,210.62,C,002,5379617,8379616,C00206360,?????????????,3202111001,May Yee Mon Rakhine Fish Paste 50g (1x5x20packs),5,pcs,0.25,WH-MDY01,00220251204024440430
00120251204055425190,12/5/2025,S.DGN/SEIKKAN SHOP-26,VO99060,84.41,C,001,5379642,8379641,C00139195,?????????,3202111001,May Yee Mon Rakhine Fish Paste 50g (1x5x20packs),25,pcs,1.25,DC-YGN01,00120251204024833467
00420251204041020073,12/5/2025,VO99023   inv:  19,VO99023,192.56,C,004,5379634,8379633,C00404334,????????????,3202111001,May Yee Mon Rakhine Fish Paste 50g (1x5x20packs),200,pcs,10,WH-MLM01,00420251204024756727
00120251204055350787,12/5/2025,SPT                 Inv;24,VO99037,152.53,C,001,5379567,8379566,C00151045,???????,3202111001,May Yee Mon Rakhine Fish Paste 50g (1x5x20packs),15,pcs,0.75,DC-YGN01,00120251204022954090
00120251204055218913,12/5/2025,MGLTN/Tamwe                       Inv;23,VO99005,106.64,C,001,5379579,8379578,C00101385,????,3202111001,May Yee Mon Rakhine Fish Paste 50g (1x5x20packs),15,pcs,0.75,DC-YGN01,00120251204023304337
00220251204030542770,12/5/2025,INV(21),VO99019,74.42,C,002,5379564,8379563,C00215335,??????,3202111001,May Yee Mon Rakhine Fish Paste 50g (1x5x20packs),50,pcs,2.5,WH-MDY01,00220251204022632057
00120251204055455197,12/5/2025,"SOKL,YK SHOP-20",VO99046,139.57,C,001,5379568,8379567,C00108446,??????????,3202111001,May Yee Mon Rakhine Fish Paste 50g (1x5x20packs),5,pcs,0.25,DC-YGN01,00120251204022955267
00220251204030542770,12/5/2025,INV(21),VO99019,74.42,C,002,5379555,8379554,C00206863,???????,3202111001,May Yee Mon Rakhine Fish Paste 50g (1x5x20packs),5,pcs,0.25,WH-MDY01,00220251204022330923
01620251204041102773,12/5/2025,"Inv-14, Bago, WAW",VO99083,207.85,C,016,5379707,8379706,C01603670,????????,3202111001,May Yee Mon Rakhine Fish Paste 50g (1x5x20packs),5,pcs,0.25,WH-BGO99,01620251204033005610
00120251204055520713,12/5/2025,NOKL SHOP-44,VO99045,173.34,C,001,5379711,8379710,C00117132,????????,3202111001,May Yee Mon Rakhine Fish Paste 50g (1x5x20packs),25,pcs,1.25,DC-YGN01,00120251204033501230
00220251204035656017,12/5/2025,INV(3),VO99019,5.07,C,002,5379658,8379657,C00208903,Golden City,3202111001,May Yee Mon Rakhine Fish Paste 50g (1x5x20packs),5,pcs,0.25,WH-MDY01,00220251204030009567
00120251204055425190,12/5/2025,S.DGN/SEIKKAN SHOP-26,VO99060,84.41,C,001,5379686,8379685,C00128312,???????????,3202111001,May Yee Mon Rakhine Fish Paste 50g (1x5x20packs),5,pcs,0.25,DC-YGN01,00120251204031636800
00220251204035656017,12/5/2025,INV(3),VO99019,5.07,C,002,5379666,8379665,C00215121,4U Mart,3202111001,May Yee Mon Rakhine Fish Paste 50g (1x5x20packs),10,pcs,0.5,WH-MDY01,00220251204030615317
00220251204035656017,12/5/2025,INV(3),VO99019,5.07,C,002,5379688,8379687,C00214871,Hearty Store,3202111001,May Yee Mon Rakhine Fish Paste 50g (1x5x20packs),5,pcs,0.25,WH-MDY01,00220251204031816820
01620251204035823093,12/5/2025,"Inv-18, Bago, Thatnatpin, Minywar",VO99082,101.93,C,016,5379506,8379505,C01601052,???????? (?),3202111001,May Yee Mon Rakhine Fish Paste 50g (1x5x20packs),25,pcs,1.25,WH-BGO99,01620251204015329383
00220251204030542770,12/5/2025,INV(21),VO99019,74.42,C,002,5379507,8379506,C00211879,??????????,3202111001,May Yee Mon Rakhine Fish Paste 50g (1x5x20packs),25,pcs,1.25,WH-MDY01,00220251204015618370
00220251204030516657,12/5/2025,INV(27),VO99018,210.62,C,002,5379509,8379508,C00200867,?????????,3202111001,May Yee Mon Rakhine Fish Paste 50g (1x5x20packs),100,pcs,5,WH-MDY01,00220251204015919483
01620251204035823093,12/5/2025,"Inv-18, Bago, Thatnatpin, Minywar",VO99082,101.93,C,016,5379512,8379511,C01603856,?????,3202111001,May Yee Mon Rakhine Fish Paste 50g (1x5x20packs),10,pcs,0.5,WH-BGO99,01620251204015932680
00420251204041020073,12/5/2025,VO99023   inv:  19,VO99023,192.56,C,004,5379492,8379491,C00403540,????????????,3202111001,May Yee Mon Rakhine Fish Paste 50g (1x5x20packs),26,pcs,1.3,WH-MLM01,00420251204014120810
01620251204041102773,12/5/2025,"Inv-14, Bago, WAW",VO99083,207.85,C,016,5379502,8379501,C01601251,Sky Waw,3202111001,May Yee Mon Rakhine Fish Paste 50g (1x5x20packs),15,pcs,0.75,WH-BGO99,01620251204014727240
00120251204055411300,12/5/2025,INS                  Inv;41,VO99039,207.42,C,001,5379519,8379518,C00140698,?????????,3202111001,May Yee Mon Rakhine Fish Paste 50g (1x5x20packs),15,pcs,0.75,DC-YGN01,00120251204020528860
00120251204055411300,12/5/2025,INS                  Inv;41,VO99039,207.42,C,001,5379529,8379528,C00124412,?????????,3202111001,May Yee Mon Rakhine Fish Paste 50g (1x5x20packs),25,pcs,1.25,DC-YGN01,00120251204021138090
00220251204030542770,12/5/2025,INV(21),VO99019,74.42,C,002,5379518,8379517,C00214771,?????????? (?),3202111001,May Yee Mon Rakhine Fish Paste 50g (1x5x20packs),15,pcs,0.75,WH-MDY01,00220251204020521433
01620251204035823093,12/5/2025,"Inv-18, Bago, Thatnatpin, Minywar",VO99082,101.93,C,016,5379545,8379544,C01602451,?????,3202111001,May Yee Mon Rakhine Fish Paste 50g (1x5x20packs),50,pcs,2.5,WH-BGO99,01620251204021743410
01620251204035823093,12/5/2025,"Inv-18, Bago, Thatnatpin, Minywar",VO99082,101.93,C,016,5379543,8379542,C01602450,??????,3202111001,May Yee Mon Rakhine Fish Paste 50g (1x5x20packs),50,pcs,2.5,WH-BGO99,01620251204021742200
00220251204030419380,12/5/2025,INV(12),VO99016,49.15,C,002,5379473,8379472,C00212196,??????????????????,3202111001,May Yee Mon Rakhine Fish Paste 50g (1x5x20packs),5,pcs,0.25,WH-MDY01,00220251204013209490
00120251204055411300,12/5/2025,INS                  Inv;41,VO99039,207.42,C,001,5379461,8379460,C00103064,?????????,3202111001,May Yee Mon Rakhine Fish Paste 50g (1x5x20packs),20,pcs,1,DC-YGN01,00120251204011654827
00120251204055433497,12/5/2025,TKT-PZD                  Inv;35,VO99042,125.77,C,001,5379462,8379461,C00150715,????????????,3202111001,May Yee Mon Rakhine Fish Paste 50g (1x5x20packs),15,pcs,0.75,DC-YGN01,00120251204011656990
00120251204043440913,12/5/2025,K Mart-SDG     INV--1,VO99002,3.2,C,001,5379464,8379463,C00153085,K Mart(SDG),3202111001,May Yee Mon Rakhine Fish Paste 50g (1x5x20packs),20,pcs,1,DC-YGN01,00120251204012502247
01620251204035823093,12/5/2025,"Inv-18, Bago, Thatnatpin, Minywar",VO99082,101.93,C,016,5379323,8379322,C01601696,????????????,3202111001,May Yee Mon Rakhine Fish Paste 50g (1x5x20packs),10,pcs,0.5,WH-BGO99,01620251204115217870
00120251204055455197,12/5/2025,"SOKL,YK SHOP-20",VO99046,139.57,C,001,5379318,8379317,C00131132,Glorious Myanmar Mini Mart,3202111001,May Yee Mon Rakhine Fish Paste 50g (1x5x20packs),10,pcs,0.5,DC-YGN01,00120251204114749250
00120251204055150310,12/5/2025,AL/BH/KMD/SC                         Inv;17,VO99004,207.16,C,001,5379361,8379360,C00101744,????? (???????),3202111001,May Yee Mon Rakhine Fish Paste 50g (1x5x20packs),10,pcs,0.5,DC-YGN01,00120251204121226277
00120251204055331843,12/5/2025,HTY SHOP-40,VO99063,172.61,C,001,5379362,8379361,C00136462,Kyan Sit Thar Mini Mart,3202111001,May Yee Mon Rakhine Fish Paste 50g (1x5x20packs),10,pcs,0.5,DC-YGN01,00120251204121228597
00720251204041153110,12/5/2025,inv 16,VO99052,117.9,C,007,5379347,8379346,C00700986,????????????,3202111001,May Yee Mon Rakhine Fish Paste 50g (1x5x20packs),20,pcs,1,WH-PTN01,00720251204120434140
00120251204055252693,12/5/2025,LT/PBD/LMD                 Inv;22,VO99012,81.7,C,001,5379336,8379335,C00143635,??????????????,3202111001,May Yee Mon Rakhine Fish Paste 50g (1x5x20packs),50,pcs,2.5,DC-YGN01,00120251204120008437
01620251204041102773,12/5/2025,"Inv-14, Bago, WAW",VO99083,207.85,C,016,5379359,8379358,C01602111,???????,3202111001,May Yee Mon Rakhine Fish Paste 50g (1x5x20packs),100,pcs,5,WH-BGO99,01620251204121039377
00120251204055303940,12/5/2025,TGG SHOP-29,VO99106,118.32,C,001,5379369,8379368,C00112867,?????????????,3202111001,May Yee Mon Rakhine Fish Paste 50g (1x5x20packs),15,pcs,0.75,DC-YGN01,00120251204121237893
01620251204041102773,12/5/2025,"Inv-14, Bago, WAW",VO99083,207.85,C,016,5379383,8379382,C01603618,Ma Htet Htet(1),3202111001,May Yee Mon Rakhine Fish Paste 50g (1x5x20packs),200,pcs,10,WH-BGO99,01620251204121941917
00520251204025447907,12/5/2025,"MMZ ,KS Inv [ 31 ]",VO99028,156.27,C,005,5379400,8379399,C00500623,Shwe Kaung Kin,3202111001,May Yee Mon Rakhine Fish Paste 50g (1x5x20packs),15,pcs,0.75,WH-NPT01,00520251204122554193
00420251204041020073,12/5/2025,VO99023   inv:  19,VO99023,192.56,C,004,5379306,8379305,C00400213,?????????,3202111001,May Yee Mon Rakhine Fish Paste 50g (1x5x20packs),50,pcs,2.5,WH-MLM01,00420251204114610813
01120251204025619813,12/5/2025,"TKS,PHM,Inv-15",VO99071,50.42,C,011,5379248,8379247,C01100487,????,3202111001,May Yee Mon Rakhine Fish Paste 50g (1x5x20packs),10,pcs,0.5,WH-MGW01,01120251204113103670
00120251204055150310,12/5/2025,AL/BH/KMD/SC                         Inv;17,VO99004,207.16,C,001,5379241,8379240,C00104768,Spirit,3202111001,May Yee Mon Rakhine Fish Paste 50g (1x5x20packs),15,pcs,0.75,DC-YGN01,00120251204112910483
00120251204055455197,12/5/2025,"SOKL,YK SHOP-20",VO99046,139.57,C,001,5379184,8379183,C00105840,?????,3202111001,May Yee Mon Rakhine Fish Paste 50g (1x5x20packs),15,pcs,0.75,DC-YGN01,00120251204111631480
00720251204041153110,12/5/2025,inv 16,VO99052,117.9,C,007,5379214,8379213,C00700369,???????,3202111001,May Yee Mon Rakhine Fish Paste 50g (1x5x20packs),10,pcs,0.5,WH-PTN01,00720251204112457460
01620251204035823093,12/5/2025,"Inv-18, Bago, Thatnatpin, Minywar",VO99082,101.93,C,016,5379216,8379215,C01602145,????????????,3202111001,May Yee Mon Rakhine Fish Paste 50g (1x5x20packs),20,pcs,1,WH-BGO99,01620251204112500943
01120251204025619813,12/5/2025,"TKS,PHM,Inv-15",VO99071,50.42,C,011,5379215,8379214,C01105470,??? ?????,3202111001,May Yee Mon Rakhine Fish Paste 50g (1x5x20packs),10,pcs,0.5,WH-MGW01,01120251204112459487
00120251204055455197,12/5/2025,"SOKL,YK SHOP-20",VO99046,139.57,C,001,5379225,8379224,C00136625,Yan Shin Mart,3202111001,May Yee Mon Rakhine Fish Paste 50g (1x5x20packs),20,pcs,1,DC-YGN01,00120251204112600420
00120251204055355003,12/5/2025,MGLD SHOP-11,VO99061,170.32,C,001,5379236,8379235,C00128507,???????,3202111001,May Yee Mon Rakhine Fish Paste 50g (1x5x20packs),10,pcs,0.5,DC-YGN01,00120251204112905917
00120251204055303940,12/5/2025,TGG SHOP-29,VO99106,118.32,C,001,5378766,8378765,C00102927,???????????,3202111001,May Yee Mon Rakhine Fish Paste 50g (1x5x20packs),5,pcs,0.25,DC-YGN01,00120251204094333763
00120251204055411300,12/5/2025,INS                  Inv;41,VO99039,207.42,C,001,5378822,8378821,C00113799,?????????,3202111001,May Yee Mon Rakhine Fish Paste 50g (1x5x20packs),5,pcs,0.25,DC-YGN01,00120251204095549870
00620251204032832147,12/5/2025,V54(1),VO99054,31.89,C,006,5378813,8378812,C00603980,??????? ????????????,3202111001,May Yee Mon Rakhine Fish Paste 50g (1x5x20packs),20,pcs,1,WH-TGI02,00620251204095439633
00420251204041020073,12/5/2025,VO99023   inv:  19,VO99023,192.56,C,004,5378832,8378831,C00400203,?????????,3202111001,May Yee Mon Rakhine Fish Paste 50g (1x5x20packs),100,pcs,5,WH-MLM01,00420251204095741680
00220251204030516657,12/5/2025,INV(27),VO99018,210.62,C,002,5378829,8378828,C00214804,Oasis Mini Mart,3202111001,May Yee Mon Rakhine Fish Paste 50g (1x5x20packs),5,pcs,0.25,WH-MDY01,00220251204095732033
00520251204025521037,12/5/2025,TPK Inv [ 10 ] ,VO99038,66.72,C,005,5378904,8378903,C00500603,??????????,3202111001,May Yee Mon Rakhine Fish Paste 50g (1x5x20packs),10,pcs,0.5,WH-NPT01,00520251204101603350
00120251204055350787,12/5/2025,SPT                 Inv;24,VO99037,152.53,C,001,5378921,8378920,C00136979,Daw Nyein Win,3202111001,May Yee Mon Rakhine Fish Paste 50g (1x5x20packs),5,pcs,0.25,DC-YGN01,00120251204101752973
00120251204055433497,12/5/2025,TKT-PZD                  Inv;35,VO99042,125.77,C,001,5378855,8378854,C00116721,??????,3202111001,May Yee Mon Rakhine Fish Paste 50g (1x5x20packs),10,pcs,0.5,DC-YGN01,00120251204100210210
00520251204025521037,12/5/2025,TPK Inv [ 10 ] ,VO99038,66.72,C,005,5378851,8378850,C00504019,??????,3202111001,May Yee Mon Rakhine Fish Paste 50g (1x5x20packs),20,pcs,1,WH-NPT01,00520251204100050227
00420251204041020073,12/5/2025,VO99023   inv:  19,VO99023,192.56,C,004,5378862,8378861,C00404977,K MART,3202111001,May Yee Mon Rakhine Fish Paste 50g (1x5x20packs),50,pcs,2.5,WH-MLM01,00420251204100345057
00220251204030516657,12/5/2025,INV(27),VO99018,210.62,C,002,5378864,8378863,C00217727,MK Mini Market,3202111001,May Yee Mon Rakhine Fish Paste 50g (1x5x20packs),10,pcs,0.5,WH-MDY01,00220251204100354120
00220251204030608007,12/5/2025,INV(19),VO99040,140.01,C,002,5378736,8378735,C00212351,???????????,3202111001,May Yee Mon Rakhine Fish Paste 50g (1x5x20packs),5,pcs,0.25,WH-MDY01,00220251204093321990
00120251204055312437,12/5/2025,HL/KMY                  Inv;21,VO99032,71.52,C,001,5378747,8378746,C00140023,??? ???????,3202111001,May Yee Mon Rakhine Fish Paste 50g (1x5x20packs),5,pcs,0.25,DC-YGN01,00120251204093718783
00420251204041020073,12/5/2025,VO99023   inv:  19,VO99023,192.56,C,004,5378759,8378758,C00400938,?????,3202111001,May Yee Mon Rakhine Fish Paste 50g (1x5x20packs),100,pcs,5,WH-MLM01,00420251204094224250
00520251204025447907,12/5/2025,"MMZ ,KS Inv [ 31 ]",VO99028,156.27,C,005,5378760,8378759,C00500003,???????????,3202111001,May Yee Mon Rakhine Fish Paste 50g (1x5x20packs),10,pcs,0.5,WH-NPT01,00520251204094226370
00220251204030608007,12/5/2025,INV(19),VO99040,140.01,C,002,5378696,8378695,C00206617,??????????,3202111001,May Yee Mon Rakhine Fish Paste 50g (1x5x20packs),10,pcs,0.5,WH-MDY01,00220251204092107467
00120251204055411300,12/5/2025,INS                  Inv;41,VO99039,207.42,C,001,5378712,8378711,C00127087,???????????(????????????),3202111001,May Yee Mon Rakhine Fish Paste 50g (1x5x20packs),5,pcs,0.25,DC-YGN01,00120251204092447720
00520251204025521037,12/5/2025,TPK Inv [ 10 ] ,VO99038,66.72,C,005,5378726,8378725,C00504397,Cherry Mart,3202111001,May Yee Mon Rakhine Fish Paste 50g (1x5x20packs),10,pcs,0.5,WH-NPT01,00520251204093018783
00120251204055312437,12/5/2025,HL/KMY                  Inv;21,VO99032,71.52,C,001,5378713,8378712,C00131628,Seven Store,3202111001,May Yee Mon Rakhine Fish Paste 50g (1x5x20packs),5,pcs,0.25,DC-YGN01,00120251204092459250
00120251204055411300,12/5/2025,INS                  Inv;41,VO99039,207.42,C,001,5378666,8378665,C00107974,?????????,3202111001,May Yee Mon Rakhine Fish Paste 50g (1x5x20packs),15,pcs,0.75,DC-YGN01,00120251204091236520
00520251204025521037,12/5/2025,TPK Inv [ 10 ] ,VO99038,66.72,C,005,5378652,8378651,C00500667,??????????,3202111001,May Yee Mon Rakhine Fish Paste 50g (1x5x20packs),5,pcs,0.25,WH-NPT01,00520251203111406963
00120251204021024050,12/5/2025,SGH-HTY     INV--1,VO99010,8.18,C,001,5378647,8378646,C00127887,Sein Gay Har - HTY,3202111001,May Yee Mon Rakhine Fish Paste 50g (1x5x20packs),20,pcs,1,DC-YGN01,00120251204090142110
00120251204055331843,12/5/2025,HTY SHOP-40,VO99063,172.61,C,001,5378669,8378668,C00145234,?????????,3202111001,May Yee Mon Rakhine Fish Paste 50g (1x5x20packs),15,pcs,0.75,DC-YGN01,00120251204091240990
00220251204030542770,12/5/2025,INV(21),VO99019,74.42,C,002,5378248,8378247,C00200862,????????,3202111001,May Yee Mon Rakhine Fish Paste 50g (1x5x20packs),10,pcs,0.5,WH-MDY01,00220251203020128823
00220251204030516657,12/5/2025,INV(27),VO99018,210.62,C,002,5378336,8378335,C00213947,?????????,3202111001,May Yee Mon Rakhine Fish Paste 50g (1x5x20packs),15,pcs,0.75,WH-MDY01,00220251203020558363
00120251204055455197,12/5/2025,"SOKL,YK SHOP-20",VO99046,139.57,C,001,5378125,8378124,C00139826,???????????,3202111001,May Yee Mon Rakhine Fish Paste 50g (1x5x20packs),5,pcs,0.25,DC-YGN01,00120251203124217877
00120251204055455197,12/5/2025,"SOKL,YK SHOP-20",VO99046,139.57,C,001,5379050,8379049,C00136747,?????????,3202111001,May Yee Mon Rakhine Fish Paste 50g (1x5x20packs),10,pcs,0.5,DC-YGN01,00120251204105033697
00420251204041020073,12/5/2025,VO99023   inv:  19,VO99023,192.56,C,004,5378937,8378936,C00400057,??????????,3202111001,May Yee Mon Rakhine Fish Paste 50g (1x5x20packs),10,pcs,0.5,WH-MLM01,00420251204102206710
00120251204055350787,12/5/2025,SPT                 Inv;24,VO99037,152.53,C,001,5378978,8378977,C00121748,?????????,3202111001,May Yee Mon Rakhine Fish Paste 50g (1x5x20packs),5,pcs,0.25,DC-YGN01,00120251204103359383
00120251204032000647,12/5/2025,Day To Day     INV--2,VO99033,14.25,C,001,5379136,8379135,C00104653,Day to Day,3202111001,May Yee Mon Rakhine Fish Paste 50g (1x5x20packs),20,pcs,1,DC-YGN01,00120251204110434287
00120251204055411300,12/5/2025,INS                  Inv;41,VO99039,207.42,C,001,5379121,8379120,C00107179,???????,3202111001,May Yee Mon Rakhine Fish Paste 50g (1x5x20packs),15,pcs,0.75,DC-YGN01,00120251204110329600
00220251204030447237,12/5/2025,INV(24),VO99017,270.54,C,002,5379111,8379110,C00206035,????????????,3202111001,May Yee Mon Rakhine Fish Paste 50g (1x5x20packs),5,pcs,0.25,WH-MDY01,00220251204110128860
00620251204032832147,12/5/2025,V54(1),VO99054,31.89,C,006,5379090,8379089,C00600383,??????,3202111001,May Yee Mon Rakhine Fish Paste 50g (1x5x20packs),25,pcs,1.25,WH-TGI02,00620251204105737463
00120251204055520713,12/5/2025,NOKL SHOP-44,VO99045,173.34,C,001,5379067,8379066,C00136366,????????,3202111001,May Yee Mon Rakhine Fish Paste 50g (1x5x20packs),10,pcs,0.5,DC-YGN01,00120251204105340583
00220251204030608007,12/5/2025,INV(19),VO99040,140.01,C,002,5379082,8379081,C00211376,Top One,3202111001,May Yee Mon Rakhine Fish Paste 50g (1x5x20packs),5,pcs,0.25,WH-MDY01,00220251204105523597
00120251204055303940,12/5/2025,TGG SHOP-29,VO99106,118.32,C,001,5379084,8379083,C00106077,Ko Zaw,3202111001,May Yee Mon Rakhine Fish Paste 50g (1x5x20packs),15,pcs,0.75,DC-YGN01,00120251204105705177
00120251204055520713,12/5/2025,NOKL SHOP-44,VO99045,173.34,C,001,5379067,8379066,C00136366,????????,3202111002,May Yee Mon Marine Fish Paste 50g (1x5x20packs),10,pcs,0.5,DC-YGN01,00120251204105340583
00120251204115953927,12/5/2025,"Khayan  ( INV - 1 ) ,  All Products ",VO99014,36.9,C,001,5379066,8379065,C00127051,SD-YGN-Khayan,3202111002,May Yee Mon Marine Fish Paste 50g (1x5x20packs),200,pcs,10,WH-MLM01,00120251204105249323
00120251204055333027,12/5/2025,MYG                Inv;23,VO99035,88.27,C,001,5379075,8379074,C00130523,Shop & Shop,3202111002,May Yee Mon Marine Fish Paste 50g (1x5x20packs),5,pcs,0.25,DC-YGN01,00120251204105353100
00120251204055331843,12/5/2025,HTY SHOP-40,VO99063,172.61,C,001,5379097,8379096,C00112829,??????????,3202111002,May Yee Mon Marine Fish Paste 50g (1x5x20packs),10,pcs,0.5,DC-YGN01,00120251204110013517
00120251204055411300,12/5/2025,INS                  Inv;41,VO99039,207.42,C,001,5379118,8379117,C00138756,One More,3202111002,May Yee Mon Marine Fish Paste 50g (1x5x20packs),10,pcs,0.5,DC-YGN01,00120251204110325060
00120251204055411300,12/5/2025,INS                  Inv;41,VO99039,207.42,C,001,5379121,8379120,C00107179,???????,3202111002,May Yee Mon Marine Fish Paste 50g (1x5x20packs),15,pcs,0.75,DC-YGN01,00120251204110329600
00120251204115840633,12/5/2025,"Letpadan  ( INV - 1 ) , All Producrs ",VO99014,254.71,C,001,5379133,8379132,C00108770,SD-YGN-Letpadan,3202111002,May Yee Mon Marine Fish Paste 50g (1x5x20packs),500,pcs,25,WH-MLM01,00120251204110405923
00120251204055303940,12/5/2025,TGG SHOP-29,VO99106,118.32,C,001,5379150,8379149,C00145116,?????????????????,3202111002,May Yee Mon Marine Fish Paste 50g (1x5x20packs),10,pcs,0.5,DC-YGN01,00120251204110650823
00120251204115907770,12/5/2025,"Taikkyi  ( INV - 1 ) , All Producrs ",VO99014,208.43,C,001,5379142,8379141,C00126192,SD-YGN-Taikkyi,3202111002,May Yee Mon Marine Fish Paste 50g (1x5x20packs),500,pcs,25,WH-MLM01,00120251204110551400
00120251204055218913,12/5/2025,MGLTN/Tamwe                       Inv;23,VO99005,106.64,C,001,5378976,8378975,C00140731,?????,3202111002,May Yee Mon Marine Fish Paste 50g (1x5x20packs),5,pcs,0.25,DC-YGN01,00120251204103354900
00120251204055520713,12/5/2025,NOKL SHOP-44,VO99045,173.34,C,001,5378993,8378992,C00126492,???????,3202111002,May Yee Mon Marine Fish Paste 50g (1x5x20packs),5,pcs,0.25,DC-YGN01,00120251204103711087
00120251204055455197,12/5/2025,"SOKL,YK SHOP-20",VO99046,139.57,C,001,5379050,8379049,C00136747,?????????,3202111002,May Yee Mon Marine Fish Paste 50g (1x5x20packs),10,pcs,0.5,DC-YGN01,00120251204105033697
00120251204055333027,12/5/2025,MYG                Inv;23,VO99035,88.27,C,001,5379034,8379033,C00101107,Ma Thida,3202111002,May Yee Mon Marine Fish Paste 50g (1x5x20packs),5,pcs,0.25,DC-YGN01,00120251204104719670
00120251204055218913,12/5/2025,MGLTN/Tamwe                       Inv;23,VO99005,106.64,C,001,5379031,8379030,C00103347,????????,3202111002,May Yee Mon Marine Fish Paste 50g (1x5x20packs),10,pcs,0.5,DC-YGN01,00120251204104716037
00120251204115926893,12/5/2025,"Pakokku  ( INV - 1 ) , All Producrs ",VO99014,187,C,001,5379043,8379042,C00202760,SD-MDY-Pakokku,3202111002,May Yee Mon Marine Fish Paste 50g (1x5x20packs),300,pcs,15,WH-MDY01,00120251204104848533
00120251204055355003,12/5/2025,MGLD SHOP-11,VO99061,170.32,C,001,5379001,8379000,C00105735,?????,3202111002,May Yee Mon Marine Fish Paste 50g (1x5x20packs),25,pcs,1.25,DC-YGN01,00120251204103730577
00120251204055520713,12/5/2025,NOKL SHOP-44,VO99045,173.34,C,001,5379010,8379009,C00125056,???????????,3202111002,May Yee Mon Marine Fish Paste 50g (1x5x20packs),25,pcs,1.25,DC-YGN01,00120251204104043500
00120251204055411300,12/5/2025,INS                  Inv;41,VO99039,207.42,C,001,5379023,8379022,C00136257,?????????,3202111002,May Yee Mon Marine Fish Paste 50g (1x5x20packs),5,pcs,0.25,DC-YGN01,00120251204104407390
00120251204055455197,12/5/2025,"SOKL,YK SHOP-20",VO99046,139.57,C,001,5378125,8378124,C00139826,???????????,3202111002,May Yee Mon Marine Fish Paste 50g (1x5x20packs),5,pcs,0.25,DC-YGN01,00120251203124217877
00120251204055520713,12/5/2025,NOKL SHOP-44,VO99045,173.34,C,001,5378632,8378631,C00152006,????????????,3202111002,May Yee Mon Marine Fish Paste 50g (1x5x20packs),10,pcs,0.5,DC-YGN01,00120251203110437780
00120251204055331843,12/5/2025,HTY SHOP-40,VO99063,172.61,C,001,5378636,8378635,C00140290,?????????????,3202111002,May Yee Mon Marine Fish Paste 50g (1x5x20packs),30,pcs,1.5,DC-YGN01,00120251204085002120
00120251204055331843,12/5/2025,HTY SHOP-40,VO99063,172.61,C,001,5378642,8378641,C00125918,????????????,3202111002,May Yee Mon Marine Fish Paste 50g (1x5x20packs),5,pcs,0.25,DC-YGN01,00120251204085922700
00120251204055331843,12/5/2025,HTY SHOP-40,VO99063,172.61,C,001,5378669,8378668,C00145234,?????????,3202111002,May Yee Mon Marine Fish Paste 50g (1x5x20packs),5,pcs,0.25,DC-YGN01,00120251204091240990
00120251204055411300,12/5/2025,INS                  Inv;41,VO99039,207.42,C,001,5378666,8378665,C00107974,?????????,3202111002,May Yee Mon Marine Fish Paste 50g (1x5x20packs),10,pcs,0.5,DC-YGN01,00120251204091236520
00120251204055312437,12/5/2025,HL/KMY                  Inv;21,VO99032,71.52,C,001,5378713,8378712,C00131628,Seven Store,3202111002,May Yee Mon Marine Fish Paste 50g (1x5x20packs),5,pcs,0.25,DC-YGN01,00120251204092459250
00120251204055411300,12/5/2025,INS                  Inv;41,VO99039,207.42,C,001,5378712,8378711,C00127087,???????????(????????????),3202111002,May Yee Mon Marine Fish Paste 50g (1x5x20packs),5,pcs,0.25,DC-YGN01,00120251204092447720
00120251204055333027,12/5/2025,MYG                Inv;23,VO99035,88.27,C,001,5378762,8378761,C00134136,Idea Mini Mart,3202111002,May Yee Mon Marine Fish Paste 50g (1x5x20packs),10,pcs,0.5,DC-YGN01,00120251204094328833
00120251204055218913,12/5/2025,MGLTN/Tamwe                       Inv;23,VO99005,106.64,C,001,5378877,8378876,C00127768,O Zone,3202111002,May Yee Mon Marine Fish Paste 50g (1x5x20packs),10,pcs,0.5,DC-YGN01,00120251204100822120
00120251204055303940,12/5/2025,TGG SHOP-29,VO99106,118.32,C,001,5378868,8378867,C00139869,?????????,3202111002,May Yee Mon Marine Fish Paste 50g (1x5x20packs),5,pcs,0.25,DC-YGN01,00120251204100518573
00120251204055453930,12/5/2025,NDG/EDG                 Inv;19,VO99043,65.06,C,001,5378857,8378856,C00101479,????????????,3202111002,May Yee Mon Marine Fish Paste 50g (1x5x20packs),5,pcs,0.25,DC-YGN01,00120251204100213537
00120251204055350787,12/5/2025,SPT                 Inv;24,VO99037,152.53,C,001,5378921,8378920,C00136979,Daw Nyein Win,3202111002,May Yee Mon Marine Fish Paste 50g (1x5x20packs),5,pcs,0.25,DC-YGN01,00120251204101752973
00120251204055411300,12/5/2025,INS                  Inv;41,VO99039,207.42,C,001,5378822,8378821,C00113799,?????????,3202111002,May Yee Mon Marine Fish Paste 50g (1x5x20packs),5,pcs,0.25,DC-YGN01,00120251204095549870
00120251204055303940,12/5/2025,TGG SHOP-29,VO99106,118.32,C,001,5378766,8378765,C00102927,???????????,3202111002,May Yee Mon Marine Fish Paste 50g (1x5x20packs),5,pcs,0.25,DC-YGN01,00120251204094333763
00120251204055355003,12/5/2025,MGLD SHOP-11,VO99061,170.32,C,001,5379236,8379235,C00128507,???????,3202111002,May Yee Mon Marine Fish Paste 50g (1x5x20packs),10,pcs,0.5,DC-YGN01,00120251204112905917
00120251204055331843,12/5/2025,HTY SHOP-40,VO99063,172.61,C,001,5379227,8379226,C00125604,??????????????,3202111002,May Yee Mon Marine Fish Paste 50g (1x5x20packs),10,pcs,0.5,DC-YGN01,00120251204112603490
00120251204055455197,12/5/2025,"SOKL,YK SHOP-20",VO99046,139.57,C,001,5379225,8379224,C00136625,Yan Shin Mart,3202111002,May Yee Mon Marine Fish Paste 50g (1x5x20packs),10,pcs,0.5,DC-YGN01,00120251204112600420
00120251204055455197,12/5/2025,"SOKL,YK SHOP-20",VO99046,139.57,C,001,5379184,8379183,C00105840,?????,3202111002,May Yee Mon Marine Fish Paste 50g (1x5x20packs),15,pcs,0.75,DC-YGN01,00120251204111631480
00120251204055218913,12/5/2025,MGLTN/Tamwe                       Inv;23,VO99005,106.64,C,001,5379180,8379179,C00112875,???????,3202111002,May Yee Mon Marine Fish Paste 50g (1x5x20packs),10,pcs,0.5,DC-YGN01,00120251204111328370
00120251204055331843,12/5/2025,HTY SHOP-40,VO99063,172.61,C,001,5379187,8379186,C00114349,?????????,3202111002,May Yee Mon Marine Fish Paste 50g (1x5x20packs),10,pcs,0.5,DC-YGN01,00120251204111634470
00120251204055333027,12/5/2025,MYG                Inv;23,VO99035,88.27,C,001,5379207,8379206,C00142741,?????,3202111002,May Yee Mon Marine Fish Paste 50g (1x5x20packs),5,pcs,0.25,DC-YGN01,00120251204112249107
00120251204055150310,12/5/2025,AL/BH/KMD/SC                         Inv;17,VO99004,207.16,C,001,5379241,8379240,C00104768,Spirit,3202111002,May Yee Mon Marine Fish Paste 50g (1x5x20packs),15,pcs,0.75,DC-YGN01,00120251204112910483
00120251204055453930,12/5/2025,NDG/EDG                 Inv;19,VO99043,65.06,C,001,5379260,8379259,C00113515,???????????????,3202111002,May Yee Mon Marine Fish Paste 50g (1x5x20packs),10,pcs,0.5,DC-YGN01,00120251204113221900
00120251204055331843,12/5/2025,HTY SHOP-40,VO99063,172.61,C,001,5379402,8379401,C00145440,??????????,3202111002,May Yee Mon Marine Fish Paste 50g (1x5x20packs),10,pcs,0.5,DC-YGN01,00120251204122756470
00120251204055303940,12/5/2025,TGG SHOP-29,VO99106,118.32,C,001,5379369,8379368,C00112867,?????????????,3202111002,May Yee Mon Marine Fish Paste 50g (1x5x20packs),15,pcs,0.75,DC-YGN01,00120251204121237893
00120251204055252693,12/5/2025,LT/PBD/LMD                 Inv;22,VO99012,81.7,C,001,5379336,8379335,C00143635,??????????????,3202111002,May Yee Mon Marine Fish Paste 50g (1x5x20packs),50,pcs,2.5,DC-YGN01,00120251204120008437
00120251204055331843,12/5/2025,HTY SHOP-40,VO99063,172.61,C,001,5379362,8379361,C00136462,Kyan Sit Thar Mini Mart,3202111002,May Yee Mon Marine Fish Paste 50g (1x5x20packs),10,pcs,0.5,DC-YGN01,00120251204121228597
00120251204055150310,12/5/2025,AL/BH/KMD/SC                         Inv;17,VO99004,207.16,C,001,5379361,8379360,C00101744,????? (???????),3202111002,May Yee Mon Marine Fish Paste 50g (1x5x20packs),10,pcs,0.5,DC-YGN01,00120251204121226277
00120251204055333027,12/5/2025,MYG                Inv;23,VO99035,88.27,C,001,5379312,8379311,C00132948,???????????,3202111002,May Yee Mon Marine Fish Paste 50g (1x5x20packs),10,pcs,0.5,DC-YGN01,00120251204114741090
00120251204055150310,12/5/2025,AL/BH/KMD/SC                         Inv;17,VO99004,207.16,C,001,5379331,8379330,C00137536,Buy & GO,3202111002,May Yee Mon Marine Fish Paste 50g (1x5x20packs),5,pcs,0.25,DC-YGN01,00120251204115703210
00120251204055433497,12/5/2025,TKT-PZD                  Inv;35,VO99042,125.77,C,001,5379462,8379461,C00150715,????????????,3202111002,May Yee Mon Marine Fish Paste 50g (1x5x20packs),20,pcs,1,DC-YGN01,00120251204011656990
00120251204055303940,12/5/2025,TGG SHOP-29,VO99106,118.32,C,001,5379484,8379483,C00150103,???????????,3202111002,May Yee Mon Marine Fish Paste 50g (1x5x20packs),5,pcs,0.25,DC-YGN01,00120251204014111990
00120251204055331843,12/5/2025,HTY SHOP-40,VO99063,172.61,C,001,5379429,8379428,C00114656,?????????????? (?),3202111002,May Yee Mon Marine Fish Paste 50g (1x5x20packs),10,pcs,0.5,DC-YGN01,00120251204124616923
00120251204055411300,12/5/2025,INS                  Inv;41,VO99039,207.42,C,001,5379431,8379430,C00142752,??????,3202111002,May Yee Mon Marine Fish Paste 50g (1x5x20packs),10,pcs,0.5,DC-YGN01,00120251204124919630
00120251204055331843,12/5/2025,HTY SHOP-40,VO99063,172.61,C,001,5379449,8379448,C00152798,???????,3202111002,May Yee Mon Marine Fish Paste 50g (1x5x20packs),5,pcs,0.25,DC-YGN01,00120251204010737823
00120251204055303940,12/5/2025,TGG SHOP-29,VO99106,118.32,C,001,5379530,8379529,C00129110,?????,3202111002,May Yee Mon Marine Fish Paste 50g (1x5x20packs),10,pcs,0.5,DC-YGN01,00120251204021139060
00120251204055411300,12/5/2025,INS                  Inv;41,VO99039,207.42,C,001,5379529,8379528,C00124412,?????????,3202111002,May Yee Mon Marine Fish Paste 50g (1x5x20packs),10,pcs,0.5,DC-YGN01,00120251204021138090
00120251204055411300,12/5/2025,INS                  Inv;41,VO99039,207.42,C,001,5379519,8379518,C00140698,?????????,3202111002,May Yee Mon Marine Fish Paste 50g (1x5x20packs),15,pcs,0.75,DC-YGN01,00120251204020528860
00120251204055411300,12/5/2025,INS                  Inv;41,VO99039,207.42,C,001,5379487,8379486,C00111984,???????,3202111002,May Yee Mon Marine Fish Paste 50g (1x5x20packs),5,pcs,0.25,DC-YGN01,00120251204014114020
00120251204055333027,12/5/2025,MYG                Inv;23,VO99035,88.27,C,001,5379681,8379680,C00131312,?????????,3202111002,May Yee Mon Marine Fish Paste 50g (1x5x20packs),10,pcs,0.5,DC-YGN01,00120251204031326197
00120251204055425190,12/5/2025,S.DGN/SEIKKAN SHOP-26,VO99060,84.41,C,001,5379686,8379685,C00128312,???????????,3202111002,May Yee Mon Marine Fish Paste 50g (1x5x20packs),5,pcs,0.25,DC-YGN01,00120251204031636800
00120251204055333027,12/5/2025,MYG                Inv;23,VO99035,88.27,C,001,5379668,8379667,C00144400,???,3202111002,May Yee Mon Marine Fish Paste 50g (1x5x20packs),25,pcs,1.25,DC-YGN01,00120251204030713887
00120251204055520713,12/5/2025,NOKL SHOP-44,VO99045,173.34,C,001,5379654,8379653,C00136599,????????????,3202111002,May Yee Mon Marine Fish Paste 50g (1x5x20packs),5,pcs,0.25,DC-YGN01,00120251204025444730
00120251204055520713,12/5/2025,NOKL SHOP-44,VO99045,173.34,C,001,5379711,8379710,C00117132,????????,3202111002,May Yee Mon Marine Fish Paste 50g (1x5x20packs),25,pcs,1.25,DC-YGN01,00120251204033501230
00120251204055333027,12/5/2025,MYG                Inv;23,VO99035,88.27,C,001,5379708,8379707,C00142758,????????????,3202111002,May Yee Mon Marine Fish Paste 50g (1x5x20packs),5,pcs,0.25,DC-YGN01,00120251204033200010
00120251204055234630,12/5/2025,TLN/KT SHOP-11,VO99113,43.87,C,001,5379713,8379712,C00800920,????????,3202111002,May Yee Mon Marine Fish Paste 50g (1x5x20packs),10,pcs,0.5,DC-YGN01,00120251204033503643
00120251204055455197,12/5/2025,"SOKL,YK SHOP-20",VO99046,139.57,C,001,5379568,8379567,C00108446,??????????,3202111002,May Yee Mon Marine Fish Paste 50g (1x5x20packs),5,pcs,0.25,DC-YGN01,00120251204022955267
00120251204055218913,12/5/2025,MGLTN/Tamwe                       Inv;23,VO99005,106.64,C,001,5379579,8379578,C00101385,????,3202111002,May Yee Mon Marine Fish Paste 50g (1x5x20packs),5,pcs,0.25,DC-YGN01,00120251204023304337
00120251204055350787,12/5/2025,SPT                 Inv;24,VO99037,152.53,C,001,5379567,8379566,C00151045,???????,3202111002,May Yee Mon Marine Fish Paste 50g (1x5x20packs),25,pcs,1.25,DC-YGN01,00120251204022954090
00120251204055425190,12/5/2025,S.DGN/SEIKKAN SHOP-26,VO99060,84.41,C,001,5379642,8379641,C00139195,?????????,3202111002,May Yee Mon Marine Fish Paste 50g (1x5x20packs),35,pcs,1.75,DC-YGN01,00120251204024833467
00420251204041020073,12/5/2025,VO99023   inv:  19,VO99023,192.56,C,004,5379634,8379633,C00404334,????????????,3202111003,May Yee Mon Fish Sauce 50g (1x5x20packs),200,pcs,10,WH-MLM01,00420251204024756727
00220251204030516657,12/5/2025,INV(27),VO99018,210.62,C,002,5379626,8379625,C00216919,????????????,3202111003,May Yee Mon Fish Sauce 50g (1x5x20packs),5,pcs,0.25,WH-MDY01,00220251204024452663
00220251204030516657,12/5/2025,INV(27),VO99018,210.62,C,002,5379617,8379616,C00206360,?????????????,3202111003,May Yee Mon Fish Sauce 50g (1x5x20packs),15,pcs,0.75,WH-MDY01,00220251204024440430
00220251204030608007,12/5/2025,INV(19),VO99040,140.01,C,002,5379613,8379612,C00211477,??????????,3202111003,May Yee Mon Fish Sauce 50g (1x5x20packs),15,pcs,0.75,WH-MDY01,00220251204024435470
00120251204055350787,12/5/2025,SPT                 Inv;24,VO99037,152.53,C,001,5379567,8379566,C00151045,???????,3202111003,May Yee Mon Fish Sauce 50g (1x5x20packs),15,pcs,0.75,DC-YGN01,00120251204022954090
00120251204055218913,12/5/2025,MGLTN/Tamwe                       Inv;23,VO99005,106.64,C,001,5379579,8379578,C00101385,????,3202111003,May Yee Mon Fish Sauce 50g (1x5x20packs),5,pcs,0.25,DC-YGN01,00120251204023304337
00220251204030542770,12/5/2025,INV(21),VO99019,74.42,C,002,5379564,8379563,C00215335,??????,3202111003,May Yee Mon Fish Sauce 50g (1x5x20packs),200,pcs,10,WH-MDY01,00220251204022632057
00120251204055455197,12/5/2025,"SOKL,YK SHOP-20",VO99046,139.57,C,001,5379568,8379567,C00108446,??????????,3202111003,May Yee Mon Fish Sauce 50g (1x5x20packs),5,pcs,0.25,DC-YGN01,00120251204022955267
01620251204041102773,12/5/2025,"Inv-14, Bago, WAW",VO99083,207.85,C,016,5379565,8379564,C01601212,??????????,3202111003,May Yee Mon Fish Sauce 50g (1x5x20packs),10,pcs,0.5,WH-BGO99,01620251204022950617
00120251204055520713,12/5/2025,NOKL SHOP-44,VO99045,173.34,C,001,5379711,8379710,C00117132,????????,3202111003,May Yee Mon Fish Sauce 50g (1x5x20packs),50,pcs,2.5,DC-YGN01,00120251204033501230
01620251204041102773,12/5/2025,"Inv-14, Bago, WAW",VO99083,207.85,C,016,5379707,8379706,C01603670,????????,3202111003,May Yee Mon Fish Sauce 50g (1x5x20packs),5,pcs,0.25,WH-BGO99,01620251204033005610
00220251204035656017,12/5/2025,INV(3),VO99019,5.07,C,002,5379658,8379657,C00208903,Golden City,3202111003,May Yee Mon Fish Sauce 50g (1x5x20packs),5,pcs,0.25,WH-MDY01,00220251204030009567
00120251204055234630,12/5/2025,TLN/KT SHOP-11,VO99113,43.87,C,001,5379682,8379681,C00802099,?????????????,3202111003,May Yee Mon Fish Sauce 50g (1x5x20packs),10,pcs,0.5,DC-YGN01,00120251204031329167
00120251204055425190,12/5/2025,S.DGN/SEIKKAN SHOP-26,VO99060,84.41,C,001,5379686,8379685,C00128312,???????????,3202111003,May Yee Mon Fish Sauce 50g (1x5x20packs),5,pcs,0.25,DC-YGN01,00120251204031636800
00220251204035656017,12/5/2025,INV(3),VO99019,5.07,C,002,5379688,8379687,C00214871,Hearty Store,3202111003,May Yee Mon Fish Sauce 50g (1x5x20packs),5,pcs,0.25,WH-MDY01,00220251204031816820
00120251204055411300,12/5/2025,INS                  Inv;41,VO99039,207.42,C,001,5379487,8379486,C00111984,???????,3202111003,May Yee Mon Fish Sauce 50g (1x5x20packs),5,pcs,0.25,DC-YGN01,00120251204014114020
00420251204041020073,12/5/2025,VO99023   inv:  19,VO99023,192.56,C,004,5379492,8379491,C00403540,????????????,3202111003,May Yee Mon Fish Sauce 50g (1x5x20packs),50,pcs,2.5,WH-MLM01,00420251204014120810
01620251204041102773,12/5/2025,"Inv-14, Bago, WAW",VO99083,207.85,C,016,5379502,8379501,C01601251,Sky Waw,3202111003,May Yee Mon Fish Sauce 50g (1x5x20packs),15,pcs,0.75,WH-BGO99,01620251204014727240
00220251204030516657,12/5/2025,INV(27),VO99018,210.62,C,002,5379500,8379499,C00204639,??????????,3202111003,May Yee Mon Fish Sauce 50g (1x5x20packs),15,pcs,0.75,WH-MDY01,00220251204014716270
01620251204035823093,12/5/2025,"Inv-18, Bago, Thatnatpin, Minywar",VO99082,101.93,C,016,5379512,8379511,C01603856,?????,3202111003,May Yee Mon Fish Sauce 50g (1x5x20packs),10,pcs,0.5,WH-BGO99,01620251204015932680
00220251204030516657,12/5/2025,INV(27),VO99018,210.62,C,002,5379509,8379508,C00200867,?????????,3202111003,May Yee Mon Fish Sauce 50g (1x5x20packs),100,pcs,5,WH-MDY01,00220251204015919483
00220251204030542770,12/5/2025,INV(21),VO99019,74.42,C,002,5379507,8379506,C00211879,??????????,3202111003,May Yee Mon Fish Sauce 50g (1x5x20packs),25,pcs,1.25,WH-MDY01,00220251204015618370
01620251204035823093,12/5/2025,"Inv-18, Bago, Thatnatpin, Minywar",VO99082,101.93,C,016,5379506,8379505,C01601052,???????? (?),3202111003,May Yee Mon Fish Sauce 50g (1x5x20packs),25,pcs,1.25,WH-BGO99,01620251204015329383
00120251204055411300,12/5/2025,INS                  Inv;41,VO99039,207.42,C,001,5379519,8379518,C00140698,?????????,3202111003,May Yee Mon Fish Sauce 50g (1x5x20packs),25,pcs,1.25,DC-YGN01,00120251204020528860
00120251204055411300,12/5/2025,INS                  Inv;41,VO99039,207.42,C,001,5379529,8379528,C00124412,?????????,3202111003,May Yee Mon Fish Sauce 50g (1x5x20packs),5,pcs,0.25,DC-YGN01,00120251204021138090
00220251204030542770,12/5/2025,INV(21),VO99019,74.42,C,002,5379518,8379517,C00214771,?????????? (?),3202111003,May Yee Mon Fish Sauce 50g (1x5x20packs),15,pcs,0.75,WH-MDY01,00220251204020521433
00120251204055303940,12/5/2025,TGG SHOP-29,VO99106,118.32,C,001,5379530,8379529,C00129110,?????,3202111003,May Yee Mon Fish Sauce 50g (1x5x20packs),10,pcs,0.5,DC-YGN01,00120251204021139060
01620251204035823093,12/5/2025,"Inv-18, Bago, Thatnatpin, Minywar",VO99082,101.93,C,016,5379543,8379542,C01602450,??????,3202111003,May Yee Mon Fish Sauce 50g (1x5x20packs),50,pcs,2.5,WH-BGO99,01620251204021742200
01620251204035823093,12/5/2025,"Inv-18, Bago, Thatnatpin, Minywar",VO99082,101.93,C,016,5379545,8379544,C01602451,?????,3202111003,May Yee Mon Fish Sauce 50g (1x5x20packs),50,pcs,2.5,WH-BGO99,01620251204021743410
00120251204055520713,12/5/2025,NOKL SHOP-44,VO99045,173.34,C,001,5379437,8379436,C00136028,?????????,3202111003,May Yee Mon Fish Sauce 50g (1x5x20packs),10,pcs,0.5,DC-YGN01,00120251204125526500
00220251204030516657,12/5/2025,INV(27),VO99018,210.62,C,002,5379481,8379480,C00216195,??????,3202111003,May Yee Mon Fish Sauce 50g (1x5x20packs),5,pcs,0.25,WH-MDY01,00220251204013811307
00220251204030419380,12/5/2025,INV(12),VO99016,49.15,C,002,5379473,8379472,C00212196,??????????????????,3202111003,May Yee Mon Fish Sauce 50g (1x5x20packs),5,pcs,0.25,WH-MDY01,00220251204013209490
00120251204043440913,12/5/2025,K Mart-SDG     INV--1,VO99002,3.2,C,001,5379464,8379463,C00153085,K Mart(SDG),3202111003,May Yee Mon Fish Sauce 50g (1x5x20packs),20,pcs,1,DC-YGN01,00120251204012502247
00120251204055433497,12/5/2025,TKT-PZD                  Inv;35,VO99042,125.77,C,001,5379462,8379461,C00150715,????????????,3202111003,May Yee Mon Fish Sauce 50g (1x5x20packs),15,pcs,0.75,DC-YGN01,00120251204011656990
00120251204055411300,12/5/2025,INS                  Inv;41,VO99039,207.42,C,001,5379461,8379460,C00103064,?????????,3202111003,May Yee Mon Fish Sauce 50g (1x5x20packs),10,pcs,0.5,DC-YGN01,00120251204011654827
01620251204035823093,12/5/2025,"Inv-18, Bago, Thatnatpin, Minywar",VO99082,101.93,C,016,5379323,8379322,C01601696,????????????,3202111003,May Yee Mon Fish Sauce 50g (1x5x20packs),10,pcs,0.5,WH-BGO99,01620251204115217870
00220251204030542770,12/5/2025,INV(21),VO99019,74.42,C,002,5379310,8379309,C00200291,?????????,3202111003,May Yee Mon Fish Sauce 50g (1x5x20packs),5,pcs,0.25,WH-MDY01,00220251204114650000
00120251204055455197,12/5/2025,"SOKL,YK SHOP-20",VO99046,139.57,C,001,5379318,8379317,C00131132,Glorious Myanmar Mini Mart,3202111003,May Yee Mon Fish Sauce 50g (1x5x20packs),10,pcs,0.5,DC-YGN01,00120251204114749250
00120251204055150310,12/5/2025,AL/BH/KMD/SC                         Inv;17,VO99004,207.16,C,001,5379361,8379360,C00101744,????? (???????),3202111003,May Yee Mon Fish Sauce 50g (1x5x20packs),10,pcs,0.5,DC-YGN01,00120251204121226277
00120251204055331843,12/5/2025,HTY SHOP-40,VO99063,172.61,C,001,5379362,8379361,C00136462,Kyan Sit Thar Mini Mart,3202111003,May Yee Mon Fish Sauce 50g (1x5x20packs),10,pcs,0.5,DC-YGN01,00120251204121228597
00120251204055312437,12/5/2025,HL/KMY                  Inv;21,VO99032,71.52,C,001,5379355,8379354,C00149854,?????????,3202111003,May Yee Mon Fish Sauce 50g (1x5x20packs),5,pcs,0.25,DC-YGN01,00120251204120922780
00120251204055252693,12/5/2025,LT/PBD/LMD                 Inv;22,VO99012,81.7,C,001,5379336,8379335,C00143635,??????????????,3202111003,May Yee Mon Fish Sauce 50g (1x5x20packs),100,pcs,5,DC-YGN01,00120251204120008437
00720251204041153110,12/5/2025,inv 16,VO99052,117.9,C,007,5379347,8379346,C00700986,????????????,3202111003,May Yee Mon Fish Sauce 50g (1x5x20packs),60,pcs,3,WH-PTN01,00720251204120434140
00120251204055303940,12/5/2025,TGG SHOP-29,VO99106,118.32,C,001,5379369,8379368,C00112867,?????????????,3202111003,May Yee Mon Fish Sauce 50g (1x5x20packs),15,pcs,0.75,DC-YGN01,00120251204121237893
01620251204041102773,12/5/2025,"Inv-14, Bago, WAW",VO99083,207.85,C,016,5379359,8379358,C01602111,???????,3202111003,May Yee Mon Fish Sauce 50g (1x5x20packs),100,pcs,5,WH-BGO99,01620251204121039377
01620251204041102773,12/5/2025,"Inv-14, Bago, WAW",VO99083,207.85,C,016,5379383,8379382,C01603618,Ma Htet Htet(1),3202111003,May Yee Mon Fish Sauce 50g (1x5x20packs),300,pcs,15,WH-BGO99,01620251204121941917
00120251204055331843,12/5/2025,HTY SHOP-40,VO99063,172.61,C,001,5379402,8379401,C00145440,??????????,3202111003,May Yee Mon Fish Sauce 50g (1x5x20packs),5,pcs,0.25,DC-YGN01,00120251204122756470
00520251204025447907,12/5/2025,"MMZ ,KS Inv [ 31 ]",VO99028,156.27,C,005,5379400,8379399,C00500623,Shwe Kaung Kin,3202111003,May Yee Mon Fish Sauce 50g (1x5x20packs),15,pcs,0.75,WH-NPT01,00520251204122554193
01820251204030452237,12/5/2025,Down Town Invo-10 SML,VO99068,50.09,C,018,5379401,8379400,C01800076,???????????,3202111003,May Yee Mon Fish Sauce 50g (1x5x20packs),25,pcs,1.25,WH-TGU01,01820251204122556120
00120251204055331843,12/5/2025,HTY SHOP-40,VO99063,172.61,C,001,5379423,8379422,C00114656,?????????????? (?),3202111003,May Yee Mon Fish Sauce 50g (1x5x20packs),10,pcs,0.5,DC-YGN01,00120251204124309627
00120251204055433497,12/5/2025,TKT-PZD                  Inv;35,VO99042,125.77,C,001,5379291,8379290,C00129207,?????,3202111003,May Yee Mon Fish Sauce 50g (1x5x20packs),5,pcs,0.25,DC-YGN01,00120251204113831640
00420251204041020073,12/5/2025,VO99023   inv:  19,VO99023,192.56,C,004,5379306,8379305,C00400213,?????????,3202111003,May Yee Mon Fish Sauce 50g (1x5x20packs),100,pcs,5,WH-MLM01,00420251204114610813
01820251204030452237,12/5/2025,Down Town Invo-10 SML,VO99068,50.09,C,018,5379308,8379307,C01800554,???????,3202111003,May Yee Mon Fish Sauce 50g (1x5x20packs),5,pcs,0.25,WH-TGU01,01820251204114613527
01620251204035823093,12/5/2025,"Inv-18, Bago, Thatnatpin, Minywar",VO99082,101.93,C,016,5379309,8379308,C01600842,Ko Aung Pyae,3202111003,May Yee Mon Fish Sauce 50g (1x5x20packs),15,pcs,0.75,WH-BGO99,01620251204114614730
01120251204025619813,12/5/2025,"TKS,PHM,Inv-15",VO99071,50.42,C,011,5379296,8379295,C01100233,???????????,3202111003,May Yee Mon Fish Sauce 50g (1x5x20packs),10,pcs,0.5,WH-MGW01,01120251204114009463
00120251204055150310,12/5/2025,AL/BH/KMD/SC                         Inv;17,VO99004,207.16,C,001,5379241,8379240,C00104768,Spirit,3202111003,May Yee Mon Fish Sauce 50g (1x5x20packs),15,pcs,0.75,DC-YGN01,00120251204112910483
01120251204025619813,12/5/2025,"TKS,PHM,Inv-15",VO99071,50.42,C,011,5379248,8379247,C01100487,????,3202111003,May Yee Mon Fish Sauce 50g (1x5x20packs),10,pcs,0.5,WH-MGW01,01120251204113103670
00120251204055455197,12/5/2025,"SOKL,YK SHOP-20",VO99046,139.57,C,001,5379184,8379183,C00105840,?????,3202111003,May Yee Mon Fish Sauce 50g (1x5x20packs),25,pcs,1.25,DC-YGN01,00120251204111631480
00120251204055312437,12/5/2025,HL/KMY                  Inv;21,VO99032,71.52,C,001,5379183,8379182,C00131117,????????,3202111003,May Yee Mon Fish Sauce 50g (1x5x20packs),5,pcs,0.25,DC-YGN01,00120251204111630263
00120251204055455197,12/5/2025,"SOKL,YK SHOP-20",VO99046,139.57,C,001,5379225,8379224,C00136625,Yan Shin Mart,3202111003,May Yee Mon Fish Sauce 50g (1x5x20packs),20,pcs,1,DC-YGN01,00120251204112600420
00120251204055355003,12/5/2025,MGLD SHOP-11,VO99061,170.32,C,001,5379236,8379235,C00128507,???????,3202111003,May Yee Mon Fish Sauce 50g (1x5x20packs),10,pcs,0.5,DC-YGN01,00120251204112905917
01120251204025619813,12/5/2025,"TKS,PHM,Inv-15",VO99071,50.42,C,011,5379215,8379214,C01105470,??? ?????,3202111003,May Yee Mon Fish Sauce 50g (1x5x20packs),15,pcs,0.75,WH-MGW01,01120251204112459487
00120251204055312437,12/5/2025,HL/KMY                  Inv;21,VO99032,71.52,C,001,5379221,8379220,C00132217,???????,3202111003,May Yee Mon Fish Sauce 50g (1x5x20packs),10,pcs,0.5,DC-YGN01,00120251204112555067
00720251204041153110,12/5/2025,inv 16,VO99052,117.9,C,007,5379214,8379213,C00700369,???????,3202111003,May Yee Mon Fish Sauce 50g (1x5x20packs),10,pcs,0.5,WH-PTN01,00720251204112457460
00120251204055303940,12/5/2025,TGG SHOP-29,VO99106,118.32,C,001,5378766,8378765,C00102927,???????????,3202111003,May Yee Mon Fish Sauce 50g (1x5x20packs),5,pcs,0.25,DC-YGN01,00120251204094333763
00220251204030447237,12/5/2025,INV(24),VO99017,270.54,C,002,5378758,8378757,C00209954,????????????,3202111003,May Yee Mon Fish Sauce 50g (1x5x20packs),10,pcs,0.5,WH-MDY01,00220251204094224203
00120251204055411300,12/5/2025,INS                  Inv;41,VO99039,207.42,C,001,5378822,8378821,C00113799,?????????,3202111003,May Yee Mon Fish Sauce 50g (1x5x20packs),5,pcs,0.25,DC-YGN01,00120251204095549870
00620251204032832147,12/5/2025,V54(1),VO99054,31.89,C,006,5378813,8378812,C00603980,??????? ????????????,3202111003,May Yee Mon Fish Sauce 50g (1x5x20packs),20,pcs,1,WH-TGI02,00620251204095439633
00220251204030516657,12/5/2025,INV(27),VO99018,210.62,C,002,5378829,8378828,C00214804,Oasis Mini Mart,3202111003,May Yee Mon Fish Sauce 50g (1x5x20packs),5,pcs,0.25,WH-MDY01,00220251204095732033
00420251204041020073,12/5/2025,VO99023   inv:  19,VO99023,192.56,C,004,5378832,8378831,C00400203,?????????,3202111003,May Yee Mon Fish Sauce 50g (1x5x20packs),100,pcs,5,WH-MLM01,00420251204095741680
00120251204055350787,12/5/2025,SPT                 Inv;24,VO99037,152.53,C,001,5378921,8378920,C00136979,Daw Nyein Win,3202111003,May Yee Mon Fish Sauce 50g (1x5x20packs),10,pcs,0.5,DC-YGN01,00120251204101752973
00520251204025521037,12/5/2025,TPK Inv [ 10 ] ,VO99038,66.72,C,005,5378904,8378903,C00500603,??????????,3202111003,May Yee Mon Fish Sauce 50g (1x5x20packs),10,pcs,0.5,WH-NPT01,00520251204101603350
00520251204025521037,12/5/2025,TPK Inv [ 10 ] ,VO99038,66.72,C,005,5378851,8378850,C00504019,??????,3202111003,May Yee Mon Fish Sauce 50g (1x5x20packs),20,pcs,1,WH-NPT01,00520251204100050227
00120251204055303940,12/5/2025,TGG SHOP-29,VO99106,118.32,C,001,5378868,8378867,C00139869,?????????,3202111003,May Yee Mon Fish Sauce 50g (1x5x20packs),5,pcs,0.25,DC-YGN01,00120251204100518573
00420251204041020073,12/5/2025,VO99023   inv:  19,VO99023,192.56,C,004,5378871,8378870,C00404691,????????,3202111003,May Yee Mon Fish Sauce 50g (1x5x20packs),200,pcs,10,WH-MLM01,00420251204100657647
00220251204030516657,12/5/2025,INV(27),VO99018,210.62,C,002,5378864,8378863,C00217727,MK Mini Market,3202111003,May Yee Mon Fish Sauce 50g (1x5x20packs),10,pcs,0.5,WH-MDY01,00220251204100354120
00420251204041020073,12/5/2025,VO99023   inv:  19,VO99023,192.56,C,004,5378862,8378861,C00404977,K MART,3202111003,May Yee Mon Fish Sauce 50g (1x5x20packs),50,pcs,2.5,WH-MLM01,00420251204100345057
00520251204025447907,12/5/2025,"MMZ ,KS Inv [ 31 ]",VO99028,156.27,C,005,5378760,8378759,C00500003,???????????,3202111003,May Yee Mon Fish Sauce 50g (1x5x20packs),10,pcs,0.5,WH-NPT01,00520251204094226370
00120251204023254810,12/5/2025,CPT-Baho     INV--1,VO99006,2.67,C,001,5378761,8378760,C00100015,Mi Thar Su - Baho,3202111003,May Yee Mon Fish Sauce 50g (1x5x20packs),20,pcs,1,DC-YGN01,00120251204094302680
00420251204041020073,12/5/2025,VO99023   inv:  19,VO99023,192.56,C,004,5378759,8378758,C00400938,?????,3202111003,May Yee Mon Fish Sauce 50g (1x5x20packs),100,pcs,5,WH-MLM01,00420251204094224250
00220251204030608007,12/5/2025,INV(19),VO99040,140.01,C,002,5378736,8378735,C00212351,???????????,3202111003,May Yee Mon Fish Sauce 50g (1x5x20packs),5,pcs,0.25,WH-MDY01,00220251204093321990
00120251204055411300,12/5/2025,INS                  Inv;41,VO99039,207.42,C,001,5378712,8378711,C00127087,???????????(????????????),3202111003,May Yee Mon Fish Sauce 50g (1x5x20packs),5,pcs,0.25,DC-YGN01,00120251204092447720
00220251204030608007,12/5/2025,INV(19),VO99040,140.01,C,002,5378696,8378695,C00206617,??????????,3202111003,May Yee Mon Fish Sauce 50g (1x5x20packs),5,pcs,0.25,WH-MDY01,00220251204092107467
00120251204055312437,12/5/2025,HL/KMY                  Inv;21,VO99032,71.52,C,001,5378713,8378712,C00131628,Seven Store,3202111003,May Yee Mon Fish Sauce 50g (1x5x20packs),5,pcs,0.25,DC-YGN01,00120251204092459250
00220251204030608007,12/5/2025,INV(19),VO99040,140.01,C,002,5378720,8378719,C00208046,????,3202111003,May Yee Mon Fish Sauce 50g (1x5x20packs),10,pcs,0.5,WH-MDY01,00220251204092716233
00520251204025521037,12/5/2025,TPK Inv [ 10 ] ,VO99038,66.72,C,005,5378652,8378651,C00500667,??????????,3202111003,May Yee Mon Fish Sauce 50g (1x5x20packs),5,pcs,0.25,WH-NPT01,00520251203111406963
00120251204055331843,12/5/2025,HTY SHOP-40,VO99063,172.61,C,001,5378669,8378668,C00145234,?????????,3202111003,May Yee Mon Fish Sauce 50g (1x5x20packs),10,pcs,0.5,DC-YGN01,00120251204091240990
00220251204030608007,12/5/2025,INV(19),VO99040,140.01,C,002,5378676,8378675,C00204561,???????,3202111003,May Yee Mon Fish Sauce 50g (1x5x20packs),10,pcs,0.5,WH-MDY01,00220251204091504437
00120251204055331843,12/5/2025,HTY SHOP-40,VO99063,172.61,C,001,5378642,8378641,C00125918,????????????,3202111003,May Yee Mon Fish Sauce 50g (1x5x20packs),5,pcs,0.25,DC-YGN01,00120251204085922700
00120251204055520713,12/5/2025,NOKL SHOP-44,VO99045,173.34,C,001,5378631,8378630,C00145495,??????????,3202111003,May Yee Mon Fish Sauce 50g (1x5x20packs),10,pcs,0.5,DC-YGN01,00120251203105834180
01620251204041102773,12/5/2025,"Inv-14, Bago, WAW",VO99083,207.85,C,016,5378624,8378623,C01603846,?????????,3202111003,May Yee Mon Fish Sauce 50g (1x5x20packs),10,pcs,0.5,WH-BGO99,01620251203113728470
00120251204055455197,12/5/2025,"SOKL,YK SHOP-20",VO99046,139.57,C,001,5378125,8378124,C00139826,???????????,3202111003,May Yee Mon Fish Sauce 50g (1x5x20packs),5,pcs,0.25,DC-YGN01,00120251203124217877
00220251204030516657,12/5/2025,INV(27),VO99018,210.62,C,002,5378336,8378335,C00213947,?????????,3202111003,May Yee Mon Fish Sauce 50g (1x5x20packs),15,pcs,0.75,WH-MDY01,00220251203020558363
00220251204030542770,12/5/2025,INV(21),VO99019,74.42,C,002,5378248,8378247,C00200862,????????,3202111003,May Yee Mon Fish Sauce 50g (1x5x20packs),10,pcs,0.5,WH-MDY01,00220251203020128823
00120251204055520713,12/5/2025,NOKL SHOP-44,VO99045,173.34,C,001,5379010,8379009,C00125056,???????????,3202111003,May Yee Mon Fish Sauce 50g (1x5x20packs),75,pcs,3.75,DC-YGN01,00120251204104043500
00120251204055455197,12/5/2025,"SOKL,YK SHOP-20",VO99046,139.57,C,001,5379050,8379049,C00136747,?????????,3202111003,May Yee Mon Fish Sauce 50g (1x5x20packs),10,pcs,0.5,DC-YGN01,00120251204105033697
00120251204055520713,12/5/2025,NOKL SHOP-44,VO99045,173.34,C,001,5378993,8378992,C00126492,???????,3202111003,May Yee Mon Fish Sauce 50g (1x5x20packs),5,pcs,0.25,DC-YGN01,00120251204103711087
00120251204055350787,12/5/2025,SPT                 Inv;24,VO99037,152.53,C,001,5378978,8378977,C00121748,?????????,3202111003,May Yee Mon Fish Sauce 50g (1x5x20packs),5,pcs,0.25,DC-YGN01,00120251204103359383
00420251204041020073,12/5/2025,VO99023   inv:  19,VO99023,192.56,C,004,5378937,8378936,C00400057,??????????,3202111003,May Yee Mon Fish Sauce 50g (1x5x20packs),10,pcs,0.5,WH-MLM01,00420251204102206710
01820251204030452237,12/5/2025,Down Town Invo-10 SML,VO99068,50.09,C,018,5379147,8379146,C01800536,?????????,3202111003,May Yee Mon Fish Sauce 50g (1x5x20packs),10,pcs,0.5,WH-TGU01,01820251204110644780
00120251204032000647,12/5/2025,Day To Day     INV--2,VO99033,14.25,C,001,5379136,8379135,C00104653,Day to Day,3202111003,May Yee Mon Fish Sauce 50g (1x5x20packs),20,pcs,1,DC-YGN01,00120251204110434287
00120251204055411300,12/5/2025,INS                  Inv;41,VO99039,207.42,C,001,5379121,8379120,C00107179,???????,3202111003,May Yee Mon Fish Sauce 50g (1x5x20packs),15,pcs,0.75,DC-YGN01,00120251204110329600
00120251204055411300,12/5/2025,INS                  Inv;41,VO99039,207.42,C,001,5379118,8379117,C00138756,One More,3202111003,May Yee Mon Fish Sauce 50g (1x5x20packs),10,pcs,0.5,DC-YGN01,00120251204110325060
00220251204030447237,12/5/2025,INV(24),VO99017,270.54,C,002,5379111,8379110,C00206035,????????????,3202111003,May Yee Mon Fish Sauce 50g (1x5x20packs),5,pcs,0.25,WH-MDY01,00220251204110128860
00120251204055331843,12/5/2025,HTY SHOP-40,VO99063,172.61,C,001,5379097,8379096,C00112829,??????????,3202111003,May Yee Mon Fish Sauce 50g (1x5x20packs),10,pcs,0.5,DC-YGN01,00120251204110013517
00620251204032832147,12/5/2025,V54(1),VO99054,31.89,C,006,5379090,8379089,C00600383,??????,3202111003,May Yee Mon Fish Sauce 50g (1x5x20packs),50,pcs,2.5,WH-TGI02,00620251204105737463
00120251204055520713,12/5/2025,NOKL SHOP-44,VO99045,173.34,C,001,5379067,8379066,C00136366,????????,3202111003,May Yee Mon Fish Sauce 50g (1x5x20packs),15,pcs,0.75,DC-YGN01,00120251204105340583
00120251204055303940,12/5/2025,TGG SHOP-29,VO99106,118.32,C,001,5379084,8379083,C00106077,Ko Zaw,3202111003,May Yee Mon Fish Sauce 50g (1x5x20packs),10,pcs,0.5,DC-YGN01,00120251204105705177
00220251204030608007,12/5/2025,INV(19),VO99040,140.01,C,002,5379082,8379081,C00211376,Top One,3202111003,May Yee Mon Fish Sauce 50g (1x5x20packs),5,pcs,0.25,WH-MDY01,00220251204105523597
00220251204040217037,12/5/2025,INV(5),VO99016,119.09,C,002,5379729,8379728,C00214901,Home Mart,3202111003,May Yee Mon Fish Sauce 50g (1x5x20packs),5,pcs,0.25,WH-MDY01,00220251204034828640
00720251204041153110,12/5/2025,inv 16,VO99052,117.9,C,007,5379726,8379725,C00700273,????????????,3202111003,May Yee Mon Fish Sauce 50g (1x5x20packs),5,pcs,0.25,WH-PTN01,00720251204034812307
00720251204052110033,12/5/2025,Inv 8,VO99052,94.34,C,007,5379750,8379749,C00703106,????????,3202111003,May Yee Mon Fish Sauce 50g (1x5x20packs),15,pcs,0.75,WH-PTN01,00720251204043324147
00720251204052110033,12/5/2025,Inv 8,VO99052,94.34,C,007,5379756,8379755,C00703355,9 Star Mart,3202111003,May Yee Mon Fish Sauce 50g (1x5x20packs),10,pcs,0.5,WH-PTN01,00720251204045132840
00720251204052110033,12/5/2025,Inv 8,VO99052,94.34,C,007,5379750,8379749,C00703106,????????,3202111004,May Yee Mon Tamarind Fish Paste (1x5x20 packs),15,pcs,0.75,WH-PTN01,00720251204043324147
00120251204010355800,12/5/2025,"TGI Branch - MR  ( No . 1 )  , For MR ",WT-TGI01,157.2,C,001,5379391,8379390,C00130318,TGI Branch - MR,3202111004,May Yee Mon Tamarind Fish Paste (1x5x20 packs),1000,pcs,50,DC-YGN01,00120251204122422243
00120251204125303150,12/5/2025,MDY  Branch ( No . 1 ) ,WT-MDY01,1089.74,C,001,5379375,8379374,C00125994,MDY Branch,3202111004,May Yee Mon Tamarind Fish Paste (1x5x20 packs),2000,pcs,100,DC-YGN01,00120251204121633380
00120251204010325710,12/5/2025,BGO Branch ( No . 1 ) ,WT-BGO,304.96,C,001,5379406,8379405,C00152774,BGO Branch,3202111004,May Yee Mon Tamarind Fish Paste (1x5x20 packs),1000,pcs,50,DC-YGN01,00120251204122843807
00220251204030608007,12/5/2025,INV(19),VO99040,140.01,C,002,5379082,8379081,C00211376,Top One,3202111004,May Yee Mon Tamarind Fish Paste (1x5x20 packs),5,pcs,0.25,WH-MDY01,00220251204105523597
00120251204055303940,12/5/2025,TGG SHOP-29,VO99106,118.32,C,001,5379084,8379083,C00106077,Ko Zaw,3202111004,May Yee Mon Tamarind Fish Paste (1x5x20 packs),15,pcs,0.75,DC-YGN01,00120251204105705177
00120251204115953927,12/5/2025,"Khayan  ( INV - 1 ) ,  All Products ",VO99014,36.9,C,001,5379066,8379065,C00127051,SD-YGN-Khayan,3202111004,May Yee Mon Tamarind Fish Paste (1x5x20 packs),200,pcs,10,WH-MLM01,00120251204105249323
00120251204055333027,12/5/2025,MYG                Inv;23,VO99035,88.27,C,001,5379075,8379074,C00130523,Shop & Shop,3202111004,May Yee Mon Tamarind Fish Paste (1x5x20 packs),5,pcs,0.25,DC-YGN01,00120251204105353100
00620251204032832147,12/5/2025,V54(1),VO99054,31.89,C,006,5379090,8379089,C00600383,??????,3202111004,May Yee Mon Tamarind Fish Paste (1x5x20 packs),25,pcs,1.25,WH-TGI02,00620251204105737463
00120251204055433497,12/5/2025,TKT-PZD                  Inv;35,VO99042,125.77,C,001,5379098,8379097,C00102705,???????,3202111004,May Yee Mon Tamarind Fish Paste (1x5x20 packs),5,pcs,0.25,DC-YGN01,00120251204110014650
00220251204030447237,12/5/2025,INV(24),VO99017,270.54,C,002,5379111,8379110,C00206035,????????????,3202111004,May Yee Mon Tamarind Fish Paste (1x5x20 packs),5,pcs,0.25,WH-MDY01,00220251204110128860
00120251204055411300,12/5/2025,INS                  Inv;41,VO99039,207.42,C,001,5379118,8379117,C00138756,One More,3202111004,May Yee Mon Tamarind Fish Paste (1x5x20 packs),10,pcs,0.5,DC-YGN01,00120251204110325060
00120251204055411300,12/5/2025,INS                  Inv;41,VO99039,207.42,C,001,5379121,8379120,C00107179,???????,3202111004,May Yee Mon Tamarind Fish Paste (1x5x20 packs),15,pcs,0.75,DC-YGN01,00120251204110329600
00120251204032000647,12/5/2025,Day To Day     INV--2,VO99033,14.25,C,001,5379136,8379135,C00104653,Day to Day,3202111004,May Yee Mon Tamarind Fish Paste (1x5x20 packs),10,pcs,0.5,DC-YGN01,00120251204110434287
00120251204115840633,12/5/2025,"Letpadan  ( INV - 1 ) , All Producrs ",VO99014,254.71,C,001,5379133,8379132,C00108770,SD-YGN-Letpadan,3202111004,May Yee Mon Tamarind Fish Paste (1x5x20 packs),1000,pcs,50,WH-MLM01,00120251204110405923
00120251204115907770,12/5/2025,"Taikkyi  ( INV - 1 ) , All Producrs ",VO99014,208.43,C,001,5379142,8379141,C00126192,SD-YGN-Taikkyi,3202111004,May Yee Mon Tamarind Fish Paste (1x5x20 packs),1000,pcs,50,WH-MLM01,00120251204110551400
00120251204055303940,12/5/2025,TGG SHOP-29,VO99106,118.32,C,001,5379150,8379149,C00145116,?????????????????,3202111004,May Yee Mon Tamarind Fish Paste (1x5x20 packs),10,pcs,0.5,DC-YGN01,00120251204110650823
00420251204041020073,12/5/2025,VO99023   inv:  19,VO99023,192.56,C,004,5378937,8378936,C00400057,??????????,3202111004,May Yee Mon Tamarind Fish Paste (1x5x20 packs),10,pcs,0.5,WH-MLM01,00420251204102206710
00120251204055350787,12/5/2025,SPT                 Inv;24,VO99037,152.53,C,001,5378978,8378977,C00121748,?????????,3202111004,May Yee Mon Tamarind Fish Paste (1x5x20 packs),5,pcs,0.25,DC-YGN01,00120251204103359383
00120251204055455197,12/5/2025,"SOKL,YK SHOP-20",VO99046,139.57,C,001,5379050,8379049,C00136747,?????????,3202111004,May Yee Mon Tamarind Fish Paste (1x5x20 packs),10,pcs,0.5,DC-YGN01,00120251204105033697
00120251204115926893,12/5/2025,"Pakokku  ( INV - 1 ) , All Producrs ",VO99014,187,C,001,5379043,8379042,C00202760,SD-MDY-Pakokku,3202111004,May Yee Mon Tamarind Fish Paste (1x5x20 packs),200,pcs,10,WH-MDY01,00120251204104848533
00120251204055218913,12/5/2025,MGLTN/Tamwe                       Inv;23,VO99005,106.64,C,001,5379031,8379030,C00103347,????????,3202111004,May Yee Mon Tamarind Fish Paste (1x5x20 packs),10,pcs,0.5,DC-YGN01,00120251204104716037
00120251204055333027,12/5/2025,MYG                Inv;23,VO99035,88.27,C,001,5379034,8379033,C00101107,Ma Thida,3202111004,May Yee Mon Tamarind Fish Paste (1x5x20 packs),5,pcs,0.25,DC-YGN01,00120251204104719670
00120251204055355003,12/5/2025,MGLD SHOP-11,VO99061,170.32,C,001,5379001,8379000,C00105735,?????,3202111004,May Yee Mon Tamarind Fish Paste (1x5x20 packs),25,pcs,1.25,DC-YGN01,00120251204103730577
00120251204055411300,12/5/2025,INS                  Inv;41,VO99039,207.42,C,001,5379023,8379022,C00136257,?????????,3202111004,May Yee Mon Tamarind Fish Paste (1x5x20 packs),5,pcs,0.25,DC-YGN01,00120251204104407390
01120251204025619813,12/5/2025,"TKS,PHM,Inv-15",VO99071,50.42,C,011,5379027,8379026,C01100281,????,3202111004,May Yee Mon Tamarind Fish Paste (1x5x20 packs),10,pcs,0.5,WH-MGW01,01120251204104530677
00120251204055333027,12/5/2025,MYG                Inv;23,VO99035,88.27,C,001,5379024,8379023,C00136496,4 You,3202111004,May Yee Mon Tamarind Fish Paste (1x5x20 packs),5,pcs,0.25,DC-YGN01,00120251204104408613
00220251204030542770,12/5/2025,INV(21),VO99019,74.42,C,002,5378248,8378247,C00200862,????????,3202111004,May Yee Mon Tamarind Fish Paste (1x5x20 packs),10,pcs,0.5,WH-MDY01,00220251203020128823
00220251204030516657,12/5/2025,INV(27),VO99018,210.62,C,002,5378336,8378335,C00213947,?????????,3202111004,May Yee Mon Tamarind Fish Paste (1x5x20 packs),15,pcs,0.75,WH-MDY01,00220251203020558363
00120251204055455197,12/5/2025,"SOKL,YK SHOP-20",VO99046,139.57,C,001,5378125,8378124,C00139826,???????????,3202111004,May Yee Mon Tamarind Fish Paste (1x5x20 packs),5,pcs,0.25,DC-YGN01,00120251203124217877
00120251204055520713,12/5/2025,NOKL SHOP-44,VO99045,173.34,C,001,5378632,8378631,C00152006,????????????,3202111004,May Yee Mon Tamarind Fish Paste (1x5x20 packs),5,pcs,0.25,DC-YGN01,00120251203110437780
00220251204030608007,12/5/2025,INV(19),VO99040,140.01,C,002,5378676,8378675,C00204561,???????,3202111004,May Yee Mon Tamarind Fish Paste (1x5x20 packs),25,pcs,1.25,WH-MDY01,00220251204091504437
00120251204055331843,12/5/2025,HTY SHOP-40,VO99063,172.61,C,001,5378669,8378668,C00145234,?????????,3202111004,May Yee Mon Tamarind Fish Paste (1x5x20 packs),15,pcs,0.75,DC-YGN01,00120251204091240990
00520251204025521037,12/5/2025,TPK Inv [ 10 ] ,VO99038,66.72,C,005,5378652,8378651,C00500667,??????????,3202111004,May Yee Mon Tamarind Fish Paste (1x5x20 packs),5,pcs,0.25,WH-NPT01,00520251203111406963
00120251204021024050,12/5/2025,SGH-HTY     INV--1,VO99010,8.18,C,001,5378647,8378646,C00127887,Sein Gay Har - HTY,3202111004,May Yee Mon Tamarind Fish Paste (1x5x20 packs),20,pcs,1,DC-YGN01,00120251204090142110
00120251204055312437,12/5/2025,HL/KMY                  Inv;21,VO99032,71.52,C,001,5378713,8378712,C00131628,Seven Store,3202111004,May Yee Mon Tamarind Fish Paste (1x5x20 packs),5,pcs,0.25,DC-YGN01,00120251204092459250
00120251204055411300,12/5/2025,INS                  Inv;41,VO99039,207.42,C,001,5378712,8378711,C00127087,???????????(????????????),3202111004,May Yee Mon Tamarind Fish Paste (1x5x20 packs),5,pcs,0.25,DC-YGN01,00120251204092447720
00220251204030608007,12/5/2025,INV(19),VO99040,140.01,C,002,5378736,8378735,C00212351,???????????,3202111004,May Yee Mon Tamarind Fish Paste (1x5x20 packs),5,pcs,0.25,WH-MDY01,00220251204093321990
00120251204055312437,12/5/2025,HL/KMY                  Inv;21,VO99032,71.52,C,001,5378747,8378746,C00140023,??? ???????,3202111004,May Yee Mon Tamarind Fish Paste (1x5x20 packs),5,pcs,0.25,DC-YGN01,00120251204093718783
00420251204041020073,12/5/2025,VO99023   inv:  19,VO99023,192.56,C,004,5378759,8378758,C00400938,?????,3202111004,May Yee Mon Tamarind Fish Paste (1x5x20 packs),100,pcs,5,WH-MLM01,00420251204094224250
00120251204055333027,12/5/2025,MYG                Inv;23,VO99035,88.27,C,001,5378762,8378761,C00134136,Idea Mini Mart,3202111004,May Yee Mon Tamarind Fish Paste (1x5x20 packs),10,pcs,0.5,DC-YGN01,00120251204094328833
00220251204030516657,12/5/2025,INV(27),VO99018,210.62,C,002,5378864,8378863,C00217727,MK Mini Market,3202111004,May Yee Mon Tamarind Fish Paste (1x5x20 packs),10,pcs,0.5,WH-MDY01,00220251204100354120
00420251204041020073,12/5/2025,VO99023   inv:  19,VO99023,192.56,C,004,5378871,8378870,C00404691,????????,3202111004,May Yee Mon Tamarind Fish Paste (1x5x20 packs),100,pcs,5,WH-MLM01,00420251204100657647
00120251204055218913,12/5/2025,MGLTN/Tamwe                       Inv;23,VO99005,106.64,C,001,5378877,8378876,C00127768,O Zone,3202111004,May Yee Mon Tamarind Fish Paste (1x5x20 packs),10,pcs,0.5,DC-YGN01,00120251204100822120
00120251204055303940,12/5/2025,TGG SHOP-29,VO99106,118.32,C,001,5378868,8378867,C00139869,?????????,3202111004,May Yee Mon Tamarind Fish Paste (1x5x20 packs),5,pcs,0.25,DC-YGN01,00120251204100518573
00520251204025521037,12/5/2025,TPK Inv [ 10 ] ,VO99038,66.72,C,005,5378851,8378850,C00504019,??????,3202111004,May Yee Mon Tamarind Fish Paste (1x5x20 packs),20,pcs,1,WH-NPT01,00520251204100050227
00120251204055453930,12/5/2025,NDG/EDG                 Inv;19,VO99043,65.06,C,001,5378857,8378856,C00101479,????????????,3202111004,May Yee Mon Tamarind Fish Paste (1x5x20 packs),5,pcs,0.25,DC-YGN01,00120251204100213537
00120251204055433497,12/5/2025,TKT-PZD                  Inv;35,VO99042,125.77,C,001,5378855,8378854,C00116721,??????,3202111004,May Yee Mon Tamarind Fish Paste (1x5x20 packs),15,pcs,0.75,DC-YGN01,00120251204100210210
00520251204025521037,12/5/2025,TPK Inv [ 10 ] ,VO99038,66.72,C,005,5378904,8378903,C00500603,??????????,3202111004,May Yee Mon Tamarind Fish Paste (1x5x20 packs),10,pcs,0.5,WH-NPT01,00520251204101603350
00120251204055350787,12/5/2025,SPT                 Inv;24,VO99037,152.53,C,001,5378921,8378920,C00136979,Daw Nyein Win,3202111004,May Yee Mon Tamarind Fish Paste (1x5x20 packs),5,pcs,0.25,DC-YGN01,00120251204101752973
00120251204055355003,12/5/2025,MGLD SHOP-11,VO99061,170.32,C,001,5378920,8378919,C00140931,???? Mini Mart,3202111004,May Yee Mon Tamarind Fish Paste (1x5x20 packs),10,pcs,0.5,DC-YGN01,00120251204101750863
00420251204041020073,12/5/2025,VO99023   inv:  19,VO99023,192.56,C,004,5378832,8378831,C00400203,?????????,3202111004,May Yee Mon Tamarind Fish Paste (1x5x20 packs),100,pcs,5,WH-MLM01,00420251204095741680
00220251204030516657,12/5/2025,INV(27),VO99018,210.62,C,002,5378829,8378828,C00214804,Oasis Mini Mart,3202111004,May Yee Mon Tamarind Fish Paste (1x5x20 packs),5,pcs,0.25,WH-MDY01,00220251204095732033
00120251204055411300,12/5/2025,INS                  Inv;41,VO99039,207.42,C,001,5378822,8378821,C00113799,?????????,3202111004,May Yee Mon Tamarind Fish Paste (1x5x20 packs),5,pcs,0.25,DC-YGN01,00120251204095549870
00120251204055303940,12/5/2025,TGG SHOP-29,VO99106,118.32,C,001,5378766,8378765,C00102927,???????????,3202111004,May Yee Mon Tamarind Fish Paste (1x5x20 packs),5,pcs,0.25,DC-YGN01,00120251204094333763
00720251204041153110,12/5/2025,inv 16,VO99052,117.9,C,007,5379214,8379213,C00700369,???????,3202111004,May Yee Mon Tamarind Fish Paste (1x5x20 packs),10,pcs,0.5,WH-PTN01,00720251204112457460
01120251204025619813,12/5/2025,"TKS,PHM,Inv-15",VO99071,50.42,C,011,5379215,8379214,C01105470,??? ?????,3202111004,May Yee Mon Tamarind Fish Paste (1x5x20 packs),10,pcs,0.5,WH-MGW01,01120251204112459487
00120251204055355003,12/5/2025,MGLD SHOP-11,VO99061,170.32,C,001,5379236,8379235,C00128507,???????,3202111004,May Yee Mon Tamarind Fish Paste (1x5x20 packs),10,pcs,0.5,DC-YGN01,00120251204112905917
00120251204055455197,12/5/2025,"SOKL,YK SHOP-20",VO99046,139.57,C,001,5379225,8379224,C00136625,Yan Shin Mart,3202111004,May Yee Mon Tamarind Fish Paste (1x5x20 packs),20,pcs,1,DC-YGN01,00120251204112600420
00120251204055312437,12/5/2025,HL/KMY                  Inv;21,VO99032,71.52,C,001,5379183,8379182,C00131117,????????,3202111004,May Yee Mon Tamarind Fish Paste (1x5x20 packs),5,pcs,0.25,DC-YGN01,00120251204111630263
00120251204055455197,12/5/2025,"SOKL,YK SHOP-20",VO99046,139.57,C,001,5379184,8379183,C00105840,?????,3202111004,May Yee Mon Tamarind Fish Paste (1x5x20 packs),15,pcs,0.75,DC-YGN01,00120251204111631480
00120251204055331843,12/5/2025,HTY SHOP-40,VO99063,172.61,C,001,5379187,8379186,C00114349,?????????,3202111004,May Yee Mon Tamarind Fish Paste (1x5x20 packs),10,pcs,0.5,DC-YGN01,00120251204111634470
00120251204055333027,12/5/2025,MYG                Inv;23,VO99035,88.27,C,001,5379204,8379203,C00101132,?????,3202111004,May Yee Mon Tamarind Fish Paste (1x5x20 packs),5,pcs,0.25,DC-YGN01,00120251204112243750
01120251204025619813,12/5/2025,"TKS,PHM,Inv-15",VO99071,50.42,C,011,5379248,8379247,C01100487,????,3202111004,May Yee Mon Tamarind Fish Paste (1x5x20 packs),10,pcs,0.5,WH-MGW01,01120251204113103670
00120251204055150310,12/5/2025,AL/BH/KMD/SC                         Inv;17,VO99004,207.16,C,001,5379241,8379240,C00104768,Spirit,3202111004,May Yee Mon Tamarind Fish Paste (1x5x20 packs),15,pcs,0.75,DC-YGN01,00120251204112910483
00120251204055312437,12/5/2025,HL/KMY                  Inv;21,VO99032,71.52,C,001,5379300,8379299,C00134628,???????????????,3202111004,May Yee Mon Tamarind Fish Paste (1x5x20 packs),10,pcs,0.5,DC-YGN01,00120251204114134307
00420251204041020073,12/5/2025,VO99023   inv:  19,VO99023,192.56,C,004,5379306,8379305,C00400213,?????????,3202111004,May Yee Mon Tamarind Fish Paste (1x5x20 packs),50,pcs,2.5,WH-MLM01,00420251204114610813
00120251204055453930,12/5/2025,NDG/EDG                 Inv;19,VO99043,65.06,C,001,5379260,8379259,C00113515,???????????????,3202111004,May Yee Mon Tamarind Fish Paste (1x5x20 packs),10,pcs,0.5,DC-YGN01,00120251204113221900
00220251204030542770,12/5/2025,INV(21),VO99019,74.42,C,002,5379418,8379417,C00204542,??????????,3202111004,May Yee Mon Tamarind Fish Paste (1x5x20 packs),5,pcs,0.25,WH-MDY01,00220251204123800533
00520251204025447907,12/5/2025,"MMZ ,KS Inv [ 31 ]",VO99028,156.27,C,005,5379400,8379399,C00500623,Shwe Kaung Kin,3202111004,May Yee Mon Tamarind Fish Paste (1x5x20 packs),15,pcs,0.75,WH-NPT01,00520251204122554193
00120251204055411300,12/5/2025,INS                  Inv;41,VO99039,207.42,C,001,5379379,8379378,C00137123,????????,3202111004,May Yee Mon Tamarind Fish Paste (1x5x20 packs),5,pcs,0.25,DC-YGN01,00120251204121846177
00120251204055303940,12/5/2025,TGG SHOP-29,VO99106,118.32,C,001,5379369,8379368,C00112867,?????????????,3202111004,May Yee Mon Tamarind Fish Paste (1x5x20 packs),15,pcs,0.75,DC-YGN01,00120251204121237893
00720251204041153110,12/5/2025,inv 16,VO99052,117.9,C,007,5379347,8379346,C00700986,????????????,3202111004,May Yee Mon Tamarind Fish Paste (1x5x20 packs),20,pcs,1,WH-PTN01,00720251204120434140
00120251204055252693,12/5/2025,LT/PBD/LMD                 Inv;22,VO99012,81.7,C,001,5379336,8379335,C00143635,??????????????,3202111004,May Yee Mon Tamarind Fish Paste (1x5x20 packs),100,pcs,5,DC-YGN01,00120251204120008437
00420251204041020073,12/5/2025,VO99023   inv:  19,VO99023,192.56,C,004,5379334,8379333,C00402021,???????????,3202111004,May Yee Mon Tamarind Fish Paste (1x5x20 packs),25,pcs,1.25,WH-MLM01,00420251204115823830
00120251204055312437,12/5/2025,HL/KMY                  Inv;21,VO99032,71.52,C,001,5379355,8379354,C00149854,?????????,3202111004,May Yee Mon Tamarind Fish Paste (1x5x20 packs),5,pcs,0.25,DC-YGN01,00120251204120922780
00120251204055331843,12/5/2025,HTY SHOP-40,VO99063,172.61,C,001,5379362,8379361,C00136462,Kyan Sit Thar Mini Mart,3202111004,May Yee Mon Tamarind Fish Paste (1x5x20 packs),10,pcs,0.5,DC-YGN01,00120251204121228597
00120251204055150310,12/5/2025,AL/BH/KMD/SC                         Inv;17,VO99004,207.16,C,001,5379361,8379360,C00101744,????? (???????),3202111004,May Yee Mon Tamarind Fish Paste (1x5x20 packs),10,pcs,0.5,DC-YGN01,00120251204121226277
00220251204030542770,12/5/2025,INV(21),VO99019,74.42,C,002,5379310,8379309,C00200291,?????????,3202111004,May Yee Mon Tamarind Fish Paste (1x5x20 packs),5,pcs,0.25,WH-MDY01,00220251204114650000
00120251204055333027,12/5/2025,MYG                Inv;23,VO99035,88.27,C,001,5379312,8379311,C00132948,???????????,3202111004,May Yee Mon Tamarind Fish Paste (1x5x20 packs),10,pcs,0.5,DC-YGN01,00120251204114741090
00120251204055150310,12/5/2025,AL/BH/KMD/SC                         Inv;17,VO99004,207.16,C,001,5379331,8379330,C00137536,Buy & GO,3202111004,May Yee Mon Tamarind Fish Paste (1x5x20 packs),5,pcs,0.25,DC-YGN01,00120251204115703210
00120251204055411300,12/5/2025,INS                  Inv;41,VO99039,207.42,C,001,5379461,8379460,C00103064,?????????,3202111004,May Yee Mon Tamarind Fish Paste (1x5x20 packs),10,pcs,0.5,DC-YGN01,00120251204011654827
00120251204043440913,12/5/2025,K Mart-SDG     INV--1,VO99002,3.2,C,001,5379464,8379463,C00153085,K Mart(SDG),3202111004,May Yee Mon Tamarind Fish Paste (1x5x20 packs),20,pcs,1,DC-YGN01,00120251204012502247
00120251204055331843,12/5/2025,HTY SHOP-40,VO99063,172.61,C,001,5379429,8379428,C00114656,?????????????? (?),3202111004,May Yee Mon Tamarind Fish Paste (1x5x20 packs),10,pcs,0.5,DC-YGN01,00120251204124616923
00120251204055331843,12/5/2025,HTY SHOP-40,VO99063,172.61,C,001,5379449,8379448,C00152798,???????,3202111004,May Yee Mon Tamarind Fish Paste (1x5x20 packs),5,pcs,0.25,DC-YGN01,00120251204010737823
01620251204035823093,12/5/2025,"Inv-18, Bago, Thatnatpin, Minywar",VO99082,101.93,C,016,5379543,8379542,C01602450,??????,3202111004,May Yee Mon Tamarind Fish Paste (1x5x20 packs),50,pcs,2.5,WH-BGO99,01620251204021742200
00620251204032832147,12/5/2025,V54(1),VO99054,31.89,C,006,5379511,8379510,C00600412,?????,3202111004,May Yee Mon Tamarind Fish Paste (1x5x20 packs),100,pcs,5,WH-TGI02,00620251204015931630
00120251204055411300,12/5/2025,INS                  Inv;41,VO99039,207.42,C,001,5379519,8379518,C00140698,?????????,3202111004,May Yee Mon Tamarind Fish Paste (1x5x20 packs),15,pcs,0.75,DC-YGN01,00120251204020528860
00220251204030542770,12/5/2025,INV(21),VO99019,74.42,C,002,5379507,8379506,C00211879,??????????,3202111004,May Yee Mon Tamarind Fish Paste (1x5x20 packs),10,pcs,0.5,WH-MDY01,00220251204015618370
00220251204030516657,12/5/2025,INV(27),VO99018,210.62,C,002,5379509,8379508,C00200867,?????????,3202111004,May Yee Mon Tamarind Fish Paste (1x5x20 packs),100,pcs,5,WH-MDY01,00220251204015919483
01620251204035823093,12/5/2025,"Inv-18, Bago, Thatnatpin, Minywar",VO99082,101.93,C,016,5379512,8379511,C01603856,?????,3202111004,May Yee Mon Tamarind Fish Paste (1x5x20 packs),10,pcs,0.5,WH-BGO99,01620251204015932680
00420251204041020073,12/5/2025,VO99023   inv:  19,VO99023,192.56,C,004,5379492,8379491,C00403540,????????????,3202111004,May Yee Mon Tamarind Fish Paste (1x5x20 packs),25,pcs,1.25,WH-MLM01,00420251204014120810
00120251204055411300,12/5/2025,INS                  Inv;41,VO99039,207.42,C,001,5379487,8379486,C00111984,???????,3202111004,May Yee Mon Tamarind Fish Paste (1x5x20 packs),5,pcs,0.25,DC-YGN01,00120251204014114020
00220251204035656017,12/5/2025,INV(3),VO99019,5.07,C,002,5379688,8379687,C00214871,Hearty Store,3202111004,May Yee Mon Tamarind Fish Paste (1x5x20 packs),5,pcs,0.25,WH-MDY01,00220251204031816820
00120251204055333027,12/5/2025,MYG                Inv;23,VO99035,88.27,C,001,5379681,8379680,C00131312,?????????,3202111004,May Yee Mon Tamarind Fish Paste (1x5x20 packs),10,pcs,0.5,DC-YGN01,00120251204031326197
00120251204055333027,12/5/2025,MYG                Inv;23,VO99035,88.27,C,001,5379668,8379667,C00144400,???,3202111004,May Yee Mon Tamarind Fish Paste (1x5x20 packs),25,pcs,1.25,DC-YGN01,00120251204030713887
00220251204035656017,12/5/2025,INV(3),VO99019,5.07,C,002,5379658,8379657,C00208903,Golden City,3202111004,May Yee Mon Tamarind Fish Paste (1x5x20 packs),5,pcs,0.25,WH-MDY01,00220251204030009567
00220251204030419380,12/5/2025,INV(12),VO99016,49.15,C,002,5379651,8379650,C00209656,Snow Mart,3202111004,May Yee Mon Tamarind Fish Paste (1x5x20 packs),5,pcs,0.25,WH-MDY01,00220251204025354553
00120251204055453930,12/5/2025,NDG/EDG                 Inv;19,VO99043,65.06,C,001,5379662,8379661,C00102992,????????????,3202111004,May Yee Mon Tamarind Fish Paste (1x5x20 packs),10,pcs,0.5,DC-YGN01,00120251204030109413
00120251204055520713,12/5/2025,NOKL SHOP-44,VO99045,173.34,C,001,5379711,8379710,C00117132,????????,3202111004,May Yee Mon Tamarind Fish Paste (1x5x20 packs),25,pcs,1.25,DC-YGN01,00120251204033501230
00120251204055333027,12/5/2025,MYG                Inv;23,VO99035,88.27,C,001,5379708,8379707,C00142758,????????????,3202111004,May Yee Mon Tamarind Fish Paste (1x5x20 packs),5,pcs,0.25,DC-YGN01,00120251204033200010
00120251204055234630,12/5/2025,TLN/KT SHOP-11,VO99113,43.87,C,001,5379713,8379712,C00800920,????????,3202111004,May Yee Mon Tamarind Fish Paste (1x5x20 packs),10,pcs,0.5,DC-YGN01,00120251204033503643
00120251204055455197,12/5/2025,"SOKL,YK SHOP-20",VO99046,139.57,C,001,5379568,8379567,C00108446,??????????,3202111004,May Yee Mon Tamarind Fish Paste (1x5x20 packs),5,pcs,0.25,DC-YGN01,00120251204022955267
00220251204030542770,12/5/2025,INV(21),VO99019,74.42,C,002,5379555,8379554,C00206863,???????,3202111004,May Yee Mon Tamarind Fish Paste (1x5x20 packs),5,pcs,0.25,WH-MDY01,00220251204022330923
00220251204030542770,12/5/2025,INV(21),VO99019,74.42,C,002,5379564,8379563,C00215335,??????,3202111004,May Yee Mon Tamarind Fish Paste (1x5x20 packs),50,pcs,2.5,WH-MDY01,00220251204022632057
00120251204055218913,12/5/2025,MGLTN/Tamwe                       Inv;23,VO99005,106.64,C,001,5379579,8379578,C00101385,????,3202111004,May Yee Mon Tamarind Fish Paste (1x5x20 packs),5,pcs,0.25,DC-YGN01,00120251204023304337
00420251204041020073,12/5/2025,VO99023   inv:  19,VO99023,192.56,C,004,5379634,8379633,C00404334,????????????,3202111004,May Yee Mon Tamarind Fish Paste (1x5x20 packs),200,pcs,10,WH-MLM01,00420251204024756727
00120251204055425190,12/5/2025,S.DGN/SEIKKAN SHOP-26,VO99060,84.41,C,001,5379642,8379641,C00139195,?????????,3202111004,May Yee Mon Tamarind Fish Paste (1x5x20 packs),30,pcs,1.5,DC-YGN01,00120251204024833467
00120251204055455197,12/5/2025,"SOKL,YK SHOP-20",VO99046,139.57,C,001,5379568,8379567,C00108446,??????????,3202211002,May Yee Mon Chicken Congee 25g (1x10x20packs),10,pcs,0.275,DC-YGN01,00120251204022955267
00120251204055453930,12/5/2025,NDG/EDG                 Inv;19,VO99043,65.06,C,001,5379684,8379683,C00108306,????,3202211002,May Yee Mon Chicken Congee 25g (1x10x20packs),50,pcs,1.375,DC-YGN01,00120251204031331383
00120251204055234630,12/5/2025,TLN/KT SHOP-11,VO99113,43.87,C,001,5379682,8379681,C00802099,?????????????,3202211002,May Yee Mon Chicken Congee 25g (1x10x20packs),40,pcs,1.1,DC-YGN01,00120251204031329167
00120251204055411300,12/5/2025,INS                  Inv;41,VO99039,207.42,C,001,5379505,8379504,C00107899,????????????????,3202211002,May Yee Mon Chicken Congee 25g (1x10x20packs),20,pcs,0.55,DC-YGN01,00120251204015321570
00120251204055331843,12/5/2025,HTY SHOP-40,VO99063,172.61,C,001,5379449,8379448,C00152798,???????,3202211002,May Yee Mon Chicken Congee 25g (1x10x20packs),30,pcs,0.825,DC-YGN01,00120251204010737823
00120251204055433497,12/5/2025,TKT-PZD                  Inv;35,VO99042,125.77,C,001,5379456,8379455,C00132486,????? ?????????????,3202211002,May Yee Mon Chicken Congee 25g (1x10x20packs),20,pcs,0.55,DC-YGN01,00120251204010748573
00120251204055411300,12/5/2025,INS                  Inv;41,VO99039,207.42,C,001,5379439,8379438,C00107903,?????????-?,3202211002,May Yee Mon Chicken Congee 25g (1x10x20packs),20,pcs,0.55,DC-YGN01,00120251204125528790
00120251204055411300,12/5/2025,INS                  Inv;41,VO99039,207.42,C,001,5379461,8379460,C00103064,?????????,3202211002,May Yee Mon Chicken Congee 25g (1x10x20packs),20,pcs,0.55,DC-YGN01,00120251204011654827
00120251204055150310,12/5/2025,AL/BH/KMD/SC                         Inv;17,VO99004,207.16,C,001,5379331,8379330,C00137536,Buy & GO,3202211002,May Yee Mon Chicken Congee 25g (1x10x20packs),20,pcs,0.55,DC-YGN01,00120251204115703210
00120251204055150310,12/5/2025,AL/BH/KMD/SC                         Inv;17,VO99004,207.16,C,001,5379361,8379360,C00101744,????? (???????),3202211002,May Yee Mon Chicken Congee 25g (1x10x20packs),10,pcs,0.275,DC-YGN01,00120251204121226277
00520251204025447907,12/5/2025,"MMZ ,KS Inv [ 31 ]",VO99028,156.27,C,005,5379400,8379399,C00500623,Shwe Kaung Kin,3202211002,May Yee Mon Chicken Congee 25g (1x10x20packs),10,pcs,0.275,WH-NPT01,00520251204122554193
00120251204055150310,12/5/2025,AL/BH/KMD/SC                         Inv;17,VO99004,207.16,C,001,5379241,8379240,C00104768,Spirit,3202211002,May Yee Mon Chicken Congee 25g (1x10x20packs),10,pcs,0.275,DC-YGN01,00120251204112910483
01120251204025619813,12/5/2025,"TKS,PHM,Inv-15",VO99071,50.42,C,011,5379201,8379200,C01102478,?????,3202211002,May Yee Mon Chicken Congee 25g (1x10x20packs),50,pcs,1.375,WH-MGW01,01120251204112154747
00120251204055350787,12/5/2025,SPT                 Inv;24,VO99037,152.53,C,001,5379235,8379234,C00135250,War War Win,3202211002,May Yee Mon Chicken Congee 25g (1x10x20packs),30,pcs,0.825,DC-YGN01,00120251204112904993
00120251204055411300,12/5/2025,INS                  Inv;41,VO99039,207.42,C,001,5379237,8379236,C00113112,??????????,3202211002,May Yee Mon Chicken Congee 25g (1x10x20packs),30,pcs,0.825,DC-YGN01,00120251204112907400
01120251204025619813,12/5/2025,"TKS,PHM,Inv-15",VO99071,50.42,C,011,5379215,8379214,C01105470,??? ?????,3202211002,May Yee Mon Chicken Congee 25g (1x10x20packs),10,pcs,0.275,WH-MGW01,01120251204112459487
00120251204055333027,12/5/2025,MYG                Inv;23,VO99035,88.27,C,001,5378762,8378761,C00134136,Idea Mini Mart,3202211002,May Yee Mon Chicken Congee 25g (1x10x20packs),20,pcs,0.55,DC-YGN01,00120251204094328833
00120251204055433497,12/5/2025,TKT-PZD                  Inv;35,VO99042,125.77,C,001,5378635,8378634,C00138312,????????,3202211002,May Yee Mon Chicken Congee 25g (1x10x20packs),20,pcs,0.55,DC-YGN01,00120251204085000193
00620251204032832147,12/5/2025,V54(1),VO99054,31.89,C,006,5378501,8378500,C00600164,?????????????,3202211002,May Yee Mon Chicken Congee 25g (1x10x20packs),100,pcs,2.75,WH-TGI02,00620251203025917803
00120251204055411300,12/5/2025,INS                  Inv;41,VO99039,207.42,C,001,5379023,8379022,C00136257,?????????,3202211002,May Yee Mon Chicken Congee 25g (1x10x20packs),30,pcs,0.825,DC-YGN01,00120251204104407390
00120251204055218913,12/5/2025,MGLTN/Tamwe                       Inv;23,VO99005,106.64,C,001,5378999,8378998,C00108549,?????????,3202211002,May Yee Mon Chicken Congee 25g (1x10x20packs),60,pcs,1.65,DC-YGN01,00120251204103726960
00220251204030419380,12/5/2025,INV(12),VO99016,49.15,C,002,5379041,8379040,C00207816,??????????,3202211002,May Yee Mon Chicken Congee 25g (1x10x20packs),20,pcs,0.55,WH-MDY01,00220251204104826807
00120251204055453930,12/5/2025,NDG/EDG                 Inv;19,VO99043,65.06,C,001,5379051,8379050,C00118738,???????,3202211002,May Yee Mon Chicken Congee 25g (1x10x20packs),20,pcs,0.55,DC-YGN01,00120251204105035963
00120251204055455197,12/5/2025,"SOKL,YK SHOP-20",VO99046,139.57,C,001,5378983,8378982,C00138910,Nan Convenience Store,3202211002,May Yee Mon Chicken Congee 25g (1x10x20packs),10,pcs,0.275,DC-YGN01,00120251204103405963
00120251204010325710,12/5/2025,BGO Branch ( No . 1 ) ,WT-BGO,304.96,C,001,5379406,8379405,C00152774,BGO Branch,3202211002,May Yee Mon Chicken Congee 25g (1x10x20packs),200,pcs,5.5,DC-YGN01,00120251204122843807
00120251204021534870,12/5/2025,Oc/CC-MGDTM     INV--6,VO99003,50.08,C,001,5378673,8378672,C00135956,Ocean-MGDTM,3305111001,Quaker Instant Oatmeal  400g (1x24),34,pcs,14.512333,DC-YGN01,00120251204091330990
00120251204021829157,12/5/2025,CM-TM     INV--5,VO99001,85.48,C,001,5378784,8378783,C00110790,City Mart - TM,3305111001,Quaker Instant Oatmeal  400g (1x24),34,pcs,14.512333,DC-YGN01,00120251204094909237
00520251204025338507,12/5/2025,OCJN Inv [ 5 ] ,VO99038,58.67,C,005,5378809,8378808,C00500907,Ocean-NPT-JN,3305111001,Quaker Instant Oatmeal  400g (1x24),15,pcs,6.4025,WH-NPT01,00520251204095325987
00720251204041307187,12/5/2025,inv 5 OCPT,VO99052,199.6,C,007,5379210,8379209,C00701841,Ocean - PT,3305111001,Quaker Instant Oatmeal  400g (1x24),8,pcs,3.414667,WH-PTN01,00720251204112317170
00220251204030328153,12/5/2025,OCDP,VO99036,67.31,C,002,5379251,8379250,C00202989,Ocean-MDY-DP,3305111001,Quaker Instant Oatmeal  400g (1x24),9,pcs,3.8415,WH-MDY01,00220251204113129870
00220251204030341233,12/5/2025,city 19,VO99036,45.66,C,002,5379274,8379273,C00207683,City Mart - 19th,3305111001,Quaker Instant Oatmeal  400g (1x24),15,pcs,6.4025,WH-MDY01,00220251204113516027
00720251204041307187,12/5/2025,inv 5 OCPT,VO99052,199.6,C,007,5379210,8379209,C00701841,Ocean - PT,3305111002,Quaker Instant Oatmeal  800g (1x12),12,pcs,10.244,WH-PTN01,00720251204112317170
00720251204041307187,12/5/2025,inv 5 OCPT,VO99052,199.6,C,007,5379210,8379209,C00701841,Ocean - PT,3305111004,Quaker Quick Cook Oatmeal  800g (1x12),12,pcs,10.244,WH-PTN01,00720251204112317170
00220251204030341233,12/5/2025,city 19,VO99036,45.66,C,002,5379274,8379273,C00207683,City Mart - 19th,3305111004,Quaker Quick Cook Oatmeal  800g (1x12),12,pcs,10.244,WH-MDY01,00220251204113516027
00120251204021829157,12/5/2025,CM-TM     INV--5,VO99001,85.48,C,001,5378784,8378783,C00110790,City Mart - TM,3305111004,Quaker Quick Cook Oatmeal  800g (1x12),12,pcs,10.244,DC-YGN01,00120251204094909237
00720251204041307187,12/5/2025,inv 5 OCPT,VO99052,199.6,C,007,5379210,8379209,C00701841,Ocean - PT,3305112001,Quaker Instant Oatmeal 1kg (1x12),6,pcs,6.175,WH-PTN01,00720251204112317170
00720251204052110033,12/5/2025,Inv 8,VO99052,94.34,C,007,5379745,8379744,C00703019,Shine 2,3401111001,Maymyo Fresh Classic 20's 500g (1x50Pack),1,pack,0.591,WH-PTN01,00720251204042120127
01620251204035823093,12/5/2025,"Inv-18, Bago, Thatnatpin, Minywar",VO99082,101.93,C,016,5379428,8379427,C01603374,Sein Gabar Store,3401111002,Maymyo Fresh Classic 5's 120g (1x200Pack),1,pack,0.1444,WH-BGO99,01620251204124405423
01620251204041102773,12/5/2025,"Inv-14, Bago, WAW",VO99083,207.85,C,016,5379502,8379501,C01601251,Sky Waw,3401111002,Maymyo Fresh Classic 5's 120g (1x200Pack),5,pack,0.722,WH-BGO99,01620251204014727240
00120251204055455197,12/5/2025,"SOKL,YK SHOP-20",VO99046,139.57,C,001,5379568,8379567,C00108446,??????????,3401111002,Maymyo Fresh Classic 5's 120g (1x200Pack),1,pack,0.1444,DC-YGN01,00120251204022955267
00120251204023254810,12/5/2025,CPT-Baho     INV--1,VO99006,2.67,C,001,5378761,8378760,C00100015,Mi Thar Su - Baho,3401111002,Maymyo Fresh Classic 5's 120g (1x200Pack),6,pack,0.8664,DC-YGN01,00120251204094302680
00120251204023254810,12/5/2025,CPT-Baho     INV--1,VO99006,2.67,C,001,5378761,8378760,C00100015,Mi Thar Su - Baho,3401111003,Maymyo Fresh Classic Plus 10's 260g (1x60Pack),6,pack,1.85,DC-YGN01,00120251204094302680
01820251204030452237,12/5/2025,Down Town Invo-10 SML,VO99068,50.09,C,018,5379249,8379248,C01800476,??????,3401111004,Maymyo Fresh Brown 20's 500g (1x50Pack),2,pack,1.182,WH-TGU01,01820251204113105057
00120251204055333027,12/5/2025,MYG                Inv;23,VO99035,88.27,C,001,5379204,8379203,C00101132,?????,3401111006,Maymyo Fresh Brown 20's 500g (1x30Pack),3,pack,1.644,DC-YGN01,00120251204112243750
00120251204055453930,12/5/2025,NDG/EDG                 Inv;19,VO99043,65.06,C,001,5379416,8379415,C00110251,???????????,3401111006,Maymyo Fresh Brown 20's 500g (1x30Pack),10,pack,5.48,DC-YGN01,00120251204123705363
00120251204055331843,12/5/2025,HTY SHOP-40,VO99063,172.61,C,001,5379384,8379383,C00120998,???????????????????,3401111006,Maymyo Fresh Brown 20's 500g (1x30Pack),3,pack,1.644,DC-YGN01,00120251204122151693
00120251204055331843,12/5/2025,HTY SHOP-40,VO99063,172.61,C,001,5379362,8379361,C00136462,Kyan Sit Thar Mini Mart,3401111006,Maymyo Fresh Brown 20's 500g (1x30Pack),2,pack,1.096,DC-YGN01,00120251204121228597
00120251204055150310,12/5/2025,AL/BH/KMD/SC                         Inv;17,VO99004,207.16,C,001,5379331,8379330,C00137536,Buy & GO,3401111006,Maymyo Fresh Brown 20's 500g (1x30Pack),3,pack,1.644,DC-YGN01,00120251204115703210
01620251204041102773,12/5/2025,"Inv-14, Bago, WAW",VO99083,207.85,C,016,5379497,8379496,C01601630,K.M Mart,3401111006,Maymyo Fresh Brown 20's 500g (1x30Pack),10,pack,5.48,WH-BGO99,01620251204014426047
00120251204055150310,12/5/2025,AL/BH/KMD/SC                         Inv;17,VO99004,207.16,C,001,5379430,8379429,C00124538,Diamond Mini Mart,3401111006,Maymyo Fresh Brown 20's 500g (1x30Pack),10,pack,5.48,DC-YGN01,00120251204124617870
00120251204055455197,12/5/2025,"SOKL,YK SHOP-20",VO99046,139.57,C,001,5378125,8378124,C00139826,???????????,3401111006,Maymyo Fresh Brown 20's 500g (1x30Pack),2,pack,1.096,DC-YGN01,00120251203124217877
01620251204035823093,12/5/2025,"Inv-18, Bago, Thatnatpin, Minywar",VO99082,101.93,C,016,5378623,8378622,C01602259,Lilly Organics (Bago),3401111006,Maymyo Fresh Brown 20's 500g (1x30Pack),5,pack,2.74,WH-BGO99,01620251203115928303
00120251204055411300,12/5/2025,INS                  Inv;41,VO99039,207.42,C,001,5378823,8378822,C00131295,BBB,3401111006,Maymyo Fresh Brown 20's 500g (1x30Pack),1,pack,0.548,DC-YGN01,00120251204095552117
00120251204055355003,12/5/2025,MGLD SHOP-11,VO99061,170.32,C,001,5378920,8378919,C00140931,???? Mini Mart,3401111006,Maymyo Fresh Brown 20's 500g (1x30Pack),2,pack,1.096,DC-YGN01,00120251204101750863
00420251204041020073,12/5/2025,VO99023   inv:  19,VO99023,192.56,C,004,5378862,8378861,C00404977,K MART,3401111006,Maymyo Fresh Brown 20's 500g (1x30Pack),20,pack,10.96,WH-MLM01,00420251204100345057
00120251204115840633,12/5/2025,"Letpadan  ( INV - 1 ) , All Producrs ",VO99014,254.71,C,001,5379133,8379132,C00108770,SD-YGN-Letpadan,3401111006,Maymyo Fresh Brown 20's 500g (1x30Pack),30,pack,16.44,WH-MLM01,00120251204110405923
00120251204010325710,12/5/2025,BGO Branch ( No . 1 ) ,WT-BGO,304.96,C,001,5379406,8379405,C00152774,BGO Branch,3401111006,Maymyo Fresh Brown 20's 500g (1x30Pack),30,pack,16.44,DC-YGN01,00120251204122843807
00720251204041153110,12/5/2025,inv 16,VO99052,117.9,C,007,5379726,8379725,C00700273,????????????,3401111007,Maymyo Fresh Brown 5's 120g (1x120Pack),5,pack,0.678333,WH-PTN01,00720251204034812307
00120251204055411300,12/5/2025,INS                  Inv;41,VO99039,207.42,C,001,5379174,8379173,C00124408,???????????,3401111007,Maymyo Fresh Brown 5's 120g (1x120Pack),5,pack,0.678333,DC-YGN01,00120251204111319423
00420251204041020073,12/5/2025,VO99023   inv:  19,VO99023,192.56,C,004,5378862,8378861,C00404977,K MART,3401111007,Maymyo Fresh Brown 5's 120g (1x120Pack),20,pack,2.713333,WH-MLM01,00420251204100345057
00120251204055333027,12/5/2025,MYG                Inv;23,VO99035,88.27,C,001,5379466,8379465,C00103521,Ko Thura Soe,3401111007,Maymyo Fresh Brown 5's 120g (1x120Pack),15,pack,2.035,DC-YGN01,00120251204012901153
01620251204041102773,12/5/2025,"Inv-14, Bago, WAW",VO99083,207.85,C,016,5379502,8379501,C01601251,Sky Waw,3401111007,Maymyo Fresh Brown 5's 120g (1x120Pack),5,pack,0.678333,WH-BGO99,01620251204014727240
00120251204043017587,12/5/2025,Carrefour Easy     INV--2,VO99002,105.23,C,001,5379592,8379591,C00133397,Carrefour Easy,3401111007,Maymyo Fresh Brown 5's 120g (1x120Pack),60,pack,8.14,DC-YGN01,00120251204023807613
00120251204055520713,12/5/2025,NOKL SHOP-44,VO99045,173.34,C,001,5379665,8379664,C00124653,??????,3401111007,Maymyo Fresh Brown 5's 120g (1x120Pack),5,pack,0.678333,DC-YGN01,00120251204030410833
00120251204055455197,12/5/2025,"SOKL,YK SHOP-20",VO99046,139.57,C,001,5379318,8379317,C00131132,Glorious Myanmar Mini Mart,3401111007,Maymyo Fresh Brown 5's 120g (1x120Pack),3,pack,0.407,DC-YGN01,00120251204114749250
00120251204055150310,12/5/2025,AL/BH/KMD/SC                         Inv;17,VO99004,207.16,C,001,5379313,8379312,C00101881,????????,3401111007,Maymyo Fresh Brown 5's 120g (1x120Pack),20,pack,2.713333,DC-YGN01,00120251204114743060
00120251204055150310,12/5/2025,AL/BH/KMD/SC                         Inv;17,VO99004,207.16,C,001,5379381,8379380,C00102542,Grace Mart,3401111007,Maymyo Fresh Brown 5's 120g (1x120Pack),5,pack,0.678333,DC-YGN01,00120251204121848673
00120251204055453930,12/5/2025,NDG/EDG                 Inv;19,VO99043,65.06,C,001,5379416,8379415,C00110251,???????????,3401111007,Maymyo Fresh Brown 5's 120g (1x120Pack),10,pack,1.356667,DC-YGN01,00120251204123705363
00120251204055150310,12/5/2025,AL/BH/KMD/SC                         Inv;17,VO99004,207.16,C,001,5379241,8379240,C00104768,Spirit,3401111007,Maymyo Fresh Brown 5's 120g (1x120Pack),12,pack,1.628,DC-YGN01,00120251204112910483
00120251204055150310,12/5/2025,AL/BH/KMD/SC                         Inv;17,VO99004,207.16,C,001,5379241,8379240,C00104768,Spirit,3401111008,Maymyo Fresh Classic 5's 120g (1x120Pack),12,pack,1.628,DC-YGN01,00120251204112910483
00120251204055455197,12/5/2025,"SOKL,YK SHOP-20",VO99046,139.57,C,001,5379225,8379224,C00136625,Yan Shin Mart,3401111008,Maymyo Fresh Classic 5's 120g (1x120Pack),5,pack,0.678333,DC-YGN01,00120251204112600420
00120251204055150310,12/5/2025,AL/BH/KMD/SC                         Inv;17,VO99004,207.16,C,001,5379313,8379312,C00101881,????????,3401111008,Maymyo Fresh Classic 5's 120g (1x120Pack),20,pack,2.713333,DC-YGN01,00120251204114743060
00120251204055150310,12/5/2025,AL/BH/KMD/SC                         Inv;17,VO99004,207.16,C,001,5379331,8379330,C00137536,Buy & GO,3401111008,Maymyo Fresh Classic 5's 120g (1x120Pack),10,pack,1.356667,DC-YGN01,00120251204115703210
00120251204055520713,12/5/2025,NOKL SHOP-44,VO99045,173.34,C,001,5379665,8379664,C00124653,??????,3401111008,Maymyo Fresh Classic 5's 120g (1x120Pack),15,pack,2.035,DC-YGN01,00120251204030410833
00120251204043017587,12/5/2025,Carrefour Easy     INV--2,VO99002,105.23,C,001,5379592,8379591,C00133397,Carrefour Easy,3401111008,Maymyo Fresh Classic 5's 120g (1x120Pack),60,pack,8.14,DC-YGN01,00120251204023807613
00120251204055455197,12/5/2025,"SOKL,YK SHOP-20",VO99046,139.57,C,001,5379568,8379567,C00108446,??????????,3401111008,Maymyo Fresh Classic 5's 120g (1x120Pack),1,pack,0.135667,DC-YGN01,00120251204022955267
00120251204055333027,12/5/2025,MYG                Inv;23,VO99035,88.27,C,001,5379466,8379465,C00103521,Ko Thura Soe,3401111008,Maymyo Fresh Classic 5's 120g (1x120Pack),15,pack,2.035,DC-YGN01,00120251204012901153
00120251204055520713,12/5/2025,NOKL SHOP-44,VO99045,173.34,C,001,5379434,8379433,C00101616,??????(?),3401111008,Maymyo Fresh Classic 5's 120g (1x120Pack),25,pack,3.391667,DC-YGN01,00120251204124923477
00120251204055331843,12/5/2025,HTY SHOP-40,VO99063,172.61,C,001,5378865,8378864,C00107424,?????????,3401111008,Maymyo Fresh Classic 5's 120g (1x120Pack),5,pack,0.678333,DC-YGN01,00120251204100515260
00120251204055218913,12/5/2025,MGLTN/Tamwe                       Inv;23,VO99005,106.64,C,001,5378896,8378895,C00105071,???????,3401111008,Maymyo Fresh Classic 5's 120g (1x120Pack),5,pack,0.678333,DC-YGN01,00120251204101441067
00120251204055303940,12/5/2025,TGG SHOP-29,VO99106,118.32,C,001,5378766,8378765,C00102927,???????????,3401111008,Maymyo Fresh Classic 5's 120g (1x120Pack),5,pack,0.678333,DC-YGN01,00120251204094333763
00120251204055455197,12/5/2025,"SOKL,YK SHOP-20",VO99046,139.57,C,001,5378125,8378124,C00139826,???????????,3401111008,Maymyo Fresh Classic 5's 120g (1x120Pack),1,pack,0.135667,DC-YGN01,00120251203124217877
00120251204055312437,12/5/2025,HL/KMY                  Inv;21,VO99032,71.52,C,001,5378700,8378699,C00114003,??????????,3401111008,Maymyo Fresh Classic 5's 120g (1x120Pack),10,pack,1.356667,DC-YGN01,00120251204092146387
00120251204055411300,12/5/2025,INS                  Inv;41,VO99039,207.42,C,001,5379174,8379173,C00124408,???????????,3401111008,Maymyo Fresh Classic 5's 120g (1x120Pack),10,pack,1.356667,DC-YGN01,00120251204111319423
00120251204115907770,12/5/2025,"Taikkyi  ( INV - 1 ) , All Producrs ",VO99014,208.43,C,001,5379142,8379141,C00126192,SD-YGN-Taikkyi,3401111008,Maymyo Fresh Classic 5's 120g (1x120Pack),30,pack,4.07,WH-MLM01,00120251204110551400
00120251204115953927,12/5/2025,"Khayan  ( INV - 1 ) ,  All Products ",VO99014,36.9,C,001,5379066,8379065,C00127051,SD-YGN-Khayan,3401111008,Maymyo Fresh Classic 5's 120g (1x120Pack),10,pack,1.356667,WH-MLM01,00120251204105249323
00420251204041020073,12/5/2025,VO99023   inv:  19,VO99023,192.56,C,004,5378937,8378936,C00400057,??????????,3401111008,Maymyo Fresh Classic 5's 120g (1x120Pack),5,pack,0.678333,WH-MLM01,00420251204102206710
00120251204055411300,12/5/2025,INS                  Inv;41,VO99039,207.42,C,001,5378936,8378935,C00100575,?????(?),3401111008,Maymyo Fresh Classic 5's 120g (1x120Pack),20,pack,2.713333,DC-YGN01,00120251204102203540
00120251204055453930,12/5/2025,NDG/EDG                 Inv;19,VO99043,65.06,C,001,5379051,8379050,C00118738,???????,3401111008,Maymyo Fresh Classic 5's 120g (1x120Pack),10,pack,1.356667,DC-YGN01,00120251204105035963
00120251204055355003,12/5/2025,MGLD SHOP-11,VO99061,170.32,C,001,5379001,8379000,C00105735,?????,3401111008,Maymyo Fresh Classic 5's 120g (1x120Pack),5,pack,0.678333,DC-YGN01,00120251204103730577
00120251204115953927,12/5/2025,"Khayan  ( INV - 1 ) ,  All Products ",VO99014,36.9,C,001,5379066,8379065,C00127051,SD-YGN-Khayan,3401111009,Maymyo Fresh Classic Plus 10's 260g (1x40Pack),10,pack,2.86,WH-MLM01,00120251204105249323
00120251204115907770,12/5/2025,"Taikkyi  ( INV - 1 ) , All Producrs ",VO99014,208.43,C,001,5379142,8379141,C00126192,SD-YGN-Taikkyi,3401111009,Maymyo Fresh Classic Plus 10's 260g (1x40Pack),10,pack,2.86,WH-MLM01,00120251204110551400
00120251204022125123,12/5/2025,Maxi     INV--3,VO99002,23.87,C,001,5378883,8378882,C00138406,MAXI,3401111009,Maymyo Fresh Classic Plus 10's 260g (1x40Pack),60,pack,17.16,DC-YGN01,00120251204100958260
00120251204043017587,12/5/2025,Carrefour Easy     INV--2,VO99002,105.23,C,001,5379592,8379591,C00133397,Carrefour Easy,3401111009,Maymyo Fresh Classic Plus 10's 260g (1x40Pack),60,pack,17.16,DC-YGN01,00120251204023807613
00120251204010325710,12/5/2025,BGO Branch ( No . 1 ) ,WT-BGO,304.96,C,001,5379406,8379405,C00152774,BGO Branch,3401111009,Maymyo Fresh Classic Plus 10's 260g (1x40Pack),40,pack,11.44,DC-YGN01,00120251204122843807
00120251204010325710,12/5/2025,BGO Branch ( No . 1 ) ,WT-BGO,304.96,C,001,5379406,8379405,C00152774,BGO Branch,3401111010,Maymyo Fresh Classic 20's 500g (1x30Pack),30,pack,16.44,DC-YGN01,00120251204122843807
00120251204055455197,12/5/2025,"SOKL,YK SHOP-20",VO99046,139.57,C,001,5379568,8379567,C00108446,??????????,3401111010,Maymyo Fresh Classic 20's 500g (1x30Pack),4,pack,2.192,DC-YGN01,00120251204022955267
00120251204055455197,12/5/2025,"SOKL,YK SHOP-20",VO99046,139.57,C,001,5379561,8379560,C00129596,Asia,3401111010,Maymyo Fresh Classic 20's 500g (1x30Pack),3,pack,1.644,DC-YGN01,00120251204022350333
00120251204055453930,12/5/2025,NDG/EDG                 Inv;19,VO99043,65.06,C,001,5379628,8379627,C00101489,????????,3401111010,Maymyo Fresh Classic 20's 500g (1x30Pack),10,pack,5.48,DC-YGN01,00120251204024523273
00120251204055433497,12/5/2025,TKT-PZD                  Inv;35,VO99042,125.77,C,001,5379454,8379453,C00127655,??????,3401111010,Maymyo Fresh Classic 20's 500g (1x30Pack),7,pack,3.836,DC-YGN01,00120251204010746427
00120251204055455197,12/5/2025,"SOKL,YK SHOP-20",VO99046,139.57,C,001,5379448,8379447,C00106001,?????????,3401111010,Maymyo Fresh Classic 20's 500g (1x30Pack),2,pack,1.096,DC-YGN01,00120251204010736757
01620251204041102773,12/5/2025,"Inv-14, Bago, WAW",VO99083,207.85,C,016,5379497,8379496,C01601630,K.M Mart,3401111010,Maymyo Fresh Classic 20's 500g (1x30Pack),20,pack,10.96,WH-BGO99,01620251204014426047
01620251204035823093,12/5/2025,"Inv-18, Bago, Thatnatpin, Minywar",VO99082,101.93,C,016,5379360,8379359,C01601258,Ta Yote Gyi,3401111010,Maymyo Fresh Classic 20's 500g (1x30Pack),5,pack,2.74,WH-BGO99,01620251204121040410
00120251204055455197,12/5/2025,"SOKL,YK SHOP-20",VO99046,139.57,C,001,5379225,8379224,C00136625,Yan Shin Mart,3401111010,Maymyo Fresh Classic 20's 500g (1x30Pack),5,pack,2.74,DC-YGN01,00120251204112600420
00120251204055150310,12/5/2025,AL/BH/KMD/SC                         Inv;17,VO99004,207.16,C,001,5379241,8379240,C00104768,Spirit,3401111010,Maymyo Fresh Classic 20's 500g (1x30Pack),12,pack,6.576,DC-YGN01,00120251204112910483
01820251204030452237,12/5/2025,Down Town Invo-10 SML,VO99068,50.09,C,018,5379249,8379248,C01800476,??????,3401111010,Maymyo Fresh Classic 20's 500g (1x30Pack),3,pack,1.644,WH-TGU01,01820251204113105057
00120251204055355003,12/5/2025,MGLD SHOP-11,VO99061,170.32,C,001,5378920,8378919,C00140931,???? Mini Mart,3401111010,Maymyo Fresh Classic 20's 500g (1x30Pack),1,pack,0.548,DC-YGN01,00120251204101750863
00120251204055303940,12/5/2025,TGG SHOP-29,VO99106,118.32,C,001,5378868,8378867,C00139869,?????????,3401111010,Maymyo Fresh Classic 20's 500g (1x30Pack),1,pack,0.548,DC-YGN01,00120251204100518573
00420251204041020073,12/5/2025,VO99023   inv:  19,VO99023,192.56,C,004,5378862,8378861,C00404977,K MART,3401111010,Maymyo Fresh Classic 20's 500g (1x30Pack),20,pack,10.96,WH-MLM01,00420251204100345057
00120251204055411300,12/5/2025,INS                  Inv;41,VO99039,207.42,C,001,5378823,8378822,C00131295,BBB,3401111010,Maymyo Fresh Classic 20's 500g (1x30Pack),1,pack,0.548,DC-YGN01,00120251204095552117
00120251204023317740,12/5/2025,MTS-TGG     INV--1,VO99106,12.83,C,001,5378768,8378767,C00111943,Mi Thar Su - TGG,3401111010,Maymyo Fresh Classic 20's 500g (1x30Pack),10,pack,5.48,DC-YGN01,00120251204094515000
00120251204055455197,12/5/2025,"SOKL,YK SHOP-20",VO99046,139.57,C,001,5378125,8378124,C00139826,???????????,3401111010,Maymyo Fresh Classic 20's 500g (1x30Pack),3,pack,1.644,DC-YGN01,00120251203124217877
00120251204115907770,12/5/2025,"Taikkyi  ( INV - 1 ) , All Producrs ",VO99014,208.43,C,001,5379142,8379141,C00126192,SD-YGN-Taikkyi,3401111010,Maymyo Fresh Classic 20's 500g (1x30Pack),60,pack,32.88,WH-MLM01,00120251204110551400
00120251204115840633,12/5/2025,"Letpadan  ( INV - 1 ) , All Producrs ",VO99014,254.71,C,001,5379133,8379132,C00108770,SD-YGN-Letpadan,3401111010,Maymyo Fresh Classic 20's 500g (1x30Pack),30,pack,16.44,WH-MLM01,00120251204110405923
00120251204055520713,12/5/2025,NOKL SHOP-44,VO99045,173.34,C,001,5379122,8379121,C00133041,???????????,3401111010,Maymyo Fresh Classic 20's 500g (1x30Pack),5,pack,2.74,DC-YGN01,00120251204110331723
00120251204055303940,12/5/2025,TGG SHOP-29,VO99106,118.32,C,001,5379084,8379083,C00106077,Ko Zaw,3401111010,Maymyo Fresh Classic 20's 500g (1x30Pack),2,pack,1.096,DC-YGN01,00120251204105705177
00120251204032000647,12/5/2025,Day To Day     INV--2,VO99033,14.25,C,001,5379108,8379107,C00104653,Day to Day,3401111010,Maymyo Fresh Classic 20's 500g (1x30Pack),10,pack,5.48,DC-YGN01,00120251204110055767
00120251204055303940,12/5/2025,TGG SHOP-29,VO99106,118.32,C,001,5379026,8379025,C00103874,Lucky,3401111010,Maymyo Fresh Classic 20's 500g (1x30Pack),5,pack,2.74,DC-YGN01,00120251204104412233
00420251204041020073,12/5/2025,VO99023   inv:  19,VO99023,192.56,C,004,5378937,8378936,C00400057,??????????,3401111010,Maymyo Fresh Classic 20's 500g (1x30Pack),3,pack,1.644,WH-MLM01,00420251204102206710
00120251204115840633,12/5/2025,"Letpadan  ( INV - 1 ) , All Producrs ",VO99014,254.71,C,001,5379133,8379132,C00108770,SD-YGN-Letpadan,3401121002,Maymyo Fresh Nature Blend Coffee 100g (1x100Pack),20,pack,2.2,WH-MLM01,00120251204110405923
00120251204055150310,12/5/2025,AL/BH/KMD/SC                         Inv;17,VO99004,207.16,C,001,5379241,8379240,C00104768,Spirit,3401121002,Maymyo Fresh Nature Blend Coffee 100g (1x100Pack),12,pack,1.32,DC-YGN01,00120251204112910483
00120251204055455197,12/5/2025,"SOKL,YK SHOP-20",VO99046,139.57,C,001,5379226,8379225,C00132072,Central Mart,3401121002,Maymyo Fresh Nature Blend Coffee 100g (1x100Pack),11,pack,1.21,DC-YGN01,00120251204112601820
01620251204035823093,12/5/2025,"Inv-18, Bago, Thatnatpin, Minywar",VO99082,101.93,C,016,5379428,8379427,C01603374,Sein Gabar Store,3401121002,Maymyo Fresh Nature Blend Coffee 100g (1x100Pack),1,pack,0.11,WH-BGO99,01620251204124405423
00120251204043017587,12/5/2025,Carrefour Easy     INV--2,VO99002,105.23,C,001,5379592,8379591,C00133397,Carrefour Easy,3401121002,Maymyo Fresh Nature Blend Coffee 100g (1x100Pack),36,pack,3.96,DC-YGN01,00120251204023807613
00120251204055520713,12/5/2025,NOKL SHOP-44,VO99045,173.34,C,001,5379665,8379664,C00124653,??????,3401121002,Maymyo Fresh Nature Blend Coffee 100g (1x100Pack),3,pack,0.33,DC-YGN01,00120251204030410833
00120251204055520713,12/5/2025,NOKL SHOP-44,VO99045,173.34,C,001,5379665,8379664,C00124653,??????,3401121003,Maymyo Fresh Nature Blend Coffee 200g (1x60Pack),3,pack,0.7,DC-YGN01,00120251204030410833
00120251204043017587,12/5/2025,Carrefour Easy     INV--2,VO99002,105.23,C,001,5379592,8379591,C00133397,Carrefour Easy,3401121003,Maymyo Fresh Nature Blend Coffee 200g (1x60Pack),24,pack,5.6,DC-YGN01,00120251204023807613
00120251204055303940,12/5/2025,TGG SHOP-29,VO99106,118.32,C,001,5379096,8379095,C00140837,??????????,3401121003,Maymyo Fresh Nature Blend Coffee 200g (1x60Pack),10,pack,2.333333,DC-YGN01,00120251204110012520
00120251204023254810,12/5/2025,CPT-Baho     INV--1,VO99006,2.67,C,001,5378761,8378760,C00100015,Mi Thar Su - Baho,3401121003,Maymyo Fresh Nature Blend Coffee 200g (1x60Pack),3,pack,0.7,DC-YGN01,00120251204094302680
00420251204041020073,12/5/2025,VO99023   inv:  19,VO99023,192.56,C,004,5378862,8378861,C00404977,K MART,3401121003,Maymyo Fresh Nature Blend Coffee 200g (1x60Pack),12,pack,2.8,WH-MLM01,00420251204100345057
00120251204020957470,12/5/2025,Oc/CC-HTY     INV--5,VO99010,154.5,C,001,5379044,8379043,C00126567,Ocean-YGN-HTY,4000000003,Moshi Potato Chips Original 38g - MT Pack (1x12packs),2,pack,0.78,DC-YGN01,00120251204104941840
00120251205091238967,12/5/2025,Ocean-SGD               1,VO99033,3.12,C,001,5379797,8379796,C00113428,Ocean-YGN-SGD,4000000003,Moshi Potato Chips Original 38g - MT Pack (1x12packs),8,pack,3.12,DC-YGN01,00120251205090948503
00720251204052110033,12/5/2025,Inv 8,VO99052,94.34,C,007,5379750,8379749,C00703106,????????,4001111001,Moshi Potato Chips BBQ Spicy 65g (1x60pcs),10,pcs,0.666667,WH-PTN01,00720251204043324147
00720251204052110033,12/5/2025,Inv 8,VO99052,94.34,C,007,5379757,8379756,C00702281,?????????,4001111001,Moshi Potato Chips BBQ Spicy 65g (1x60pcs),10,pcs,0.666667,WH-PTN01,00720251204045434177
00720251204041153110,12/5/2025,inv 16,VO99052,117.9,C,007,5379726,8379725,C00700273,????????????,4001111001,Moshi Potato Chips BBQ Spicy 65g (1x60pcs),10,pcs,0.666667,WH-PTN01,00720251204034812307
00120251204010325710,12/5/2025,BGO Branch ( No . 1 ) ,WT-BGO,304.96,C,001,5379406,8379405,C00152774,BGO Branch,4001111001,Moshi Potato Chips BBQ Spicy 65g (1x60pcs),120,pcs,8,DC-YGN01,00120251204122843807
00120251204125303150,12/5/2025,MDY  Branch ( No . 1 ) ,WT-MDY01,1089.74,C,001,5379375,8379374,C00125994,MDY Branch,4001111001,Moshi Potato Chips BBQ Spicy 65g (1x60pcs),1500,pcs,100,DC-YGN01,00120251204121633380
00120251204010355800,12/5/2025,"TGI Branch - MR  ( No . 1 )  , For MR ",WT-TGI01,157.2,C,001,5379391,8379390,C00130318,TGI Branch - MR,4001111001,Moshi Potato Chips BBQ Spicy 65g (1x60pcs),60,pcs,4,DC-YGN01,00120251204122422243
00220251204030447237,12/5/2025,INV(24),VO99017,270.54,C,002,5379058,8379057,C00201258,?????????,4001111001,Moshi Potato Chips BBQ Spicy 65g (1x60pcs),10,pcs,0.666667,WH-MDY01,00220251204105140963
00120251204115926893,12/5/2025,"Pakokku  ( INV - 1 ) , All Producrs ",VO99014,187,C,001,5379043,8379042,C00202760,SD-MDY-Pakokku,4001111001,Moshi Potato Chips BBQ Spicy 65g (1x60pcs),120,pcs,8,WH-MDY01,00120251204104848533
00120251204055333027,12/5/2025,MYG                Inv;23,VO99035,88.27,C,001,5379024,8379023,C00136496,4 You,4001111001,Moshi Potato Chips BBQ Spicy 65g (1x60pcs),10,pcs,0.666667,DC-YGN01,00120251204104408613
00120251204055411300,12/5/2025,INS                  Inv;41,VO99039,207.42,C,001,5378936,8378935,C00100575,?????(?),4001111001,Moshi Potato Chips BBQ Spicy 65g (1x60pcs),10,pcs,0.666667,DC-YGN01,00120251204102203540
00120251204055218913,12/5/2025,MGLTN/Tamwe                       Inv;23,VO99005,106.64,C,001,5378932,8378931,C00133128,?????????,4001111001,Moshi Potato Chips BBQ Spicy 65g (1x60pcs),10,pcs,0.666667,DC-YGN01,00120251204102102193
01620251204041102773,12/5/2025,"Inv-14, Bago, WAW",VO99083,207.85,C,016,5378941,8378940,C01602886,?????,4001111001,Moshi Potato Chips BBQ Spicy 65g (1x60pcs),10,pcs,0.666667,WH-BGO99,01620251204102213037
00120251204055411300,12/5/2025,INS                  Inv;41,VO99039,207.42,C,001,5378995,8378994,C00137914,JNJ (Mart),4001111001,Moshi Potato Chips BBQ Spicy 65g (1x60pcs),20,pcs,1.333333,DC-YGN01,00120251204103721333
00120251204055331843,12/5/2025,HTY SHOP-40,VO99063,172.61,C,001,5379097,8379096,C00112829,??????????,4001111001,Moshi Potato Chips BBQ Spicy 65g (1x60pcs),30,pcs,2,DC-YGN01,00120251204110013517
00120251204055520713,12/5/2025,NOKL SHOP-44,VO99045,173.34,C,001,5379095,8379094,C00135663,Royal Mart,4001111001,Moshi Potato Chips BBQ Spicy 65g (1x60pcs),10,pcs,0.666667,DC-YGN01,00120251204110011437
00120251204055355003,12/5/2025,MGLD SHOP-11,VO99061,170.32,C,001,5379120,8379119,C00120550,???????????,4001111001,Moshi Potato Chips BBQ Spicy 65g (1x60pcs),10,pcs,0.666667,DC-YGN01,00120251204110328367
00220251204030608007,12/5/2025,INV(19),VO99040,140.01,C,002,5379082,8379081,C00211376,Top One,4001111001,Moshi Potato Chips BBQ Spicy 65g (1x60pcs),10,pcs,0.666667,WH-MDY01,00220251204105523597
00120251204115953927,12/5/2025,"Khayan  ( INV - 1 ) ,  All Products ",VO99014,36.9,C,001,5379066,8379065,C00127051,SD-YGN-Khayan,4001111001,Moshi Potato Chips BBQ Spicy 65g (1x60pcs),120,pcs,8,WH-MLM01,00120251204105249323
00220251204030447237,12/5/2025,INV(24),VO99017,270.54,C,002,5379060,8379059,C00203938,?????????,4001111001,Moshi Potato Chips BBQ Spicy 65g (1x60pcs),20,pcs,1.333333,WH-MDY01,00220251204105207447
00120251204055218913,12/5/2025,MGLTN/Tamwe                       Inv;23,VO99005,106.64,C,001,5379053,8379052,C00124266,???????????,4001111001,Moshi Potato Chips BBQ Spicy 65g (1x60pcs),20,pcs,1.333333,DC-YGN01,00120251204105038343
00220251204030447237,12/5/2025,INV(24),VO99017,270.54,C,002,5379062,8379061,C00211572,??????,4001111001,Moshi Potato Chips BBQ Spicy 65g (1x60pcs),20,pcs,1.333333,WH-MDY01,00220251204105217053
00120251204115840633,12/5/2025,"Letpadan  ( INV - 1 ) , All Producrs ",VO99014,254.71,C,001,5379133,8379132,C00108770,SD-YGN-Letpadan,4001111001,Moshi Potato Chips BBQ Spicy 65g (1x60pcs),60,pcs,4,WH-MLM01,00120251204110405923
00120251204055411300,12/5/2025,INS                  Inv;41,VO99039,207.42,C,001,5379121,8379120,C00107179,???????,4001111001,Moshi Potato Chips BBQ Spicy 65g (1x60pcs),10,pcs,0.666667,DC-YGN01,00120251204110329600
00120251204115907770,12/5/2025,"Taikkyi  ( INV - 1 ) , All Producrs ",VO99014,208.43,C,001,5379142,8379141,C00126192,SD-YGN-Taikkyi,4001111001,Moshi Potato Chips BBQ Spicy 65g (1x60pcs),60,pcs,4,WH-MLM01,00120251204110551400
00120251204055333027,12/5/2025,MYG                Inv;23,VO99035,88.27,C,001,5379148,8379147,C00129925,??????????,4001111001,Moshi Potato Chips BBQ Spicy 65g (1x60pcs),10,pcs,0.666667,DC-YGN01,00120251204110647727
00120251204055411300,12/5/2025,INS                  Inv;41,VO99039,207.42,C,001,5379174,8379173,C00124408,???????????,4001111001,Moshi Potato Chips BBQ Spicy 65g (1x60pcs),10,pcs,0.666667,DC-YGN01,00120251204111319423
00120251204055333027,12/5/2025,MYG                Inv;23,VO99035,88.27,C,001,5379173,8379172,C00112859,?????????,4001111001,Moshi Potato Chips BBQ Spicy 65g (1x60pcs),10,pcs,0.666667,DC-YGN01,00120251204111317870
00120251204055331843,12/5/2025,HTY SHOP-40,VO99063,172.61,C,001,5378844,8378843,C00103414,???????????,4001111001,Moshi Potato Chips BBQ Spicy 65g (1x60pcs),90,pcs,6,DC-YGN01,00120251204095902280
00120251204055355003,12/5/2025,MGLD SHOP-11,VO99061,170.32,C,001,5378920,8378919,C00140931,???? Mini Mart,4001111001,Moshi Potato Chips BBQ Spicy 65g (1x60pcs),30,pcs,2,DC-YGN01,00120251204101750863
00220251204030608007,12/5/2025,INV(19),VO99040,140.01,C,002,5378903,8378902,C00209844,??????????,4001111001,Moshi Potato Chips BBQ Spicy 65g (1x60pcs),10,pcs,0.666667,WH-MDY01,00220251204101602903
00220251204030608007,12/5/2025,INV(19),VO99040,140.01,C,002,5378903,8378902,C00209844,??????????,4001111001,Moshi Potato Chips BBQ Spicy 65g (1x60pcs),90,pcs,6,WH-MDY01,00220251204101602903
00120251204055350787,12/5/2025,SPT                 Inv;24,VO99037,152.53,C,001,5378878,8378877,C00153256,Happy Mini Mart,4001111001,Moshi Potato Chips BBQ Spicy 65g (1x60pcs),20,pcs,1.333333,DC-YGN01,00120251204100823407
00620251204025351630,12/5/2025,V54(AungPan),VO99054,69.24,C,006,5378836,8378835,C00110334,SD-YGN-Aungpan,4001111001,Moshi Potato Chips BBQ Spicy 65g (1x60pcs),120,pcs,8,WH-TGI01,00620251204095746863
00120251204055218913,12/5/2025,MGLTN/Tamwe                       Inv;23,VO99005,106.64,C,001,5378824,8378823,C00102147,??????????????,4001111001,Moshi Potato Chips BBQ Spicy 65g (1x60pcs),10,pcs,0.666667,DC-YGN01,00120251204095553927
00120251204055303940,12/5/2025,TGG SHOP-29,VO99106,118.32,C,001,5378766,8378765,C00102927,???????????,4001111001,Moshi Potato Chips BBQ Spicy 65g (1x60pcs),5,pcs,0.333333,DC-YGN01,00120251204094333763
00120251204021916270,12/5/2025,GDWS-WH     INV--1    (To TGG),VO99033,13.69,C,001,5378802,8378801,C00109566,Gandamar Wholesales - YGN,4001111001,Moshi Potato Chips BBQ Spicy 65g (1x60pcs),20,pcs,1.333333,DC-YGN01,00120251204095156433
00120251204055333027,12/5/2025,MYG                Inv;23,VO99035,88.27,C,001,5378762,8378761,C00134136,Idea Mini Mart,4001111001,Moshi Potato Chips BBQ Spicy 65g (1x60pcs),20,pcs,1.333333,DC-YGN01,00120251204094328833
00120251204055150310,12/5/2025,AL/BH/KMD/SC                         Inv;17,VO99004,207.16,C,001,5378763,8378762,C00108488,Golden Hill,4001111001,Moshi Potato Chips BBQ Spicy 65g (1x60pcs),10,pcs,0.666667,DC-YGN01,00120251204094330363
00120251204055312437,12/5/2025,HL/KMY                  Inv;21,VO99032,71.52,C,001,5378731,8378730,C00121724,?????,4001111001,Moshi Potato Chips BBQ Spicy 65g (1x60pcs),10,pcs,0.666667,DC-YGN01,00120251204093110130
00120251204021038583,12/5/2025,CPT-HTY2     INV--1,VO99010,5.01,C,001,5378689,8378688,C00145003,Capital-HTY(2),4001111001,Moshi Potato Chips BBQ Spicy 65g (1x60pcs),20,pcs,1.333333,DC-YGN01,00120251204091843807
00120251204055331843,12/5/2025,HTY SHOP-40,VO99063,172.61,C,001,5378716,8378715,C00138703,??????????,4001111001,Moshi Potato Chips BBQ Spicy 65g (1x60pcs),30,pcs,2,DC-YGN01,00120251204092502370
00120251204055303940,12/5/2025,TGG SHOP-29,VO99106,118.32,C,001,5378732,8378731,C00126325,??????????,4001111001,Moshi Potato Chips BBQ Spicy 65g (1x60pcs),10,pcs,0.666667,DC-YGN01,00120251204093111847
00120251204022449160,12/5/2025,CPT-TKT     INV--2,VO99008,37.1,C,001,5378719,8378718,C00102574,Capital - TKT,4001111001,Moshi Potato Chips BBQ Spicy 65g (1x60pcs),100,pcs,6.666667,DC-YGN01,00120251204092648807
00220251204030516657,12/5/2025,INV(27),VO99018,210.62,C,002,5378721,8378720,C00211829,????????,4001111001,Moshi Potato Chips BBQ Spicy 65g (1x60pcs),10,pcs,0.666667,WH-MDY01,00220251204092717510
01620251204041102773,12/5/2025,"Inv-14, Bago, WAW",VO99083,207.85,C,016,5378624,8378623,C01603846,?????????,4001111001,Moshi Potato Chips BBQ Spicy 65g (1x60pcs),10,pcs,0.666667,WH-BGO99,01620251203113728470
00120251204055520713,12/5/2025,NOKL SHOP-44,VO99045,173.34,C,001,5378633,8378632,C00145553,???????,4001111001,Moshi Potato Chips BBQ Spicy 65g (1x60pcs),10,pcs,0.666667,DC-YGN01,00120251204062854757
00120251204055312437,12/5/2025,HL/KMY                  Inv;21,VO99032,71.52,C,001,5378667,8378666,C00140677,????????,4001111001,Moshi Potato Chips BBQ Spicy 65g (1x60pcs),10,pcs,0.666667,DC-YGN01,00120251204091238773
00120251204055331843,12/5/2025,HTY SHOP-40,VO99063,172.61,C,001,5378669,8378668,C00145234,?????????,4001111001,Moshi Potato Chips BBQ Spicy 65g (1x60pcs),30,pcs,2,DC-YGN01,00120251204091240990
00220251204030608007,12/5/2025,INV(19),VO99040,140.01,C,002,5378676,8378675,C00204561,???????,4001111001,Moshi Potato Chips BBQ Spicy 65g (1x60pcs),20,pcs,1.333333,WH-MDY01,00220251204091504437
00120251204023039640,12/5/2025,CPT-YMN Exp     INV--1,VO99042,12.18,C,001,5378682,8378681,C00143687,Capital-YMN Express,4001111001,Moshi Potato Chips BBQ Spicy 65g (1x60pcs),30,pcs,2,DC-YGN01,00120251204091725457
00120251204021024050,12/5/2025,SGH-HTY     INV--1,VO99010,8.18,C,001,5378647,8378646,C00127887,Sein Gay Har - HTY,4001111001,Moshi Potato Chips BBQ Spicy 65g (1x60pcs),20,pcs,1.333333,DC-YGN01,00120251204090142110
00220251204030542770,12/5/2025,INV(21),VO99019,74.42,C,002,5379585,8379584,C00205641,Zenith,4001111001,Moshi Potato Chips BBQ Spicy 65g (1x60pcs),10,pcs,0.666667,WH-MDY01,00220251204023533140
00120251204055303940,12/5/2025,TGG SHOP-29,VO99106,118.32,C,001,5379562,8379561,C00131262,???????????????,4001111001,Moshi Potato Chips BBQ Spicy 65g (1x60pcs),10,pcs,0.666667,DC-YGN01,00120251204022351250
01620251204041102773,12/5/2025,"Inv-14, Bago, WAW",VO99083,207.85,C,016,5379565,8379564,C01601212,??????????,4001111001,Moshi Potato Chips BBQ Spicy 65g (1x60pcs),10,pcs,0.666667,WH-BGO99,01620251204022950617
00120251204055425190,12/5/2025,S.DGN/SEIKKAN SHOP-26,VO99060,84.41,C,001,5379642,8379641,C00139195,?????????,4001111001,Moshi Potato Chips BBQ Spicy 65g (1x60pcs),10,pcs,0.666667,DC-YGN01,00120251204024833467
00420251204041020073,12/5/2025,VO99023   inv:  19,VO99023,192.56,C,004,5379645,8379644,C00404580,?????????,4001111001,Moshi Potato Chips BBQ Spicy 65g (1x60pcs),20,pcs,1.333333,WH-MLM01,00420251204025057880
00220251204035639417,12/5/2025,SR,VO99018,0.18,C,002,5379660,8379659,C00211834,?????????????,4001111001,Moshi Potato Chips BBQ Spicy 65g (1x60pcs),2,pcs,0.133333,WH-MDY01,00220251204030014090
00120251204055520713,12/5/2025,NOKL SHOP-44,VO99045,173.34,C,001,5379654,8379653,C00136599,????????????,4001111001,Moshi Potato Chips BBQ Spicy 65g (1x60pcs),10,pcs,0.666667,DC-YGN01,00120251204025444730
00120251204055333027,12/5/2025,MYG                Inv;23,VO99035,88.27,C,001,5379655,8379654,C00153066,?????,4001111001,Moshi Potato Chips BBQ Spicy 65g (1x60pcs),10,pcs,0.666667,DC-YGN01,00120251204025445713
00220251204035656017,12/5/2025,INV(3),VO99019,5.07,C,002,5379666,8379665,C00215121,4U Mart,4001111001,Moshi Potato Chips BBQ Spicy 65g (1x60pcs),10,pcs,0.666667,WH-MDY01,00220251204030615317
00220251204040225557,12/5/2025,INV(2),VO99040,2.4,C,002,5379710,8379709,C00203970,??????????????,4001111001,Moshi Potato Chips BBQ Spicy 65g (1x60pcs),20,pcs,1.333333,WH-MDY01,00220251204033324093
00120251204055234630,12/5/2025,TLN/KT SHOP-11,VO99113,43.87,C,001,5379713,8379712,C00800920,????????,4001111001,Moshi Potato Chips BBQ Spicy 65g (1x60pcs),10,pcs,0.666667,DC-YGN01,00120251204033503643
00720251204041153110,12/5/2025,inv 16,VO99052,117.9,C,007,5379720,8379719,C00702811,Mayor(??????????? ?????),4001111001,Moshi Potato Chips BBQ Spicy 65g (1x60pcs),10,pcs,0.666667,WH-PTN01,00720251204034209727
00120251204055150310,12/5/2025,AL/BH/KMD/SC                         Inv;17,VO99004,207.16,C,001,5379430,8379429,C00124538,Diamond Mini Mart,4001111001,Moshi Potato Chips BBQ Spicy 65g (1x60pcs),20,pcs,1.333333,DC-YGN01,00120251204124617870
00120251204055520713,12/5/2025,NOKL SHOP-44,VO99045,173.34,C,001,5379437,8379436,C00136028,?????????,4001111001,Moshi Potato Chips BBQ Spicy 65g (1x60pcs),10,pcs,0.666667,DC-YGN01,00120251204125526500
00120251204055455197,12/5/2025,"SOKL,YK SHOP-20",VO99046,139.57,C,001,5379448,8379447,C00106001,?????????,4001111001,Moshi Potato Chips BBQ Spicy 65g (1x60pcs),10,pcs,0.666667,DC-YGN01,00120251204010736757
00120251204031614733,12/5/2025,CPT-CRDC     INV--1     (To NPT WH),VO99008,6.34,C,001,5379465,8379464,C00149913,Capital CRDC WH,4001111001,Moshi Potato Chips BBQ Spicy 65g (1x60pcs),30,pcs,2,DC-YGN01,00120251204012803710
00220251204030419380,12/5/2025,INV(12),VO99016,49.15,C,002,5379473,8379472,C00212196,??????????????????,4001111001,Moshi Potato Chips BBQ Spicy 65g (1x60pcs),20,pcs,1.333333,WH-MDY01,00220251204013209490
00120251204055303940,12/5/2025,TGG SHOP-29,VO99106,118.32,C,001,5379484,8379483,C00150103,???????????,4001111001,Moshi Potato Chips BBQ Spicy 65g (1x60pcs),10,pcs,0.666667,DC-YGN01,00120251204014111990
01620251204041102773,12/5/2025,"Inv-14, Bago, WAW",VO99083,207.85,C,016,5379502,8379501,C01601251,Sky Waw,4001111001,Moshi Potato Chips BBQ Spicy 65g (1x60pcs),10,pcs,0.666667,WH-BGO99,01620251204014727240
00420251204041020073,12/5/2025,VO99023   inv:  19,VO99023,192.56,C,004,5379492,8379491,C00403540,????????????,4001111001,Moshi Potato Chips BBQ Spicy 65g (1x60pcs),20,pcs,1.333333,WH-MLM01,00420251204014120810
00220251204030516657,12/5/2025,INV(27),VO99018,210.62,C,002,5379509,8379508,C00200867,?????????,4001111001,Moshi Potato Chips BBQ Spicy 65g (1x60pcs),180,pcs,12,WH-MDY01,00220251204015919483
00220251204030516657,12/5/2025,INV(27),VO99018,210.62,C,002,5379509,8379508,C00200867,?????????,4001111001,Moshi Potato Chips BBQ Spicy 65g (1x60pcs),30,pcs,2,WH-MDY01,00220251204015919483
00720251204041307187,12/5/2025,inv 5 OCPT,VO99052,199.6,C,007,5379210,8379209,C00701841,Ocean - PT,4001111001,Moshi Potato Chips BBQ Spicy 65g (1x60pcs),120,pcs,8,WH-PTN01,00720251204112317170
00720251204041153110,12/5/2025,inv 16,VO99052,117.9,C,007,5379214,8379213,C00700369,???????,4001111001,Moshi Potato Chips BBQ Spicy 65g (1x60pcs),10,pcs,0.666667,WH-PTN01,00720251204112457460
00120251204055333027,12/5/2025,MYG                Inv;23,VO99035,88.27,C,001,5379204,8379203,C00101132,?????,4001111001,Moshi Potato Chips BBQ Spicy 65g (1x60pcs),10,pcs,0.666667,DC-YGN01,00120251204112243750
00420251204041020073,12/5/2025,VO99023   inv:  19,VO99023,192.56,C,004,5379193,8379192,C00405131,?????????+ ?????,4001111001,Moshi Potato Chips BBQ Spicy 65g (1x60pcs),10,pcs,0.666667,WH-MLM01,00420251204111849430
00120251204055331843,12/5/2025,HTY SHOP-40,VO99063,172.61,C,001,5379239,8379238,C00104682,??????????,4001111001,Moshi Potato Chips BBQ Spicy 65g (1x60pcs),10,pcs,0.666667,DC-YGN01,00120251204112908207
01820251204030452237,12/5/2025,Down Town Invo-10 SML,VO99068,50.09,C,018,5379249,8379248,C01800476,??????,4001111001,Moshi Potato Chips BBQ Spicy 65g (1x60pcs),40,pcs,2.666667,WH-TGU01,01820251204113105057
01820251204030452237,12/5/2025,Down Town Invo-10 SML,VO99068,50.09,C,018,5379249,8379248,C01800476,??????,4001111001,Moshi Potato Chips BBQ Spicy 65g (1x60pcs),10,pcs,0.666667,WH-TGU01,01820251204113105057
00120251204055453930,12/5/2025,NDG/EDG                 Inv;19,VO99043,65.06,C,001,5379290,8379289,C00130825,??????????,4001111001,Moshi Potato Chips BBQ Spicy 65g (1x60pcs),20,pcs,1.333333,DC-YGN01,00120251204113830450
00120251204055331843,12/5/2025,HTY SHOP-40,VO99063,172.61,C,001,5379280,8379279,C00149974,MTC,4001111001,Moshi Potato Chips BBQ Spicy 65g (1x60pcs),10,pcs,0.666667,DC-YGN01,00120251204113527617
00120251204055150310,12/5/2025,AL/BH/KMD/SC                         Inv;17,VO99004,207.16,C,001,5379381,8379380,C00102542,Grace Mart,4001111001,Moshi Potato Chips BBQ Spicy 65g (1x60pcs),10,pcs,0.666667,DC-YGN01,00120251204121848673
00120251204055312437,12/5/2025,HL/KMY                  Inv;21,VO99032,71.52,C,001,5379365,8379364,C00111124,????????,4001111001,Moshi Potato Chips BBQ Spicy 65g (1x60pcs),10,pcs,0.666667,DC-YGN01,00120251204121232690
00120251204055453930,12/5/2025,NDG/EDG                 Inv;19,VO99043,65.06,C,001,5379366,8379365,C00110309,????,4001111001,Moshi Potato Chips BBQ Spicy 65g (1x60pcs),10,pcs,0.666667,DC-YGN01,00120251204121234093
00120251204055150310,12/5/2025,AL/BH/KMD/SC                         Inv;17,VO99004,207.16,C,001,5379413,8379412,C00114007,?????????????????,4001111001,Moshi Potato Chips BBQ Spicy 65g (1x60pcs),10,pcs,0.666667,DC-YGN01,00120251204123103087
00120251204055331843,12/5/2025,HTY SHOP-40,VO99063,172.61,C,001,5379423,8379422,C00114656,?????????????? (?),4001111001,Moshi Potato Chips BBQ Spicy 65g (1x60pcs),10,pcs,0.666667,DC-YGN01,00120251204124309627
00120251204055331843,12/5/2025,HTY SHOP-40,VO99063,172.61,C,001,5379402,8379401,C00145440,??????????,4001111001,Moshi Potato Chips BBQ Spicy 65g (1x60pcs),10,pcs,0.666667,DC-YGN01,00120251204122756470
00120251204055350787,12/5/2025,SPT                 Inv;24,VO99037,152.53,C,001,5379330,8379329,C00137087,?????????????,4001111001,Moshi Potato Chips BBQ Spicy 65g (1x60pcs),10,pcs,0.666667,DC-YGN01,00120251204115702107
00120251204122221030,12/5/2025,"Warkalma  ( INV - 1 ) , Moshi",VO99014,20,C,001,5379311,8379310,C00126155,SD-YGN-Wakema,4001111001,Moshi Potato Chips BBQ Spicy 65g (1x60pcs),180,pcs,12,WH-MLM01,00120251204114658650
00120251204055331843,12/5/2025,HTY SHOP-40,VO99063,172.61,C,001,5379362,8379361,C00136462,Kyan Sit Thar Mini Mart,4001111001,Moshi Potato Chips BBQ Spicy 65g (1x60pcs),10,pcs,0.666667,DC-YGN01,00120251204121228597
00120251204055150310,12/5/2025,AL/BH/KMD/SC                         Inv;17,VO99004,207.16,C,001,5379361,8379360,C00101744,????? (???????),4001111001,Moshi Potato Chips BBQ Spicy 65g (1x60pcs),10,pcs,0.666667,DC-YGN01,00120251204121226277
01820251204030452237,12/5/2025,Down Town Invo-10 SML,VO99068,50.09,C,018,5379358,8379357,C01800074,?????????,4001111001,Moshi Potato Chips BBQ Spicy 65g (1x60pcs),30,pcs,2,WH-TGU01,01820251204121038183
00120251204055150310,12/5/2025,AL/BH/KMD/SC                         Inv;17,VO99004,207.16,C,001,5379356,8379355,C00143690,Royal King,4001111002,Moshi Potato Chips BBQ Original 65g (1x60pcs),10,pcs,0.666667,DC-YGN01,00120251204120924160
00420251204041020073,12/5/2025,VO99023   inv:  19,VO99023,192.56,C,004,5379334,8379333,C00402021,???????????,4001111002,Moshi Potato Chips BBQ Original 65g (1x60pcs),20,pcs,1.333333,WH-MLM01,00420251204115823830
00220251204030542770,12/5/2025,INV(21),VO99019,74.42,C,002,5379310,8379309,C00200291,?????????,4001111002,Moshi Potato Chips BBQ Original 65g (1x60pcs),20,pcs,1.333333,WH-MDY01,00220251204114650000
00120251204055150310,12/5/2025,AL/BH/KMD/SC                         Inv;17,VO99004,207.16,C,001,5379331,8379330,C00137536,Buy & GO,4001111002,Moshi Potato Chips BBQ Original 65g (1x60pcs),10,pcs,0.666667,DC-YGN01,00120251204115703210
01120251204025619813,12/5/2025,"TKS,PHM,Inv-15",VO99071,50.42,C,011,5379322,8379321,C01101250,?????????,4001111002,Moshi Potato Chips BBQ Original 65g (1x60pcs),10,pcs,0.666667,WH-MGW01,01120251204115216083
00120251204055331843,12/5/2025,HTY SHOP-40,VO99063,172.61,C,001,5379402,8379401,C00145440,??????????,4001111002,Moshi Potato Chips BBQ Original 65g (1x60pcs),10,pcs,0.666667,DC-YGN01,00120251204122756470
00120251204055331843,12/5/2025,HTY SHOP-40,VO99063,172.61,C,001,5379423,8379422,C00114656,?????????????? (?),4001111002,Moshi Potato Chips BBQ Original 65g (1x60pcs),10,pcs,0.666667,DC-YGN01,00120251204124309627
00220251204030542770,12/5/2025,INV(21),VO99019,74.42,C,002,5379418,8379417,C00204542,??????????,4001111002,Moshi Potato Chips BBQ Original 65g (1x60pcs),20,pcs,1.333333,WH-MDY01,00220251204123800533
00120251204055150310,12/5/2025,AL/BH/KMD/SC                         Inv;17,VO99004,207.16,C,001,5379413,8379412,C00114007,?????????????????,4001111002,Moshi Potato Chips BBQ Original 65g (1x60pcs),10,pcs,0.666667,DC-YGN01,00120251204123103087
00120251204055150310,12/5/2025,AL/BH/KMD/SC                         Inv;17,VO99004,207.16,C,001,5379381,8379380,C00102542,Grace Mart,4001111002,Moshi Potato Chips BBQ Original 65g (1x60pcs),10,pcs,0.666667,DC-YGN01,00120251204121848673
00120251204055312437,12/5/2025,HL/KMY                  Inv;21,VO99032,71.52,C,001,5379300,8379299,C00134628,???????????????,4001111002,Moshi Potato Chips BBQ Original 65g (1x60pcs),10,pcs,0.666667,DC-YGN01,00120251204114134307
01820251204030452237,12/5/2025,Down Town Invo-10 SML,VO99068,50.09,C,018,5379249,8379248,C01800476,??????,4001111002,Moshi Potato Chips BBQ Original 65g (1x60pcs),40,pcs,2.666667,WH-TGU01,01820251204113105057
00120251204055331843,12/5/2025,HTY SHOP-40,VO99063,172.61,C,001,5379239,8379238,C00104682,??????????,4001111002,Moshi Potato Chips BBQ Original 65g (1x60pcs),10,pcs,0.666667,DC-YGN01,00120251204112908207
00120251204055453930,12/5/2025,NDG/EDG                 Inv;19,VO99043,65.06,C,001,5379205,8379204,C00103917,?????????,4001111002,Moshi Potato Chips BBQ Original 65g (1x60pcs),10,pcs,0.666667,DC-YGN01,00120251204112246490
00220251204030516657,12/5/2025,INV(27),VO99018,210.62,C,002,5379509,8379508,C00200867,?????????,4001111002,Moshi Potato Chips BBQ Original 65g (1x60pcs),180,pcs,12,WH-MDY01,00220251204015919483
00120251204055331843,12/5/2025,HTY SHOP-40,VO99063,172.61,C,001,5379486,8379485,C00149894,?????,4001111002,Moshi Potato Chips BBQ Original 65g (1x60pcs),30,pcs,2,DC-YGN01,00120251204014113083
01620251204041102773,12/5/2025,"Inv-14, Bago, WAW",VO99083,207.85,C,016,5379502,8379501,C01601251,Sky Waw,4001111002,Moshi Potato Chips BBQ Original 65g (1x60pcs),10,pcs,0.666667,WH-BGO99,01620251204014727240
00120251204055303940,12/5/2025,TGG SHOP-29,VO99106,118.32,C,001,5379484,8379483,C00150103,???????????,4001111002,Moshi Potato Chips BBQ Original 65g (1x60pcs),10,pcs,0.666667,DC-YGN01,00120251204014111990
00220251204030419380,12/5/2025,INV(12),VO99016,49.15,C,002,5379473,8379472,C00212196,??????????????????,4001111002,Moshi Potato Chips BBQ Original 65g (1x60pcs),20,pcs,1.333333,WH-MDY01,00220251204013209490
00120251204055433497,12/5/2025,TKT-PZD                  Inv;35,VO99042,125.77,C,001,5379454,8379453,C00127655,??????,4001111002,Moshi Potato Chips BBQ Original 65g (1x60pcs),20,pcs,1.333333,DC-YGN01,00120251204010746427
00120251204055520713,12/5/2025,NOKL SHOP-44,VO99045,173.34,C,001,5379437,8379436,C00136028,?????????,4001111002,Moshi Potato Chips BBQ Original 65g (1x60pcs),10,pcs,0.666667,DC-YGN01,00120251204125526500
00120251204055150310,12/5/2025,AL/BH/KMD/SC                         Inv;17,VO99004,207.16,C,001,5379430,8379429,C00124538,Diamond Mini Mart,4001111002,Moshi Potato Chips BBQ Original 65g (1x60pcs),20,pcs,1.333333,DC-YGN01,00120251204124617870
00120251204055234630,12/5/2025,TLN/KT SHOP-11,VO99113,43.87,C,001,5379713,8379712,C00800920,????????,4001111002,Moshi Potato Chips BBQ Original 65g (1x60pcs),10,pcs,0.666667,DC-YGN01,00120251204033503643
00220251204040225557,12/5/2025,INV(2),VO99040,2.4,C,002,5379710,8379709,C00203970,??????????????,4001111002,Moshi Potato Chips BBQ Original 65g (1x60pcs),10,pcs,0.666667,WH-MDY01,00220251204033324093
00220251204035656017,12/5/2025,INV(3),VO99019,5.07,C,002,5379666,8379665,C00215121,4U Mart,4001111002,Moshi Potato Chips BBQ Original 65g (1x60pcs),10,pcs,0.666667,WH-MDY01,00220251204030615317
00120251204055234630,12/5/2025,TLN/KT SHOP-11,VO99113,43.87,C,001,5379682,8379681,C00802099,?????????????,4001111002,Moshi Potato Chips BBQ Original 65g (1x60pcs),10,pcs,0.666667,DC-YGN01,00120251204031329167
00120251204055520713,12/5/2025,NOKL SHOP-44,VO99045,173.34,C,001,5379665,8379664,C00124653,??????,4001111002,Moshi Potato Chips BBQ Original 65g (1x60pcs),10,pcs,0.666667,DC-YGN01,00120251204030410833
00120251204055425190,12/5/2025,S.DGN/SEIKKAN SHOP-26,VO99060,84.41,C,001,5379642,8379641,C00139195,?????????,4001111002,Moshi Potato Chips BBQ Original 65g (1x60pcs),10,pcs,0.666667,DC-YGN01,00120251204024833467
00120251204055520713,12/5/2025,NOKL SHOP-44,VO99045,173.34,C,001,5379640,8379639,C00135972,??????????????????,4001111002,Moshi Potato Chips BBQ Original 65g (1x60pcs),10,pcs,0.666667,DC-YGN01,00120251204024831433
00220251204030542770,12/5/2025,INV(21),VO99019,74.42,C,002,5379555,8379554,C00206863,???????,4001111002,Moshi Potato Chips BBQ Original 65g (1x60pcs),10,pcs,0.666667,WH-MDY01,00220251204022330923
00220251204030542770,12/5/2025,INV(21),VO99019,74.42,C,002,5379585,8379584,C00205641,Zenith,4001111002,Moshi Potato Chips BBQ Original 65g (1x60pcs),10,pcs,0.666667,WH-MDY01,00220251204023533140
00120251204021024050,12/5/2025,SGH-HTY     INV--1,VO99010,8.18,C,001,5378647,8378646,C00127887,Sein Gay Har - HTY,4001111002,Moshi Potato Chips BBQ Original 65g (1x60pcs),20,pcs,1.333333,DC-YGN01,00120251204090142110
00120251204023039640,12/5/2025,CPT-YMN Exp     INV--1,VO99042,12.18,C,001,5378682,8378681,C00143687,Capital-YMN Express,4001111002,Moshi Potato Chips BBQ Original 65g (1x60pcs),50,pcs,3.333333,DC-YGN01,00120251204091725457
00220251204030516657,12/5/2025,INV(27),VO99018,210.62,C,002,5378721,8378720,C00211829,????????,4001111002,Moshi Potato Chips BBQ Original 65g (1x60pcs),10,pcs,0.666667,WH-MDY01,00220251204092717510
00120251204022449160,12/5/2025,CPT-TKT     INV--2,VO99008,37.1,C,001,5378719,8378718,C00102574,Capital - TKT,4001111002,Moshi Potato Chips BBQ Original 65g (1x60pcs),100,pcs,6.666667,DC-YGN01,00120251204092648807
00520251204025551447,12/5/2025,OT Inv [ 6 ] ,VO99038,74.49,C,005,5378698,8378697,C00504703,1 Stop Mart Supermarket (Nay Pyi Taw),4001111002,Moshi Potato Chips BBQ Original 65g (1x60pcs),60,pcs,4,WH-NPT01,00520251204092110987
00120251204022944763,12/5/2025,CPT-BYN     INV--2,VO99012,3.17,C,001,5378740,8378739,C00140630,Capital - Bo Yar Nyunt,4001111002,Moshi Potato Chips BBQ Original 65g (1x60pcs),10,pcs,0.666667,DC-YGN01,00120251204093601100
00120251204055150310,12/5/2025,AL/BH/KMD/SC                         Inv;17,VO99004,207.16,C,001,5378763,8378762,C00108488,Golden Hill,4001111002,Moshi Potato Chips BBQ Original 65g (1x60pcs),10,pcs,0.666667,DC-YGN01,00120251204094330363
00120251204055333027,12/5/2025,MYG                Inv;23,VO99035,88.27,C,001,5378762,8378761,C00134136,Idea Mini Mart,4001111002,Moshi Potato Chips BBQ Original 65g (1x60pcs),20,pcs,1.333333,DC-YGN01,00120251204094328833
00520251204025447907,12/5/2025,"MMZ ,KS Inv [ 31 ]",VO99028,156.27,C,005,5378760,8378759,C00500003,???????????,4001111002,Moshi Potato Chips BBQ Original 65g (1x60pcs),10,pcs,0.666667,WH-NPT01,00520251204094226370
00120251204021916270,12/5/2025,GDWS-WH     INV--1    (To TGG),VO99033,13.69,C,001,5378802,8378801,C00109566,Gandamar Wholesales - YGN,4001111002,Moshi Potato Chips BBQ Original 65g (1x60pcs),20,pcs,1.333333,DC-YGN01,00120251204095156433
00220251204030542770,12/5/2025,INV(21),VO99019,74.42,C,002,5378778,8378777,C00200680,?????????????,4001111002,Moshi Potato Chips BBQ Original 65g (1x60pcs),10,pcs,0.666667,WH-MDY01,00220251204094826730
00620251204025351630,12/5/2025,V54(AungPan),VO99054,69.24,C,006,5378836,8378835,C00110334,SD-YGN-Aungpan,4001111002,Moshi Potato Chips BBQ Original 65g (1x60pcs),120,pcs,8,WH-TGI01,00620251204095746863
00220251204030608007,12/5/2025,INV(19),VO99040,140.01,C,002,5378903,8378902,C00209844,??????????,4001111002,Moshi Potato Chips BBQ Original 65g (1x60pcs),30,pcs,2,WH-MDY01,00220251204101602903
00120251204055355003,12/5/2025,MGLD SHOP-11,VO99061,170.32,C,001,5378920,8378919,C00140931,???? Mini Mart,4001111002,Moshi Potato Chips BBQ Original 65g (1x60pcs),10,pcs,0.666667,DC-YGN01,00120251204101750863
00120251204055331843,12/5/2025,HTY SHOP-40,VO99063,172.61,C,001,5378844,8378843,C00103414,???????????,4001111002,Moshi Potato Chips BBQ Original 65g (1x60pcs),90,pcs,6,DC-YGN01,00120251204095902280
00220251204030542770,12/5/2025,INV(21),VO99019,74.42,C,002,5378860,8378859,C00213277,????????,4001111002,Moshi Potato Chips BBQ Original 65g (1x60pcs),10,pcs,0.666667,WH-MDY01,00220251204100336993
00220251204030516657,12/5/2025,INV(27),VO99018,210.62,C,002,5378864,8378863,C00217727,MK Mini Market,4001111002,Moshi Potato Chips BBQ Original 65g (1x60pcs),20,pcs,1.333333,WH-MDY01,00220251204100354120
00120251204055411300,12/5/2025,INS                  Inv;41,VO99039,207.42,C,001,5379174,8379173,C00124408,???????????,4001111002,Moshi Potato Chips BBQ Original 65g (1x60pcs),10,pcs,0.666667,DC-YGN01,00120251204111319423
01820251204030452237,12/5/2025,Down Town Invo-10 SML,VO99068,50.09,C,018,5379147,8379146,C01800536,?????????,4001111002,Moshi Potato Chips BBQ Original 65g (1x60pcs),20,pcs,1.333333,WH-TGU01,01820251204110644780
00120251204115907770,12/5/2025,"Taikkyi  ( INV - 1 ) , All Producrs ",VO99014,208.43,C,001,5379142,8379141,C00126192,SD-YGN-Taikkyi,4001111002,Moshi Potato Chips BBQ Original 65g (1x60pcs),240,pcs,16,WH-MLM01,00120251204110551400
00120251204055411300,12/5/2025,INS                  Inv;41,VO99039,207.42,C,001,5379121,8379120,C00107179,???????,4001111002,Moshi Potato Chips BBQ Original 65g (1x60pcs),10,pcs,0.666667,DC-YGN01,00120251204110329600
00120251204115840633,12/5/2025,"Letpadan  ( INV - 1 ) , All Producrs ",VO99014,254.71,C,001,5379133,8379132,C00108770,SD-YGN-Letpadan,4001111002,Moshi Potato Chips BBQ Original 65g (1x60pcs),120,pcs,8,WH-MLM01,00120251204110405923
00220251204030447237,12/5/2025,INV(24),VO99017,270.54,C,002,5379062,8379061,C00211572,??????,4001111002,Moshi Potato Chips BBQ Original 65g (1x60pcs),20,pcs,1.333333,WH-MDY01,00220251204105217053
00220251204030542770,12/5/2025,INV(21),VO99019,74.42,C,002,5379064,8379063,C00202317,????????,4001111002,Moshi Potato Chips BBQ Original 65g (1x60pcs),20,pcs,1.333333,WH-MDY01,00220251204105220093
00220251204030542770,12/5/2025,INV(21),VO99019,74.42,C,002,5379065,8379064,C00210311,??????,4001111002,Moshi Potato Chips BBQ Original 65g (1x60pcs),20,pcs,1.333333,WH-MDY01,00220251204105222167
00120251204055355003,12/5/2025,MGLD SHOP-11,VO99061,170.32,C,001,5379120,8379119,C00120550,???????????,4001111002,Moshi Potato Chips BBQ Original 65g (1x60pcs),10,pcs,0.666667,DC-YGN01,00120251204110328367
00120251204021603843,12/5/2025,CM-PLMGD     INV--4,VO99003,49.38,C,001,5379109,8379108,C00150224,City Mart - PLMGD,4001111002,Moshi Potato Chips BBQ Original 65g (1x60pcs),60,pcs,4,DC-YGN01,00120251204110116063
00120251204055411300,12/5/2025,INS                  Inv;41,VO99039,207.42,C,001,5378995,8378994,C00137914,JNJ (Mart),4001111002,Moshi Potato Chips BBQ Original 65g (1x60pcs),20,pcs,1.333333,DC-YGN01,00120251204103721333
00120251204055218913,12/5/2025,MGLTN/Tamwe                       Inv;23,VO99005,106.64,C,001,5378932,8378931,C00133128,?????????,4001111002,Moshi Potato Chips BBQ Original 65g (1x60pcs),10,pcs,0.666667,DC-YGN01,00120251204102102193
00120251204055411300,12/5/2025,INS                  Inv;41,VO99039,207.42,C,001,5378936,8378935,C00100575,?????(?),4001111002,Moshi Potato Chips BBQ Original 65g (1x60pcs),10,pcs,0.666667,DC-YGN01,00120251204102203540
00120251204115926893,12/5/2025,"Pakokku  ( INV - 1 ) , All Producrs ",VO99014,187,C,001,5379043,8379042,C00202760,SD-MDY-Pakokku,4001111002,Moshi Potato Chips BBQ Original 65g (1x60pcs),120,pcs,8,WH-MDY01,00120251204104848533
00220251204030447237,12/5/2025,INV(24),VO99017,270.54,C,002,5379058,8379057,C00201258,?????????,4001111002,Moshi Potato Chips BBQ Original 65g (1x60pcs),10,pcs,0.666667,WH-MDY01,00220251204105140963
00120251204010355800,12/5/2025,"TGI Branch - MR  ( No . 1 )  , For MR ",WT-TGI01,157.2,C,001,5379391,8379390,C00130318,TGI Branch - MR,4001111002,Moshi Potato Chips BBQ Original 65g (1x60pcs),60,pcs,4,DC-YGN01,00120251204122422243
00120251204010325710,12/5/2025,BGO Branch ( No . 1 ) ,WT-BGO,304.96,C,001,5379406,8379405,C00152774,BGO Branch,4001111002,Moshi Potato Chips BBQ Original 65g (1x60pcs),120,pcs,8,DC-YGN01,00120251204122843807
00120251204010325710,12/5/2025,BGO Branch ( No . 1 ) ,WT-BGO,304.96,C,001,5379406,8379405,C00152774,BGO Branch,4001111003,Moshi Potato Chips BBQ Prawn 65g (1x60pcs),180,pcs,12,DC-YGN01,00120251204122843807
00120251204010355800,12/5/2025,"TGI Branch - MR  ( No . 1 )  , For MR ",WT-TGI01,157.2,C,001,5379391,8379390,C00130318,TGI Branch - MR,4001111003,Moshi Potato Chips BBQ Prawn 65g (1x60pcs),60,pcs,4,DC-YGN01,00120251204122422243
00120251204125303150,12/5/2025,MDY  Branch ( No . 1 ) ,WT-MDY01,1089.74,C,001,5379375,8379374,C00125994,MDY Branch,4001111003,Moshi Potato Chips BBQ Prawn 65g (1x60pcs),2400,pcs,160,DC-YGN01,00120251204121633380
00220251204030447237,12/5/2025,INV(24),VO99017,270.54,C,002,5379058,8379057,C00201258,?????????,4001111003,Moshi Potato Chips BBQ Prawn 65g (1x60pcs),10,pcs,0.666667,WH-MDY01,00220251204105140963
00120251204115926893,12/5/2025,"Pakokku  ( INV - 1 ) , All Producrs ",VO99014,187,C,001,5379043,8379042,C00202760,SD-MDY-Pakokku,4001111003,Moshi Potato Chips BBQ Prawn 65g (1x60pcs),60,pcs,4,WH-MDY01,00120251204104848533
00120251204055355003,12/5/2025,MGLD SHOP-11,VO99061,170.32,C,001,5379120,8379119,C00120550,???????????,4001111003,Moshi Potato Chips BBQ Prawn 65g (1x60pcs),10,pcs,0.666667,DC-YGN01,00120251204110328367
00220251204030447237,12/5/2025,INV(24),VO99017,270.54,C,002,5379062,8379061,C00211572,??????,4001111003,Moshi Potato Chips BBQ Prawn 65g (1x60pcs),20,pcs,1.333333,WH-MDY01,00220251204105217053
00120251204115840633,12/5/2025,"Letpadan  ( INV - 1 ) , All Producrs ",VO99014,254.71,C,001,5379133,8379132,C00108770,SD-YGN-Letpadan,4001111003,Moshi Potato Chips BBQ Prawn 65g (1x60pcs),120,pcs,8,WH-MLM01,00120251204110405923
00120251204055411300,12/5/2025,INS                  Inv;41,VO99039,207.42,C,001,5379121,8379120,C00107179,???????,4001111003,Moshi Potato Chips BBQ Prawn 65g (1x60pcs),10,pcs,0.666667,DC-YGN01,00120251204110329600
01820251204030452237,12/5/2025,Down Town Invo-10 SML,VO99068,50.09,C,018,5379147,8379146,C01800536,?????????,4001111003,Moshi Potato Chips BBQ Prawn 65g (1x60pcs),20,pcs,1.333333,WH-TGU01,01820251204110644780
00120251204055411300,12/5/2025,INS                  Inv;41,VO99039,207.42,C,001,5379174,8379173,C00124408,???????????,4001111003,Moshi Potato Chips BBQ Prawn 65g (1x60pcs),10,pcs,0.666667,DC-YGN01,00120251204111319423
00120251204055333027,12/5/2025,MYG                Inv;23,VO99035,88.27,C,001,5379173,8379172,C00112859,?????????,4001111003,Moshi Potato Chips BBQ Prawn 65g (1x60pcs),10,pcs,0.666667,DC-YGN01,00120251204111317870
00420251204041020073,12/5/2025,VO99023   inv:  19,VO99023,192.56,C,004,5378862,8378861,C00404977,K MART,4001111003,Moshi Potato Chips BBQ Prawn 65g (1x60pcs),60,pcs,4,WH-MLM01,00420251204100345057
00620251204025351630,12/5/2025,V54(AungPan),VO99054,69.24,C,006,5378836,8378835,C00110334,SD-YGN-Aungpan,4001111003,Moshi Potato Chips BBQ Prawn 65g (1x60pcs),120,pcs,8,WH-TGI01,00620251204095746863
00120251204021916270,12/5/2025,GDWS-WH     INV--1    (To TGG),VO99033,13.69,C,001,5378802,8378801,C00109566,Gandamar Wholesales - YGN,4001111003,Moshi Potato Chips BBQ Prawn 65g (1x60pcs),20,pcs,1.333333,DC-YGN01,00120251204095156433
00120251204055150310,12/5/2025,AL/BH/KMD/SC                         Inv;17,VO99004,207.16,C,001,5378763,8378762,C00108488,Golden Hill,4001111003,Moshi Potato Chips BBQ Prawn 65g (1x60pcs),10,pcs,0.666667,DC-YGN01,00120251204094330363
00120251204021038583,12/5/2025,CPT-HTY2     INV--1,VO99010,5.01,C,001,5378689,8378688,C00145003,Capital-HTY(2),4001111003,Moshi Potato Chips BBQ Prawn 65g (1x60pcs),20,pcs,1.333333,DC-YGN01,00120251204091843807
00520251204025551447,12/5/2025,OT Inv [ 6 ] ,VO99038,74.49,C,005,5378706,8378705,C00504703,1 Stop Mart Supermarket (Nay Pyi Taw),4001111003,Moshi Potato Chips BBQ Prawn 65g (1x60pcs),60,pcs,4,WH-NPT01,00520251204092303070
00120251204055303940,12/5/2025,TGG SHOP-29,VO99106,118.32,C,001,5378732,8378731,C00126325,??????????,4001111003,Moshi Potato Chips BBQ Prawn 65g (1x60pcs),10,pcs,0.666667,DC-YGN01,00120251204093111847
00220251204030516657,12/5/2025,INV(27),VO99018,210.62,C,002,5378721,8378720,C00211829,????????,4001111003,Moshi Potato Chips BBQ Prawn 65g (1x60pcs),10,pcs,0.666667,WH-MDY01,00220251204092717510
00120251204022449160,12/5/2025,CPT-TKT     INV--2,VO99008,37.1,C,001,5378719,8378718,C00102574,Capital - TKT,4001111003,Moshi Potato Chips BBQ Prawn 65g (1x60pcs),100,pcs,6.666667,DC-YGN01,00120251204092648807
00120251204023205507,12/5/2025,CPT-ZGM     INV--2,VO99008,4.74,C,001,5378718,8378717,C00144791,Capital-ZGM,4001111003,Moshi Potato Chips BBQ Prawn 65g (1x60pcs),30,pcs,2,DC-YGN01,00120251204092529923
00120251204023039640,12/5/2025,CPT-YMN Exp     INV--1,VO99042,12.18,C,001,5378682,8378681,C00143687,Capital-YMN Express,4001111003,Moshi Potato Chips BBQ Prawn 65g (1x60pcs),30,pcs,2,DC-YGN01,00120251204091725457
00220251204030608007,12/5/2025,INV(19),VO99040,140.01,C,002,5378676,8378675,C00204561,???????,4001111003,Moshi Potato Chips BBQ Prawn 65g (1x60pcs),20,pcs,1.333333,WH-MDY01,00220251204091504437
00120251204021024050,12/5/2025,SGH-HTY     INV--1,VO99010,8.18,C,001,5378647,8378646,C00127887,Sein Gay Har - HTY,4001111003,Moshi Potato Chips BBQ Prawn 65g (1x60pcs),20,pcs,1.333333,DC-YGN01,00120251204090142110
00220251204030542770,12/5/2025,INV(21),VO99019,74.42,C,002,5379585,8379584,C00205641,Zenith,4001111003,Moshi Potato Chips BBQ Prawn 65g (1x60pcs),10,pcs,0.666667,WH-MDY01,00220251204023533140
01620251204041102773,12/5/2025,"Inv-14, Bago, WAW",VO99083,207.85,C,016,5379565,8379564,C01601212,??????????,4001111003,Moshi Potato Chips BBQ Prawn 65g (1x60pcs),10,pcs,0.666667,WH-BGO99,01620251204022950617
00120251204055303940,12/5/2025,TGG SHOP-29,VO99106,118.32,C,001,5379562,8379561,C00131262,???????????????,4001111003,Moshi Potato Chips BBQ Prawn 65g (1x60pcs),10,pcs,0.666667,DC-YGN01,00120251204022351250
00120251204055425190,12/5/2025,S.DGN/SEIKKAN SHOP-26,VO99060,84.41,C,001,5379642,8379641,C00139195,?????????,4001111003,Moshi Potato Chips BBQ Prawn 65g (1x60pcs),10,pcs,0.666667,DC-YGN01,00120251204024833467
00120251204055333027,12/5/2025,MYG                Inv;23,VO99035,88.27,C,001,5379655,8379654,C00153066,?????,4001111003,Moshi Potato Chips BBQ Prawn 65g (1x60pcs),10,pcs,0.666667,DC-YGN01,00120251204025445713
00120251204055520713,12/5/2025,NOKL SHOP-44,VO99045,173.34,C,001,5379654,8379653,C00136599,????????????,4001111003,Moshi Potato Chips BBQ Prawn 65g (1x60pcs),10,pcs,0.666667,DC-YGN01,00120251204025444730
00120251204055234630,12/5/2025,TLN/KT SHOP-11,VO99113,43.87,C,001,5379682,8379681,C00802099,?????????????,4001111003,Moshi Potato Chips BBQ Prawn 65g (1x60pcs),10,pcs,0.666667,DC-YGN01,00120251204031329167
00120251204055234630,12/5/2025,TLN/KT SHOP-11,VO99113,43.87,C,001,5379713,8379712,C00800920,????????,4001111003,Moshi Potato Chips BBQ Prawn 65g (1x60pcs),10,pcs,0.666667,DC-YGN01,00120251204033503643
00720251204041153110,12/5/2025,inv 16,VO99052,117.9,C,007,5379720,8379719,C00702811,Mayor(??????????? ?????),4001111003,Moshi Potato Chips BBQ Prawn 65g (1x60pcs),10,pcs,0.666667,WH-PTN01,00720251204034209727
00120251204055150310,12/5/2025,AL/BH/KMD/SC                         Inv;17,VO99004,207.16,C,001,5379430,8379429,C00124538,Diamond Mini Mart,4001111003,Moshi Potato Chips BBQ Prawn 65g (1x60pcs),20,pcs,1.333333,DC-YGN01,00120251204124617870
00120251204055433497,12/5/2025,TKT-PZD                  Inv;35,VO99042,125.77,C,001,5379454,8379453,C00127655,??????,4001111003,Moshi Potato Chips BBQ Prawn 65g (1x60pcs),20,pcs,1.333333,DC-YGN01,00120251204010746427
00220251204030419380,12/5/2025,INV(12),VO99016,49.15,C,002,5379473,8379472,C00212196,??????????????????,4001111003,Moshi Potato Chips BBQ Prawn 65g (1x60pcs),20,pcs,1.333333,WH-MDY01,00220251204013209490
00120251204055303940,12/5/2025,TGG SHOP-29,VO99106,118.32,C,001,5379484,8379483,C00150103,???????????,4001111003,Moshi Potato Chips BBQ Prawn 65g (1x60pcs),10,pcs,0.666667,DC-YGN01,00120251204014111990
00120251204031614733,12/5/2025,CPT-CRDC     INV--1     (To NPT WH),VO99008,6.34,C,001,5379465,8379464,C00149913,Capital CRDC WH,4001111003,Moshi Potato Chips BBQ Prawn 65g (1x60pcs),30,pcs,2,DC-YGN01,00120251204012803710
00120251204055331843,12/5/2025,HTY SHOP-40,VO99063,172.61,C,001,5379460,8379459,C00130758,SB Baby Shop (6) - HTY,4001111003,Moshi Potato Chips BBQ Prawn 65g (1x60pcs),10,pcs,0.666667,DC-YGN01,00120251204011352893
01620251204041102773,12/5/2025,"Inv-14, Bago, WAW",VO99083,207.85,C,016,5379502,8379501,C01601251,Sky Waw,4001111003,Moshi Potato Chips BBQ Prawn 65g (1x60pcs),10,pcs,0.666667,WH-BGO99,01620251204014727240
00420251204041020073,12/5/2025,VO99023   inv:  19,VO99023,192.56,C,004,5379492,8379491,C00403540,????????????,4001111003,Moshi Potato Chips BBQ Prawn 65g (1x60pcs),20,pcs,1.333333,WH-MLM01,00420251204014120810
00720251204041307187,12/5/2025,inv 5 OCPT,VO99052,199.6,C,007,5379210,8379209,C00701841,Ocean - PT,4001111003,Moshi Potato Chips BBQ Prawn 65g (1x60pcs),60,pcs,4,WH-PTN01,00720251204112317170
00420251204041020073,12/5/2025,VO99023   inv:  19,VO99023,192.56,C,004,5379193,8379192,C00405131,?????????+ ?????,4001111003,Moshi Potato Chips BBQ Prawn 65g (1x60pcs),10,pcs,0.666667,WH-MLM01,00420251204111849430
00120251204055331843,12/5/2025,HTY SHOP-40,VO99063,172.61,C,001,5379191,8379190,C00132367,???????????,4001111003,Moshi Potato Chips BBQ Prawn 65g (1x60pcs),10,pcs,0.666667,DC-YGN01,00120251204111639977
00120251204055333027,12/5/2025,MYG                Inv;23,VO99035,88.27,C,001,5379204,8379203,C00101132,?????,4001111003,Moshi Potato Chips BBQ Prawn 65g (1x60pcs),10,pcs,0.666667,DC-YGN01,00120251204112243750
00120251204055331843,12/5/2025,HTY SHOP-40,VO99063,172.61,C,001,5379239,8379238,C00104682,??????????,4001111003,Moshi Potato Chips BBQ Prawn 65g (1x60pcs),10,pcs,0.666667,DC-YGN01,00120251204112908207
01820251204030452237,12/5/2025,Down Town Invo-10 SML,VO99068,50.09,C,018,5379249,8379248,C01800476,??????,4001111003,Moshi Potato Chips BBQ Prawn 65g (1x60pcs),40,pcs,2.666667,WH-TGU01,01820251204113105057
00120251204055312437,12/5/2025,HL/KMY                  Inv;21,VO99032,71.52,C,001,5379300,8379299,C00134628,???????????????,4001111003,Moshi Potato Chips BBQ Prawn 65g (1x60pcs),10,pcs,0.666667,DC-YGN01,00120251204114134307
00120251204055150310,12/5/2025,AL/BH/KMD/SC                         Inv;17,VO99004,207.16,C,001,5379381,8379380,C00102542,Grace Mart,4001111003,Moshi Potato Chips BBQ Prawn 65g (1x60pcs),10,pcs,0.666667,DC-YGN01,00120251204121848673
00120251204055411300,12/5/2025,INS                  Inv;41,VO99039,207.42,C,001,5379380,8379379,C00130756,SB Baby Shop (4) - Insein,4001111003,Moshi Potato Chips BBQ Prawn 65g (1x60pcs),10,pcs,0.666667,DC-YGN01,00120251204121847540
00720251204041153110,12/5/2025,inv 16,VO99052,117.9,C,007,5379414,8379413,C00701693,7 Store,4001111003,Moshi Potato Chips BBQ Prawn 65g (1x60pcs),10,pcs,0.666667,WH-PTN01,00720251204123159737
00120251204055331843,12/5/2025,HTY SHOP-40,VO99063,172.61,C,001,5379402,8379401,C00145440,??????????,4001111003,Moshi Potato Chips BBQ Prawn 65g (1x60pcs),10,pcs,0.666667,DC-YGN01,00120251204122756470
01120251204025619813,12/5/2025,"TKS,PHM,Inv-15",VO99071,50.42,C,011,5379322,8379321,C01101250,?????????,4001111003,Moshi Potato Chips BBQ Prawn 65g (1x60pcs),10,pcs,0.666667,WH-MGW01,01120251204115216083
00120251204055150310,12/5/2025,AL/BH/KMD/SC                         Inv;17,VO99004,207.16,C,001,5379331,8379330,C00137536,Buy & GO,4001111003,Moshi Potato Chips BBQ Prawn 65g (1x60pcs),10,pcs,0.666667,DC-YGN01,00120251204115703210
00120251204122221030,12/5/2025,"Warkalma  ( INV - 1 ) , Moshi",VO99014,20,C,001,5379311,8379310,C00126155,SD-YGN-Wakema,4001111003,Moshi Potato Chips BBQ Prawn 65g (1x60pcs),120,pcs,8,WH-MLM01,00120251204114658650
00420251204041020073,12/5/2025,VO99023   inv:  19,VO99023,192.56,C,004,5379334,8379333,C00402021,???????????,4001111003,Moshi Potato Chips BBQ Prawn 65g (1x60pcs),20,pcs,1.333333,WH-MLM01,00420251204115823830
00120251204055150310,12/5/2025,AL/BH/KMD/SC                         Inv;17,VO99004,207.16,C,001,5379356,8379355,C00143690,Royal King,4001111003,Moshi Potato Chips BBQ Prawn 65g (1x60pcs),10,pcs,0.666667,DC-YGN01,00120251204120924160
01820251204030452237,12/5/2025,Down Town Invo-10 SML,VO99068,50.09,C,018,5379358,8379357,C01800074,?????????,4001111003,Moshi Potato Chips BBQ Prawn 65g (1x60pcs),20,pcs,1.333333,WH-TGU01,01820251204121038183
00620251204032832147,12/5/2025,V54(1),VO99054,31.89,C,006,5379354,8379353,C00600413,????,4001111004,Moshi Potato Chips Original 38g (1x10x12pcs),120,pcs,4.68,WH-TGI02,00620251204120736327
00120251204055312437,12/5/2025,HL/KMY                  Inv;21,VO99032,71.52,C,001,5379355,8379354,C00149854,?????????,4001111004,Moshi Potato Chips Original 38g (1x10x12pcs),10,pcs,0.39,DC-YGN01,00120251204120922780
00420251204041020073,12/5/2025,VO99023   inv:  19,VO99023,192.56,C,004,5379334,8379333,C00402021,???????????,4001111004,Moshi Potato Chips Original 38g (1x10x12pcs),50,pcs,1.95,WH-MLM01,00420251204115823830
00120251204055331843,12/5/2025,HTY SHOP-40,VO99063,172.61,C,001,5379317,8379316,C00107962,??????????,4001111004,Moshi Potato Chips Original 38g (1x10x12pcs),10,pcs,0.39,DC-YGN01,00120251204114748043
00220251204030542770,12/5/2025,INV(21),VO99019,74.42,C,002,5379310,8379309,C00200291,?????????,4001111004,Moshi Potato Chips Original 38g (1x10x12pcs),20,pcs,0.78,WH-MDY01,00220251204114650000
00120251204055350787,12/5/2025,SPT                 Inv;24,VO99037,152.53,C,001,5379330,8379329,C00137087,?????????????,4001111004,Moshi Potato Chips Original 38g (1x10x12pcs),10,pcs,0.39,DC-YGN01,00120251204115702107
00420251204040941813,12/5/2025,VO99098  inv:9,VO99098,21.13,C,004,5379328,8379327,C00404526,??????????,4001111004,Moshi Potato Chips Original 38g (1x10x12pcs),120,pcs,4.68,WH-MLM01,00420251204115519350
01120251204025619813,12/5/2025,"TKS,PHM,Inv-15",VO99071,50.42,C,011,5379322,8379321,C01101250,?????????,4001111004,Moshi Potato Chips Original 38g (1x10x12pcs),30,pcs,1.17,WH-MGW01,01120251204115216083
00520251204025447907,12/5/2025,"MMZ ,KS Inv [ 31 ]",VO99028,156.27,C,005,5379407,8379406,C00501020,????????,4001111004,Moshi Potato Chips Original 38g (1x10x12pcs),120,pcs,4.68,WH-NPT01,00520251204122857123
00520251204025447907,12/5/2025,"MMZ ,KS Inv [ 31 ]",VO99028,156.27,C,005,5379409,8379408,C00501613,?????????????,4001111004,Moshi Potato Chips Original 38g (1x10x12pcs),10,pcs,0.39,WH-NPT01,00520251204122858547
00720251204041153110,12/5/2025,inv 16,VO99052,117.9,C,007,5379414,8379413,C00701693,7 Store,4001111004,Moshi Potato Chips Original 38g (1x10x12pcs),10,pcs,0.39,WH-PTN01,00720251204123159737
00120251204055150310,12/5/2025,AL/BH/KMD/SC                         Inv;17,VO99004,207.16,C,001,5379413,8379412,C00114007,?????????????????,4001111004,Moshi Potato Chips Original 38g (1x10x12pcs),10,pcs,0.39,DC-YGN01,00120251204123103087
01620251204035823093,12/5/2025,"Inv-18, Bago, Thatnatpin, Minywar",VO99082,101.93,C,016,5379415,8379414,C01603853,???????,4001111004,Moshi Potato Chips Original 38g (1x10x12pcs),50,pcs,1.95,WH-BGO99,01620251204123201633
00220251204030542770,12/5/2025,INV(21),VO99019,74.42,C,002,5379418,8379417,C00204542,??????????,4001111004,Moshi Potato Chips Original 38g (1x10x12pcs),10,pcs,0.39,WH-MDY01,00220251204123800533
00120251204055411300,12/5/2025,INS                  Inv;41,VO99039,207.42,C,001,5379380,8379379,C00130756,SB Baby Shop (4) - Insein,4001111004,Moshi Potato Chips Original 38g (1x10x12pcs),10,pcs,0.39,DC-YGN01,00120251204121847540
00120251204055453930,12/5/2025,NDG/EDG                 Inv;19,VO99043,65.06,C,001,5379366,8379365,C00110309,????,4001111004,Moshi Potato Chips Original 38g (1x10x12pcs),10,pcs,0.39,DC-YGN01,00120251204121234093
00120251204055350787,12/5/2025,SPT                 Inv;24,VO99037,152.53,C,001,5379364,8379363,C00145051,???????,4001111004,Moshi Potato Chips Original 38g (1x10x12pcs),10,pcs,0.39,DC-YGN01,00120251204121231380
00120251204055455197,12/5/2025,"SOKL,YK SHOP-20",VO99046,139.57,C,001,5379371,8379370,C00131919,?????????????,4001111004,Moshi Potato Chips Original 38g (1x10x12pcs),10,pcs,0.39,DC-YGN01,00120251204121540253
00420251204041020073,12/5/2025,VO99023   inv:  19,VO99023,192.56,C,004,5379306,8379305,C00400213,?????????,4001111004,Moshi Potato Chips Original 38g (1x10x12pcs),90,pcs,3.51,WH-MLM01,00420251204114610813
00220251204030447237,12/5/2025,INV(24),VO99017,270.54,C,002,5379305,8379304,C00200865,????????,4001111004,Moshi Potato Chips Original 38g (1x10x12pcs),60,pcs,2.34,WH-MDY01,00220251204114348510
01120251204025619813,12/5/2025,"TKS,PHM,Inv-15",VO99071,50.42,C,011,5379248,8379247,C01100487,????,4001111004,Moshi Potato Chips Original 38g (1x10x12pcs),20,pcs,0.78,WH-MGW01,01120251204113103670
00120251204055331843,12/5/2025,HTY SHOP-40,VO99063,172.61,C,001,5379239,8379238,C00104682,??????????,4001111004,Moshi Potato Chips Original 38g (1x10x12pcs),10,pcs,0.39,DC-YGN01,00120251204112908207
01120251204025619813,12/5/2025,"TKS,PHM,Inv-15",VO99071,50.42,C,011,5379201,8379200,C01102478,?????,4001111004,Moshi Potato Chips Original 38g (1x10x12pcs),10,pcs,0.39,WH-MGW01,01120251204112154747
00120251204055331843,12/5/2025,HTY SHOP-40,VO99063,172.61,C,001,5379191,8379190,C00132367,???????????,4001111004,Moshi Potato Chips Original 38g (1x10x12pcs),10,pcs,0.39,DC-YGN01,00120251204111639977
00220251204030419380,12/5/2025,INV(12),VO99016,49.15,C,002,5379197,8379196,C00211403,?????????,4001111004,Moshi Potato Chips Original 38g (1x10x12pcs),20,pcs,0.78,WH-MDY01,00220251204111939357
00120251204055331843,12/5/2025,HTY SHOP-40,VO99063,172.61,C,001,5379187,8379186,C00114349,?????????,4001111004,Moshi Potato Chips Original 38g (1x10x12pcs),10,pcs,0.39,DC-YGN01,00120251204111634470
00120251204055350787,12/5/2025,SPT                 Inv;24,VO99037,152.53,C,001,5379186,8379185,C00151014,??????????,4001111004,Moshi Potato Chips Original 38g (1x10x12pcs),10,pcs,0.39,DC-YGN01,00120251204111633463
00120251204055520713,12/5/2025,NOKL SHOP-44,VO99045,173.34,C,001,5379172,8379171,C00123810,??????????,4001111004,Moshi Potato Chips Original 38g (1x10x12pcs),10,pcs,0.39,DC-YGN01,00120251204111316460
01120251204025619813,12/5/2025,"TKS,PHM,Inv-15",VO99071,50.42,C,011,5379215,8379214,C01105470,??? ?????,4001111004,Moshi Potato Chips Original 38g (1x10x12pcs),10,pcs,0.39,WH-MGW01,01120251204112459487
00720251204041153110,12/5/2025,inv 16,VO99052,117.9,C,007,5379214,8379213,C00700369,???????,4001111004,Moshi Potato Chips Original 38g (1x10x12pcs),20,pcs,0.78,WH-PTN01,00720251204112457460
00120251204055350787,12/5/2025,SPT                 Inv;24,VO99037,152.53,C,001,5379222,8379221,C00152718,????????,4001111004,Moshi Potato Chips Original 38g (1x10x12pcs),60,pcs,2.34,DC-YGN01,00120251204112556333
00120251204055355003,12/5/2025,MGLD SHOP-11,VO99061,170.32,C,001,5379236,8379235,C00128507,???????,4001111004,Moshi Potato Chips Original 38g (1x10x12pcs),20,pcs,0.78,DC-YGN01,00120251204112905917
01620251204041102773,12/5/2025,"Inv-14, Bago, WAW",VO99083,207.85,C,016,5379483,8379482,C01601220,?????????,4001111004,Moshi Potato Chips Original 38g (1x10x12pcs),30,pcs,1.17,WH-BGO99,01620251204013816833
00120251204055303940,12/5/2025,TGG SHOP-29,VO99106,118.32,C,001,5379501,8379500,C00140339,??????????,4001111004,Moshi Potato Chips Original 38g (1x10x12pcs),90,pcs,3.51,DC-YGN01,00120251204014718250
00120251204055411300,12/5/2025,INS                  Inv;41,VO99039,207.42,C,001,5379503,8379502,C00103811,??????????????,4001111004,Moshi Potato Chips Original 38g (1x10x12pcs),20,pcs,0.78,DC-YGN01,00120251204015019397
00120251204055303940,12/5/2025,TGG SHOP-29,VO99106,118.32,C,001,5379516,8379515,C00145228,?????????,4001111004,Moshi Potato Chips Original 38g (1x10x12pcs),10,pcs,0.39,DC-YGN01,00120251204020227627
00220251204030542770,12/5/2025,INV(21),VO99019,74.42,C,002,5379518,8379517,C00214771,?????????? (?),4001111004,Moshi Potato Chips Original 38g (1x10x12pcs),30,pcs,1.17,WH-MDY01,00220251204020521433
00120251204055333027,12/5/2025,MYG                Inv;23,VO99035,88.27,C,001,5379525,8379524,C00144371,??????????(?),4001111004,Moshi Potato Chips Original 38g (1x10x12pcs),360,pcs,14.04,DC-YGN01,00120251204021133837
00120251204055425190,12/5/2025,S.DGN/SEIKKAN SHOP-26,VO99060,84.41,C,001,5379526,8379525,C00128300,????????????,4001111004,Moshi Potato Chips Original 38g (1x10x12pcs),120,pcs,4.68,DC-YGN01,00120251204021134850
00120251204055312437,12/5/2025,HL/KMY                  Inv;21,VO99032,71.52,C,001,5379527,8379526,C00132440,????????,4001111004,Moshi Potato Chips Original 38g (1x10x12pcs),10,pcs,0.39,DC-YGN01,00120251204021135987
00220251204030629230,12/5/2025,SR,VO99019,0.35,C,002,5379534,8379533,C00214871,Hearty Store,4001111004,Moshi Potato Chips Original 38g (1x10x12pcs),7,pcs,0.273,WH-MDY01,00220251204021422793
01620251204035823093,12/5/2025,"Inv-18, Bago, Thatnatpin, Minywar",VO99082,101.93,C,016,5379546,8379545,C01603842,?????????????,4001111004,Moshi Potato Chips Original 38g (1x10x12pcs),30,pcs,1.17,WH-BGO99,01620251204021744437
00220251204030629230,12/5/2025,SR,VO99019,0.35,C,002,5379537,8379536,C00210311,??????,4001111004,Moshi Potato Chips Original 38g (1x10x12pcs),2,pcs,0.078,WH-MDY01,00220251204021726530
00120251204055331843,12/5/2025,HTY SHOP-40,VO99063,172.61,C,001,5379460,8379459,C00130758,SB Baby Shop (6) - HTY,4001111004,Moshi Potato Chips Original 38g (1x10x12pcs),20,pcs,0.78,DC-YGN01,00120251204011352893
00120251204055303940,12/5/2025,TGG SHOP-29,VO99106,118.32,C,001,5379457,8379456,C00134261,????????????,4001111004,Moshi Potato Chips Original 38g (1x10x12pcs),10,pcs,0.39,DC-YGN01,00120251204011050333
00120251204031614733,12/5/2025,CPT-CRDC     INV--1     (To NPT WH),VO99008,6.34,C,001,5379465,8379464,C00149913,Capital CRDC WH,4001111004,Moshi Potato Chips Original 38g (1x10x12pcs),30,pcs,1.17,DC-YGN01,00120251204012803710
00120251204055411300,12/5/2025,INS                  Inv;41,VO99039,207.42,C,001,5379476,8379475,C00100476,????????????,4001111004,Moshi Potato Chips Original 38g (1x10x12pcs),120,pcs,4.68,DC-YGN01,00120251204013506653
00220251204030419380,12/5/2025,INV(12),VO99016,49.15,C,002,5379473,8379472,C00212196,??????????????????,4001111004,Moshi Potato Chips Original 38g (1x10x12pcs),20,pcs,0.78,WH-MDY01,00220251204013209490
00120251204055455197,12/5/2025,"SOKL,YK SHOP-20",VO99046,139.57,C,001,5379452,8379451,C00135779,SB Baby Shop (16) -YK,4001111004,Moshi Potato Chips Original 38g (1x10x12pcs),10,pcs,0.39,DC-YGN01,00120251204010741650
00120251204055411300,12/5/2025,INS                  Inv;41,VO99039,207.42,C,001,5379446,8379445,C00141263,??????????,4001111004,Moshi Potato Chips Original 38g (1x10x12pcs),10,pcs,0.39,DC-YGN01,00120251204010734870
00120251204055411300,12/5/2025,INS                  Inv;41,VO99039,207.42,C,001,5379445,8379444,C00140664,???????????,4001111004,Moshi Potato Chips Original 38g (1x10x12pcs),10,pcs,0.39,DC-YGN01,00120251204010733747
00120251204055411300,12/5/2025,INS                  Inv;41,VO99039,207.42,C,001,5379431,8379430,C00142752,??????,4001111004,Moshi Potato Chips Original 38g (1x10x12pcs),10,pcs,0.39,DC-YGN01,00120251204124919630
00120251204055453930,12/5/2025,NDG/EDG                 Inv;19,VO99043,65.06,C,001,5379432,8379431,C00141005,SB Baby Shop (22) - EDG,4001111004,Moshi Potato Chips Original 38g (1x10x12pcs),10,pcs,0.39,DC-YGN01,00120251204124921073
00720251204041153110,12/5/2025,inv 16,VO99052,117.9,C,007,5379720,8379719,C00702811,Mayor(??????????? ?????),4001111004,Moshi Potato Chips Original 38g (1x10x12pcs),10,pcs,0.39,WH-PTN01,00720251204034209727
00120251204055234630,12/5/2025,TLN/KT SHOP-11,VO99113,43.87,C,001,5379713,8379712,C00800920,????????,4001111004,Moshi Potato Chips Original 38g (1x10x12pcs),10,pcs,0.39,DC-YGN01,00120251204033503643
00720251204041153110,12/5/2025,inv 16,VO99052,117.9,C,007,5379709,8379708,C00702852,????????,4001111004,Moshi Potato Chips Original 38g (1x10x12pcs),10,pcs,0.39,WH-PTN01,00720251204033307690
01620251204041102773,12/5/2025,"Inv-14, Bago, WAW",VO99083,207.85,C,016,5379707,8379706,C01603670,????????,4001111004,Moshi Potato Chips Original 38g (1x10x12pcs),10,pcs,0.39,WH-BGO99,01620251204033005610
00220251204035632707,12/5/2025,SR,VO99019,0.5,C,002,5379699,8379698,C00210311,??????,4001111004,Moshi Potato Chips Original 38g (1x10x12pcs),1,pcs,0.039,WH-MDY01,00220251204032420100
00120251204055234630,12/5/2025,TLN/KT SHOP-11,VO99113,43.87,C,001,5379682,8379681,C00802099,?????????????,4001111004,Moshi Potato Chips Original 38g (1x10x12pcs),20,pcs,0.78,DC-YGN01,00120251204031329167
00120251204055333027,12/5/2025,MYG                Inv;23,VO99035,88.27,C,001,5379668,8379667,C00144400,???,4001111004,Moshi Potato Chips Original 38g (1x10x12pcs),10,pcs,0.39,DC-YGN01,00120251204030713887
00120251204055425190,12/5/2025,S.DGN/SEIKKAN SHOP-26,VO99060,84.41,C,001,5379678,8379677,C00107323,??????????,4001111004,Moshi Potato Chips Original 38g (1x10x12pcs),90,pcs,3.51,DC-YGN01,00120251204031018367
00120251204055425190,12/5/2025,S.DGN/SEIKKAN SHOP-26,VO99060,84.41,C,001,5379686,8379685,C00128312,???????????,4001111004,Moshi Potato Chips Original 38g (1x10x12pcs),20,pcs,0.78,DC-YGN01,00120251204031636800
00220251204030542770,12/5/2025,INV(21),VO99019,74.42,C,002,5379652,8379651,C00208599,??????????,4001111004,Moshi Potato Chips Original 38g (1x10x12pcs),20,pcs,0.78,WH-MDY01,00220251204025358920
00120251204055333027,12/5/2025,MYG                Inv;23,VO99035,88.27,C,001,5379655,8379654,C00153066,?????,4001111004,Moshi Potato Chips Original 38g (1x10x12pcs),10,pcs,0.39,DC-YGN01,00120251204025445713
00220251204035656017,12/5/2025,INV(3),VO99019,5.07,C,002,5379658,8379657,C00208903,Golden City,4001111004,Moshi Potato Chips Original 38g (1x10x12pcs),10,pcs,0.39,WH-MDY01,00220251204030009567
00120251204055453930,12/5/2025,NDG/EDG                 Inv;19,VO99043,65.06,C,001,5379662,8379661,C00102992,????????????,4001111004,Moshi Potato Chips Original 38g (1x10x12pcs),10,pcs,0.39,DC-YGN01,00120251204030109413
00120251204055252693,12/5/2025,LT/PBD/LMD                 Inv;22,VO99012,81.7,C,001,5379646,8379645,C00113685,?????????,4001111004,Moshi Potato Chips Original 38g (1x10x12pcs),120,pcs,4.68,DC-YGN01,00120251204025138580
00120251204055252693,12/5/2025,LT/PBD/LMD                 Inv;22,VO99012,81.7,C,001,5379641,8379640,C00140254,?????,4001111004,Moshi Potato Chips Original 38g (1x10x12pcs),60,pcs,2.34,DC-YGN01,00120251204024832360
00120251204055303940,12/5/2025,TGG SHOP-29,VO99106,118.32,C,001,5379648,8379647,C00128212,SB Baby Shop (2) - TGG,4001111004,Moshi Potato Chips Original 38g (1x10x12pcs),10,pcs,0.39,DC-YGN01,00120251204025140983
00220251204030608007,12/5/2025,INV(19),VO99040,140.01,C,002,5379613,8379612,C00211477,??????????,4001111004,Moshi Potato Chips Original 38g (1x10x12pcs),10,pcs,0.39,WH-MDY01,00220251204024435470
00220251204030516657,12/5/2025,INV(27),VO99018,210.62,C,002,5379624,8379623,C00216867,?????,4001111004,Moshi Potato Chips Original 38g (1x10x12pcs),30,pcs,1.17,WH-MDY01,00220251204024449777
00220251204030516657,12/5/2025,INV(27),VO99018,210.62,C,002,5379625,8379624,C00206209,?????????,4001111004,Moshi Potato Chips Original 38g (1x10x12pcs),10,pcs,0.39,WH-MDY01,00220251204024450983
00120251204055433497,12/5/2025,TKT-PZD                  Inv;35,VO99042,125.77,C,001,5379557,8379556,C00145062,?????????,4001111004,Moshi Potato Chips Original 38g (1x10x12pcs),20,pcs,0.78,DC-YGN01,00120251204022347223
00220251204030542770,12/5/2025,INV(21),VO99019,74.42,C,002,5379593,8379592,C00205783,??????????????,4001111004,Moshi Potato Chips Original 38g (1x10x12pcs),10,pcs,0.39,WH-MDY01,00220251204023834430
00120251204021024050,12/5/2025,SGH-HTY     INV--1,VO99010,8.18,C,001,5378647,8378646,C00127887,Sein Gay Har - HTY,4001111004,Moshi Potato Chips Original 38g (1x10x12pcs),10,pcs,0.39,DC-YGN01,00120251204090142110
00120251204052410797,12/5/2025,CPT-Exp SC     INV--2,VO99113,5.67,C,001,5378651,8378650,C00802251,Capital Express SC,4001111004,Moshi Potato Chips Original 38g (1x10x12pcs),20,pcs,0.78,DC-YGN01,00120251204090320817
00120251204055411300,12/5/2025,INS                  Inv;41,VO99039,207.42,C,001,5378666,8378665,C00107974,?????????,4001111004,Moshi Potato Chips Original 38g (1x10x12pcs),10,pcs,0.39,DC-YGN01,00120251204091236520
00120251204023039640,12/5/2025,CPT-YMN Exp     INV--1,VO99042,12.18,C,001,5378682,8378681,C00143687,Capital-YMN Express,4001111004,Moshi Potato Chips Original 38g (1x10x12pcs),50,pcs,1.95,DC-YGN01,00120251204091725457
00220251204030516657,12/5/2025,INV(27),VO99018,210.62,C,002,5378641,8378640,C00208092,???????,4001111004,Moshi Potato Chips Original 38g (1x10x12pcs),30,pcs,1.17,WH-MDY01,00220251204085846580
00220251204030542770,12/5/2025,INV(21),VO99019,74.42,C,002,5378619,8378618,C00201176,?????????,4001111004,Moshi Potato Chips Original 38g (1x10x12pcs),10,pcs,0.39,WH-MDY01,00220251203044030000
00120251204055520713,12/5/2025,NOKL SHOP-44,VO99045,173.34,C,001,5378630,8378629,C00140253,BA ?????,4001111004,Moshi Potato Chips Original 38g (1x10x12pcs),10,pcs,0.39,DC-YGN01,00120251203105811173
01120251204025619813,12/5/2025,"TKS,PHM,Inv-15",VO99071,50.42,C,011,5377645,8377644,C01100023,????????????,4001111004,Moshi Potato Chips Original 38g (1x10x12pcs),10,pcs,0.39,WH-MGW01,01120251203095338190
00120251204055331843,12/5/2025,HTY SHOP-40,VO99063,172.61,C,001,5378714,8378713,C00140506,??????,4001111004,Moshi Potato Chips Original 38g (1x10x12pcs),10,pcs,0.39,DC-YGN01,00120251204092500697
00220251204030608007,12/5/2025,INV(19),VO99040,140.01,C,002,5378720,8378719,C00208046,????,4001111004,Moshi Potato Chips Original 38g (1x10x12pcs),10,pcs,0.39,WH-MDY01,00220251204092716233
00120251204022449160,12/5/2025,CPT-TKT     INV--2,VO99008,37.1,C,001,5378719,8378718,C00102574,Capital - TKT,4001111004,Moshi Potato Chips Original 38g (1x10x12pcs),100,pcs,3.9,DC-YGN01,00120251204092648807
00120251204055312437,12/5/2025,HL/KMY                  Inv;21,VO99032,71.52,C,001,5378700,8378699,C00114003,??????????,4001111004,Moshi Potato Chips Original 38g (1x10x12pcs),30,pcs,1.17,DC-YGN01,00120251204092146387
00120251204055411300,12/5/2025,INS                  Inv;41,VO99039,207.42,C,001,5378712,8378711,C00127087,???????????(????????????),4001111004,Moshi Potato Chips Original 38g (1x10x12pcs),20,pcs,0.78,DC-YGN01,00120251204092447720
00120251204021038583,12/5/2025,CPT-HTY2     INV--1,VO99010,5.01,C,001,5378689,8378688,C00145003,Capital-HTY(2),4001111004,Moshi Potato Chips Original 38g (1x10x12pcs),30,pcs,1.17,DC-YGN01,00120251204091843807
00520251204025551447,12/5/2025,OT Inv [ 6 ] ,VO99038,74.49,C,005,5378698,8378697,C00504703,1 Stop Mart Supermarket (Nay Pyi Taw),4001111004,Moshi Potato Chips Original 38g (1x10x12pcs),60,pcs,2.34,WH-NPT01,00520251204092110987
00120251204023317740,12/5/2025,MTS-TGG     INV--1,VO99106,12.83,C,001,5378768,8378767,C00111943,Mi Thar Su - TGG,4001111004,Moshi Potato Chips Original 38g (1x10x12pcs),10,pcs,0.39,DC-YGN01,00120251204094515000
00420251204041020073,12/5/2025,VO99023   inv:  19,VO99023,192.56,C,004,5378759,8378758,C00400938,?????,4001111004,Moshi Potato Chips Original 38g (1x10x12pcs),60,pcs,2.34,WH-MLM01,00420251204094224250
00120251204055312437,12/5/2025,HL/KMY                  Inv;21,VO99032,71.52,C,001,5378747,8378746,C00140023,??? ???????,4001111004,Moshi Potato Chips Original 38g (1x10x12pcs),10,pcs,0.39,DC-YGN01,00120251204093718783
00120251204055425190,12/5/2025,S.DGN/SEIKKAN SHOP-26,VO99060,84.41,C,001,5378806,8378805,C00136843,JJ Store,4001111004,Moshi Potato Chips Original 38g (1x10x12pcs),10,pcs,0.39,DC-YGN01,00120251204095244620
00120251204021916270,12/5/2025,GDWS-WH     INV--1    (To TGG),VO99033,13.69,C,001,5378802,8378801,C00109566,Gandamar Wholesales - YGN,4001111004,Moshi Potato Chips Original 38g (1x10x12pcs),20,pcs,0.78,DC-YGN01,00120251204095156433
00120251204040128550,12/5/2025,SR On Paper     INV--1,VO99032,0.48,C,001,5378771,8378770,C00135456,David-2,4001111004,Moshi Potato Chips Original 38g (1x10x12pcs),10,pcs,0.39,DC-YGN01,00120251204094636187
00620251204025351630,12/5/2025,V54(AungPan),VO99054,69.24,C,006,5378836,8378835,C00110334,SD-YGN-Aungpan,4001111004,Moshi Potato Chips Original 38g (1x10x12pcs),240,pcs,9.36,WH-TGI01,00620251204095746863
00220251204030516657,12/5/2025,INV(27),VO99018,210.62,C,002,5378829,8378828,C00214804,Oasis Mini Mart,4001111004,Moshi Potato Chips Original 38g (1x10x12pcs),10,pcs,0.39,WH-MDY01,00220251204095732033
00120251204055411300,12/5/2025,INS                  Inv;41,VO99039,207.42,C,001,5378822,8378821,C00113799,?????????,4001111004,Moshi Potato Chips Original 38g (1x10x12pcs),10,pcs,0.39,DC-YGN01,00120251204095549870
00520251204025447907,12/5/2025,"MMZ ,KS Inv [ 31 ]",VO99028,156.27,C,005,5378812,8378811,C00500010,???????????,4001111004,Moshi Potato Chips Original 38g (1x10x12pcs),120,pcs,4.68,WH-NPT01,00520251204095437977
00220251204030542770,12/5/2025,INV(21),VO99019,74.42,C,002,5378860,8378859,C00213277,????????,4001111004,Moshi Potato Chips Original 38g (1x10x12pcs),20,pcs,0.78,WH-MDY01,00220251204100336993
00520251204025521037,12/5/2025,TPK Inv [ 10 ] ,VO99038,66.72,C,005,5378851,8378850,C00504019,??????,4001111004,Moshi Potato Chips Original 38g (1x10x12pcs),60,pcs,2.34,WH-NPT01,00520251204100050227
00220251204030516657,12/5/2025,INV(27),VO99018,210.62,C,002,5378864,8378863,C00217727,MK Mini Market,4001111004,Moshi Potato Chips Original 38g (1x10x12pcs),20,pcs,0.78,WH-MDY01,00220251204100354120
00520251204025521037,12/5/2025,TPK Inv [ 10 ] ,VO99038,66.72,C,005,5378863,8378862,C00502010,??????,4001111004,Moshi Potato Chips Original 38g (1x10x12pcs),120,pcs,4.68,WH-NPT01,00520251204100354463
00220251204030516657,12/5/2025,INV(27),VO99018,210.62,C,002,5378886,8378885,C00202485,?????,4001111004,Moshi Potato Chips Original 38g (1x10x12pcs),30,pcs,1.17,WH-MDY01,00220251204101001683
00120251204055333027,12/5/2025,MYG                Inv;23,VO99035,88.27,C,001,5379173,8379172,C00112859,?????????,4001111004,Moshi Potato Chips Original 38g (1x10x12pcs),10,pcs,0.39,DC-YGN01,00120251204111317870
00220251204030447237,12/5/2025,INV(24),VO99017,270.54,C,002,5379169,8379168,C00209059,?????,4001111004,Moshi Potato Chips Original 38g (1x10x12pcs),10,pcs,0.39,WH-MDY01,00220251204111035563
00120251204115907770,12/5/2025,"Taikkyi  ( INV - 1 ) , All Producrs ",VO99014,208.43,C,001,5379142,8379141,C00126192,SD-YGN-Taikkyi,4001111004,Moshi Potato Chips Original 38g (1x10x12pcs),600,pcs,23.4,WH-MLM01,00120251204110551400
00120251204055303940,12/5/2025,TGG SHOP-29,VO99106,118.32,C,001,5379150,8379149,C00145116,?????????????????,4001111004,Moshi Potato Chips Original 38g (1x10x12pcs),10,pcs,0.39,DC-YGN01,00120251204110650823
00120251204055433497,12/5/2025,TKT-PZD                  Inv;35,VO99042,125.77,C,001,5379162,8379161,C00103684,????(?????),4001111004,Moshi Potato Chips Original 38g (1x10x12pcs),10,pcs,0.39,DC-YGN01,00120251204111007340
00120251204055411300,12/5/2025,INS                  Inv;41,VO99039,207.42,C,001,5379121,8379120,C00107179,???????,4001111004,Moshi Potato Chips Original 38g (1x10x12pcs),10,pcs,0.39,DC-YGN01,00120251204110329600
00120251204055453930,12/5/2025,NDG/EDG                 Inv;19,VO99043,65.06,C,001,5379124,8379123,C00129171,????????,4001111004,Moshi Potato Chips Original 38g (1x10x12pcs),30,pcs,1.17,DC-YGN01,00120251204110334380
00120251204115840633,12/5/2025,"Letpadan  ( INV - 1 ) , All Producrs ",VO99014,254.71,C,001,5379133,8379132,C00108770,SD-YGN-Letpadan,4001111004,Moshi Potato Chips Original 38g (1x10x12pcs),600,pcs,23.4,WH-MLM01,00120251204110405923
00220251204030516657,12/5/2025,INV(27),VO99018,210.62,C,002,5379135,8379134,C00210372,????????????,4001111004,Moshi Potato Chips Original 38g (1x10x12pcs),30,pcs,1.17,WH-MDY01,00220251204110433387
00220251204030447237,12/5/2025,INV(24),VO99017,270.54,C,002,5379062,8379061,C00211572,??????,4001111004,Moshi Potato Chips Original 38g (1x10x12pcs),30,pcs,1.17,WH-MDY01,00220251204105217053
00220251204030447237,12/5/2025,INV(24),VO99017,270.54,C,002,5379063,8379062,C00212182,??????????,4001111004,Moshi Potato Chips Original 38g (1x10x12pcs),10,pcs,0.39,WH-MDY01,00220251204105218570
00120251204055218913,12/5/2025,MGLTN/Tamwe                       Inv;23,VO99005,106.64,C,001,5379053,8379052,C00124266,???????????,4001111004,Moshi Potato Chips Original 38g (1x10x12pcs),30,pcs,1.17,DC-YGN01,00120251204105038343
00120251204055150310,12/5/2025,AL/BH/KMD/SC                         Inv;17,VO99004,207.16,C,001,5379069,8379068,C00131778,????????????,4001111004,Moshi Potato Chips Original 38g (1x10x12pcs),30,pcs,1.17,DC-YGN01,00120251204105344673
00120251204115953927,12/5/2025,"Khayan  ( INV - 1 ) ,  All Products ",VO99014,36.9,C,001,5379066,8379065,C00127051,SD-YGN-Khayan,4001111004,Moshi Potato Chips Original 38g (1x10x12pcs),120,pcs,4.68,WH-MLM01,00120251204105249323
00120251204055303940,12/5/2025,TGG SHOP-29,VO99106,118.32,C,001,5379084,8379083,C00106077,Ko Zaw,4001111004,Moshi Potato Chips Original 38g (1x10x12pcs),50,pcs,1.95,DC-YGN01,00120251204105705177
00220251204030542770,12/5/2025,INV(21),VO99019,74.42,C,002,5379110,8379109,C00210313,?????????,4001111004,Moshi Potato Chips Original 38g (1x10x12pcs),20,pcs,0.78,WH-MDY01,00220251204110126530
01120251204025619813,12/5/2025,"TKS,PHM,Inv-15",VO99071,50.42,C,011,5379107,8379106,C01100480,???????????(?????),4001111004,Moshi Potato Chips Original 38g (1x10x12pcs),20,pcs,0.78,WH-MGW01,01120251204110041067
00120251204055218913,12/5/2025,MGLTN/Tamwe                       Inv;23,VO99005,106.64,C,001,5379105,8379104,C00124959,????????????,4001111004,Moshi Potato Chips Original 38g (1x10x12pcs),20,pcs,0.78,DC-YGN01,00120251204110023893
00620251204032832147,12/5/2025,V54(1),VO99054,31.89,C,006,5379090,8379089,C00600383,??????,4001111004,Moshi Potato Chips Original 38g (1x10x12pcs),20,pcs,0.78,WH-TGI02,00620251204105737463
00120251204055218913,12/5/2025,MGLTN/Tamwe                       Inv;23,VO99005,106.64,C,001,5379031,8379030,C00103347,????????,4001111004,Moshi Potato Chips Original 38g (1x10x12pcs),10,pcs,0.39,DC-YGN01,00120251204104716037
00120251204055355003,12/5/2025,MGLD SHOP-11,VO99061,170.32,C,001,5379035,8379034,C00102556,?????,4001111004,Moshi Potato Chips Original 38g (1x10x12pcs),20,pcs,0.78,DC-YGN01,00120251204104721960
00220251204030447237,12/5/2025,INV(24),VO99017,270.54,C,002,5379058,8379057,C00201258,?????????,4001111004,Moshi Potato Chips Original 38g (1x10x12pcs),10,pcs,0.39,WH-MDY01,00220251204105140963
00120251204055425190,12/5/2025,S.DGN/SEIKKAN SHOP-26,VO99060,84.41,C,001,5379052,8379051,C00103363,??????????,4001111004,Moshi Potato Chips Original 38g (1x10x12pcs),10,pcs,0.39,DC-YGN01,00120251204105037030
00220251204030608007,12/5/2025,INV(19),VO99040,140.01,C,002,5379021,8379020,C00201673,??????????,4001111004,Moshi Potato Chips Original 38g (1x10x12pcs),10,pcs,0.39,WH-MDY01,00220251204104223197
00120251204055355003,12/5/2025,MGLD SHOP-11,VO99061,170.32,C,001,5379013,8379012,C00106288,??????????,4001111004,Moshi Potato Chips Original 38g (1x10x12pcs),180,pcs,7.02,DC-YGN01,00120251204104056110
00120251204055433497,12/5/2025,TKT-PZD                  Inv;35,VO99042,125.77,C,001,5379005,8379004,C00110768,?????,4001111004,Moshi Potato Chips Original 38g (1x10x12pcs),10,pcs,0.39,DC-YGN01,00120251204103740140
00220251204030447237,12/5/2025,INV(24),VO99017,270.54,C,002,5379006,8379005,C00202180,???????,4001111004,Moshi Potato Chips Original 38g (1x10x12pcs),20,pcs,0.78,WH-MDY01,00220251204103917223
00120251204055411300,12/5/2025,INS                  Inv;41,VO99039,207.42,C,001,5378936,8378935,C00100575,?????(?),4001111004,Moshi Potato Chips Original 38g (1x10x12pcs),30,pcs,1.17,DC-YGN01,00120251204102203540
00120251204055218913,12/5/2025,MGLTN/Tamwe                       Inv;23,VO99005,106.64,C,001,5378932,8378931,C00133128,?????????,4001111004,Moshi Potato Chips Original 38g (1x10x12pcs),10,pcs,0.39,DC-YGN01,00120251204102102193
00120251204055520713,12/5/2025,NOKL SHOP-44,VO99045,173.34,C,001,5378924,8378923,C00130158,?????,4001111004,Moshi Potato Chips Original 38g (1x10x12pcs),10,pcs,0.39,DC-YGN01,00120251204101758050
00120251204055433497,12/5/2025,TKT-PZD                  Inv;35,VO99042,125.77,C,001,5378923,8378922,C00152589,????????,4001111004,Moshi Potato Chips Original 38g (1x10x12pcs),20,pcs,0.78,DC-YGN01,00120251204101756557
00120251204055411300,12/5/2025,INS                  Inv;41,VO99039,207.42,C,001,5378946,8378945,C00131171,????????,4001111004,Moshi Potato Chips Original 38g (1x10x12pcs),10,pcs,0.39,DC-YGN01,00120251204102510317
00220251204030542770,12/5/2025,INV(21),VO99019,74.42,C,002,5378944,8378943,C00215026,????,4001111004,Moshi Potato Chips Original 38g (1x10x12pcs),10,pcs,0.39,WH-MDY01,00220251204102503943
00120251204055520713,12/5/2025,NOKL SHOP-44,VO99045,173.34,C,001,5378952,8378951,C00140071,Sprinkle Store,4001111004,Moshi Potato Chips Original 38g (1x10x12pcs),10,pcs,0.39,DC-YGN01,00120251204102953243
00220251204030447237,12/5/2025,INV(24),VO99017,270.54,C,002,5378960,8378959,C00211242,???????????,4001111004,Moshi Potato Chips Original 38g (1x10x12pcs),10,pcs,0.39,WH-MDY01,00220251204103243633
00120251204055425190,12/5/2025,S.DGN/SEIKKAN SHOP-26,VO99060,84.41,C,001,5378994,8378993,C00138431,Lamin ?????,4001111004,Moshi Potato Chips Original 38g (1x10x12pcs),10,pcs,0.39,DC-YGN01,00120251204103719947
00120251204055331843,12/5/2025,HTY SHOP-40,VO99063,172.61,C,001,5378979,8378978,C00109542,?????,4001111004,Moshi Potato Chips Original 38g (1x10x12pcs),10,pcs,0.39,DC-YGN01,00120251204103400693
00120251204055520713,12/5/2025,NOKL SHOP-44,VO99045,173.34,C,001,5378969,8378968,C00126065,??????????,4001111004,Moshi Potato Chips Original 38g (1x10x12pcs),10,pcs,0.39,DC-YGN01,00120251204103325483
00120251204125303150,12/5/2025,MDY  Branch ( No . 1 ) ,WT-MDY01,1089.74,C,001,5379375,8379374,C00125994,MDY Branch,4001111004,Moshi Potato Chips Original 38g (1x10x12pcs),3600,pcs,140.4,DC-YGN01,00120251204121633380
00120251204010325710,12/5/2025,BGO Branch ( No . 1 ) ,WT-BGO,304.96,C,001,5379406,8379405,C00152774,BGO Branch,4001111004,Moshi Potato Chips Original 38g (1x10x12pcs),360,pcs,14.04,DC-YGN01,00120251204122843807
00120251204055520713,12/5/2025,NOKL SHOP-44,VO99045,173.34,C,001,5379735,8379734,C00125169,??????????????,4001111004,Moshi Potato Chips Original 38g (1x10x12pcs),10,pcs,0.39,DC-YGN01,00120251204035648753
00120251204055234630,12/5/2025,TLN/KT SHOP-11,VO99113,43.87,C,001,5379737,8379736,C00800515,???????????,4001111004,Moshi Potato Chips Original 38g (1x10x12pcs),10,pcs,0.39,DC-YGN01,00120251204041152170
00720251204052110033,12/5/2025,Inv 8,VO99052,94.34,C,007,5379757,8379756,C00702281,?????????,4001111004,Moshi Potato Chips Original 38g (1x10x12pcs),10,pcs,0.39,WH-PTN01,00720251204045434177
00720251204052110033,12/5/2025,Inv 8,VO99052,94.34,C,007,5379745,8379744,C00703019,Shine 2,4001111004,Moshi Potato Chips Original 38g (1x10x12pcs),10,pcs,0.39,WH-PTN01,00720251204042120127
00120251204055234630,12/5/2025,TLN/KT SHOP-11,VO99113,43.87,C,001,5379737,8379736,C00800515,???????????,4001111005,Moshi Potato Chips Spicy 38g (1x10x12pcs),10,pcs,0.39,DC-YGN01,00120251204041152170
00120251204055520713,12/5/2025,NOKL SHOP-44,VO99045,173.34,C,001,5379735,8379734,C00125169,??????????????,4001111005,Moshi Potato Chips Spicy 38g (1x10x12pcs),20,pcs,0.78,DC-YGN01,00120251204035648753
00720251204041153110,12/5/2025,inv 16,VO99052,117.9,C,007,5379726,8379725,C00700273,????????????,4001111005,Moshi Potato Chips Spicy 38g (1x10x12pcs),10,pcs,0.39,WH-PTN01,00720251204034812307
00120251204055520713,12/5/2025,NOKL SHOP-44,VO99045,173.34,C,001,5378969,8378968,C00126065,??????????,4001111005,Moshi Potato Chips Spicy 38g (1x10x12pcs),10,pcs,0.39,DC-YGN01,00120251204103325483
00120251204055331843,12/5/2025,HTY SHOP-40,VO99063,172.61,C,001,5378979,8378978,C00109542,?????,4001111005,Moshi Potato Chips Spicy 38g (1x10x12pcs),10,pcs,0.39,DC-YGN01,00120251204103400693
00520251204025521037,12/5/2025,TPK Inv [ 10 ] ,VO99038,66.72,C,005,5378964,8378963,C00501626,Htike San,4001111005,Moshi Potato Chips Spicy 38g (1x10x12pcs),120,pcs,4.68,WH-NPT01,00520251204103307673
00120251204055425190,12/5/2025,S.DGN/SEIKKAN SHOP-26,VO99060,84.41,C,001,5378994,8378993,C00138431,Lamin ?????,4001111005,Moshi Potato Chips Spicy 38g (1x10x12pcs),10,pcs,0.39,DC-YGN01,00120251204103719947
00220251204030447237,12/5/2025,INV(24),VO99017,270.54,C,002,5378960,8378959,C00211242,???????????,4001111005,Moshi Potato Chips Spicy 38g (1x10x12pcs),10,pcs,0.39,WH-MDY01,00220251204103243633
00120251204055520713,12/5/2025,NOKL SHOP-44,VO99045,173.34,C,001,5378952,8378951,C00140071,Sprinkle Store,4001111005,Moshi Potato Chips Spicy 38g (1x10x12pcs),10,pcs,0.39,DC-YGN01,00120251204102953243
00220251204030542770,12/5/2025,INV(21),VO99019,74.42,C,002,5378944,8378943,C00215026,????,4001111005,Moshi Potato Chips Spicy 38g (1x10x12pcs),10,pcs,0.39,WH-MDY01,00220251204102503943
01620251204041102773,12/5/2025,"Inv-14, Bago, WAW",VO99083,207.85,C,016,5378941,8378940,C01602886,?????,4001111005,Moshi Potato Chips Spicy 38g (1x10x12pcs),10,pcs,0.39,WH-BGO99,01620251204102213037
00120251204055433497,12/5/2025,TKT-PZD                  Inv;35,VO99042,125.77,C,001,5378923,8378922,C00152589,????????,4001111005,Moshi Potato Chips Spicy 38g (1x10x12pcs),20,pcs,0.78,DC-YGN01,00120251204101756557
00120251204055520713,12/5/2025,NOKL SHOP-44,VO99045,173.34,C,001,5378924,8378923,C00130158,?????,4001111005,Moshi Potato Chips Spicy 38g (1x10x12pcs),10,pcs,0.39,DC-YGN01,00120251204101758050
00120251204055218913,12/5/2025,MGLTN/Tamwe                       Inv;23,VO99005,106.64,C,001,5378932,8378931,C00133128,?????????,4001111005,Moshi Potato Chips Spicy 38g (1x10x12pcs),10,pcs,0.39,DC-YGN01,00120251204102102193
00120251204055433497,12/5/2025,TKT-PZD                  Inv;35,VO99042,125.77,C,001,5379005,8379004,C00110768,?????,4001111005,Moshi Potato Chips Spicy 38g (1x10x12pcs),10,pcs,0.39,DC-YGN01,00120251204103740140
00220251204030608007,12/5/2025,INV(19),VO99040,140.01,C,002,5379021,8379020,C00201673,??????????,4001111005,Moshi Potato Chips Spicy 38g (1x10x12pcs),10,pcs,0.39,WH-MDY01,00220251204104223197
00120251204055355003,12/5/2025,MGLD SHOP-11,VO99061,170.32,C,001,5379013,8379012,C00106288,??????????,4001111005,Moshi Potato Chips Spicy 38g (1x10x12pcs),10,pcs,0.39,DC-YGN01,00120251204104056110
00120251204055425190,12/5/2025,S.DGN/SEIKKAN SHOP-26,VO99060,84.41,C,001,5379052,8379051,C00103363,??????????,4001111005,Moshi Potato Chips Spicy 38g (1x10x12pcs),10,pcs,0.39,DC-YGN01,00120251204105037030
00220251204030447237,12/5/2025,INV(24),VO99017,270.54,C,002,5379058,8379057,C00201258,?????????,4001111005,Moshi Potato Chips Spicy 38g (1x10x12pcs),10,pcs,0.39,WH-MDY01,00220251204105140963
00120251204055411300,12/5/2025,INS                  Inv;41,VO99039,207.42,C,001,5379047,8379046,C00130585,????,4001111005,Moshi Potato Chips Spicy 38g (1x10x12pcs),10,pcs,0.39,DC-YGN01,00120251204105026937
00120251204055355003,12/5/2025,MGLD SHOP-11,VO99061,170.32,C,001,5379035,8379034,C00102556,?????,4001111005,Moshi Potato Chips Spicy 38g (1x10x12pcs),20,pcs,0.78,DC-YGN01,00120251204104721960
00120251204055218913,12/5/2025,MGLTN/Tamwe                       Inv;23,VO99005,106.64,C,001,5379031,8379030,C00103347,????????,4001111005,Moshi Potato Chips Spicy 38g (1x10x12pcs),10,pcs,0.39,DC-YGN01,00120251204104716037
00620251204032832147,12/5/2025,V54(1),VO99054,31.89,C,006,5379090,8379089,C00600383,??????,4001111005,Moshi Potato Chips Spicy 38g (1x10x12pcs),20,pcs,0.78,WH-TGI02,00620251204105737463
01820251204030452237,12/5/2025,Down Town Invo-10 SML,VO99068,50.09,C,018,5379091,8379090,C01800346,????,4001111005,Moshi Potato Chips Spicy 38g (1x10x12pcs),10,pcs,0.39,WH-TGU01,01820251204105739653
00120251204055218913,12/5/2025,MGLTN/Tamwe                       Inv;23,VO99005,106.64,C,001,5379105,8379104,C00124959,????????????,4001111005,Moshi Potato Chips Spicy 38g (1x10x12pcs),30,pcs,1.17,DC-YGN01,00120251204110023893
01120251204025619813,12/5/2025,"TKS,PHM,Inv-15",VO99071,50.42,C,011,5379107,8379106,C01100480,???????????(?????),4001111005,Moshi Potato Chips Spicy 38g (1x10x12pcs),20,pcs,0.78,WH-MGW01,01120251204110041067
00120251204032000647,12/5/2025,Day To Day     INV--2,VO99033,14.25,C,001,5379108,8379107,C00104653,Day to Day,4001111005,Moshi Potato Chips Spicy 38g (1x10x12pcs),50,pcs,1.95,DC-YGN01,00120251204110055767
00220251204030542770,12/5/2025,INV(21),VO99019,74.42,C,002,5379110,8379109,C00210313,?????????,4001111005,Moshi Potato Chips Spicy 38g (1x10x12pcs),10,pcs,0.39,WH-MDY01,00220251204110126530
00120251204055303940,12/5/2025,TGG SHOP-29,VO99106,118.32,C,001,5379084,8379083,C00106077,Ko Zaw,4001111005,Moshi Potato Chips Spicy 38g (1x10x12pcs),50,pcs,1.95,DC-YGN01,00120251204105705177
00120251204055150310,12/5/2025,AL/BH/KMD/SC                         Inv;17,VO99004,207.16,C,001,5379069,8379068,C00131778,????????????,4001111005,Moshi Potato Chips Spicy 38g (1x10x12pcs),30,pcs,1.17,DC-YGN01,00120251204105344673
00120251204055218913,12/5/2025,MGLTN/Tamwe                       Inv;23,VO99005,106.64,C,001,5379053,8379052,C00124266,???????????,4001111005,Moshi Potato Chips Spicy 38g (1x10x12pcs),30,pcs,1.17,DC-YGN01,00120251204105038343
00220251204030447237,12/5/2025,INV(24),VO99017,270.54,C,002,5379061,8379060,C00207995,???????????,4001111005,Moshi Potato Chips Spicy 38g (1x10x12pcs),10,pcs,0.39,WH-MDY01,00220251204105214627
00220251204030447237,12/5/2025,INV(24),VO99017,270.54,C,002,5379063,8379062,C00212182,??????????,4001111005,Moshi Potato Chips Spicy 38g (1x10x12pcs),10,pcs,0.39,WH-MDY01,00220251204105218570
00220251204030447237,12/5/2025,INV(24),VO99017,270.54,C,002,5379062,8379061,C00211572,??????,4001111005,Moshi Potato Chips Spicy 38g (1x10x12pcs),10,pcs,0.39,WH-MDY01,00220251204105217053
00220251204030516657,12/5/2025,INV(27),VO99018,210.62,C,002,5379135,8379134,C00210372,????????????,4001111005,Moshi Potato Chips Spicy 38g (1x10x12pcs),30,pcs,1.17,WH-MDY01,00220251204110433387
00120251204055453930,12/5/2025,NDG/EDG                 Inv;19,VO99043,65.06,C,001,5379124,8379123,C00129171,????????,4001111005,Moshi Potato Chips Spicy 38g (1x10x12pcs),30,pcs,1.17,DC-YGN01,00120251204110334380
00120251204055411300,12/5/2025,INS                  Inv;41,VO99039,207.42,C,001,5379121,8379120,C00107179,???????,4001111005,Moshi Potato Chips Spicy 38g (1x10x12pcs),10,pcs,0.39,DC-YGN01,00120251204110329600
00120251204055433497,12/5/2025,TKT-PZD                  Inv;35,VO99042,125.77,C,001,5379162,8379161,C00103684,????(?????),4001111005,Moshi Potato Chips Spicy 38g (1x10x12pcs),10,pcs,0.39,DC-YGN01,00120251204111007340
00120251204055303940,12/5/2025,TGG SHOP-29,VO99106,118.32,C,001,5379150,8379149,C00145116,?????????????????,4001111005,Moshi Potato Chips Spicy 38g (1x10x12pcs),10,pcs,0.39,DC-YGN01,00120251204110650823
00220251204030447237,12/5/2025,INV(24),VO99017,270.54,C,002,5379169,8379168,C00209059,?????,4001111005,Moshi Potato Chips Spicy 38g (1x10x12pcs),10,pcs,0.39,WH-MDY01,00220251204111035563
00120251204055355003,12/5/2025,MGLD SHOP-11,VO99061,170.32,C,001,5379163,8379162,C00129329,???????,4001111005,Moshi Potato Chips Spicy 38g (1x10x12pcs),100,pcs,3.9,DC-YGN01,00120251204111008883
00120251204055333027,12/5/2025,MYG                Inv;23,VO99035,88.27,C,001,5379173,8379172,C00112859,?????????,4001111005,Moshi Potato Chips Spicy 38g (1x10x12pcs),10,pcs,0.39,DC-YGN01,00120251204111317870
00220251204030516657,12/5/2025,INV(27),VO99018,210.62,C,002,5378886,8378885,C00202485,?????,4001111005,Moshi Potato Chips Spicy 38g (1x10x12pcs),20,pcs,0.78,WH-MDY01,00220251204101001683
00120251204055433497,12/5/2025,TKT-PZD                  Inv;35,VO99042,125.77,C,001,5378881,8378880,C00130420,????????,4001111005,Moshi Potato Chips Spicy 38g (1x10x12pcs),120,pcs,4.68,DC-YGN01,00120251204100827427
00520251204025447907,12/5/2025,"MMZ ,KS Inv [ 31 ]",VO99028,156.27,C,005,5378902,8378901,C00503594,???????,4001111005,Moshi Potato Chips Spicy 38g (1x10x12pcs),20,pcs,0.78,WH-NPT01,00520251204101602197
00520251204025521037,12/5/2025,TPK Inv [ 10 ] ,VO99038,66.72,C,005,5378906,8378905,C00504700,????????????????,4001111005,Moshi Potato Chips Spicy 38g (1x10x12pcs),120,pcs,4.68,WH-NPT01,00520251204101604697
00220251204030516657,12/5/2025,INV(27),VO99018,210.62,C,002,5378907,8378906,C00207348,?????????,4001111005,Moshi Potato Chips Spicy 38g (1x10x12pcs),10,pcs,0.39,WH-MDY01,00220251204101606180
00520251204025521037,12/5/2025,TPK Inv [ 10 ] ,VO99038,66.72,C,005,5378863,8378862,C00502010,??????,4001111005,Moshi Potato Chips Spicy 38g (1x10x12pcs),120,pcs,4.68,WH-NPT01,00520251204100354463
00220251204030516657,12/5/2025,INV(27),VO99018,210.62,C,002,5378864,8378863,C00217727,MK Mini Market,4001111005,Moshi Potato Chips Spicy 38g (1x10x12pcs),20,pcs,0.78,WH-MDY01,00220251204100354120
00520251204025521037,12/5/2025,TPK Inv [ 10 ] ,VO99038,66.72,C,005,5378863,8378862,C00502010,??????,4001111005,Moshi Potato Chips Spicy 38g (1x10x12pcs),10,pcs,0.39,WH-NPT01,00520251204100354463
00520251204025521037,12/5/2025,TPK Inv [ 10 ] ,VO99038,66.72,C,005,5378851,8378850,C00504019,??????,4001111005,Moshi Potato Chips Spicy 38g (1x10x12pcs),60,pcs,2.34,WH-NPT01,00520251204100050227
00120251204055411300,12/5/2025,INS                  Inv;41,VO99039,207.42,C,001,5378841,8378840,C00100510,Ko Mg Sein,4001111005,Moshi Potato Chips Spicy 38g (1x10x12pcs),360,pcs,14.04,DC-YGN01,00120251204095859013
00220251204030542770,12/5/2025,INV(21),VO99019,74.42,C,002,5378860,8378859,C00213277,????????,4001111005,Moshi Potato Chips Spicy 38g (1x10x12pcs),20,pcs,0.78,WH-MDY01,00220251204100336993
00520251204025447907,12/5/2025,"MMZ ,KS Inv [ 31 ]",VO99028,156.27,C,005,5378812,8378811,C00500010,???????????,4001111005,Moshi Potato Chips Spicy 38g (1x10x12pcs),120,pcs,4.68,WH-NPT01,00520251204095437977
00520251204025447907,12/5/2025,"MMZ ,KS Inv [ 31 ]",VO99028,156.27,C,005,5378812,8378811,C00500010,???????????,4001111005,Moshi Potato Chips Spicy 38g (1x10x12pcs),10,pcs,0.39,WH-NPT01,00520251204095437977
00120251204055411300,12/5/2025,INS                  Inv;41,VO99039,207.42,C,001,5378822,8378821,C00113799,?????????,4001111005,Moshi Potato Chips Spicy 38g (1x10x12pcs),10,pcs,0.39,DC-YGN01,00120251204095549870
00220251204030516657,12/5/2025,INV(27),VO99018,210.62,C,002,5378829,8378828,C00214804,Oasis Mini Mart,4001111005,Moshi Potato Chips Spicy 38g (1x10x12pcs),10,pcs,0.39,WH-MDY01,00220251204095732033
00620251204025351630,12/5/2025,V54(AungPan),VO99054,69.24,C,006,5378836,8378835,C00110334,SD-YGN-Aungpan,4001111005,Moshi Potato Chips Spicy 38g (1x10x12pcs),240,pcs,9.36,WH-TGI01,00620251204095746863
00120251204055411300,12/5/2025,INS                  Inv;41,VO99039,207.42,C,001,5378841,8378840,C00100510,Ko Mg Sein,4001111005,Moshi Potato Chips Spicy 38g (1x10x12pcs),20,pcs,0.78,DC-YGN01,00120251204095859013
00120251204021916270,12/5/2025,GDWS-WH     INV--1    (To TGG),VO99033,13.69,C,001,5378802,8378801,C00109566,Gandamar Wholesales - YGN,4001111005,Moshi Potato Chips Spicy 38g (1x10x12pcs),20,pcs,0.78,DC-YGN01,00120251204095156433
00120251204022944763,12/5/2025,CPT-BYN     INV--2,VO99012,3.17,C,001,5378740,8378739,C00140630,Capital - Bo Yar Nyunt,4001111005,Moshi Potato Chips Spicy 38g (1x10x12pcs),20,pcs,0.78,DC-YGN01,00120251204093601100
00420251204041020073,12/5/2025,VO99023   inv:  19,VO99023,192.56,C,004,5378759,8378758,C00400938,?????,4001111005,Moshi Potato Chips Spicy 38g (1x10x12pcs),120,pcs,4.68,WH-MLM01,00420251204094224250
00420251204041020073,12/5/2025,VO99023   inv:  19,VO99023,192.56,C,004,5378759,8378758,C00400938,?????,4001111005,Moshi Potato Chips Spicy 38g (1x10x12pcs),10,pcs,0.39,WH-MLM01,00420251204094224250
00520251204025447907,12/5/2025,"MMZ ,KS Inv [ 31 ]",VO99028,156.27,C,005,5378760,8378759,C00500003,???????????,4001111005,Moshi Potato Chips Spicy 38g (1x10x12pcs),10,pcs,0.39,WH-NPT01,00520251204094226370
00120251204021038583,12/5/2025,CPT-HTY2     INV--1,VO99010,5.01,C,001,5378689,8378688,C00145003,Capital-HTY(2),4001111005,Moshi Potato Chips Spicy 38g (1x10x12pcs),30,pcs,1.17,DC-YGN01,00120251204091843807
00120251204055411300,12/5/2025,INS                  Inv;41,VO99039,207.42,C,001,5378712,8378711,C00127087,???????????(????????????),4001111005,Moshi Potato Chips Spicy 38g (1x10x12pcs),20,pcs,0.78,DC-YGN01,00120251204092447720
00120251204022449160,12/5/2025,CPT-TKT     INV--2,VO99008,37.1,C,001,5378719,8378718,C00102574,Capital - TKT,4001111005,Moshi Potato Chips Spicy 38g (1x10x12pcs),100,pcs,3.9,DC-YGN01,00120251204092648807
00220251204030608007,12/5/2025,INV(19),VO99040,140.01,C,002,5378720,8378719,C00208046,????,4001111005,Moshi Potato Chips Spicy 38g (1x10x12pcs),20,pcs,0.78,WH-MDY01,00220251204092716233
00120251204055331843,12/5/2025,HTY SHOP-40,VO99063,172.61,C,001,5378714,8378713,C00140506,??????,4001111005,Moshi Potato Chips Spicy 38g (1x10x12pcs),10,pcs,0.39,DC-YGN01,00120251204092500697
01120251204025619813,12/5/2025,"TKS,PHM,Inv-15",VO99071,50.42,C,011,5377645,8377644,C01100023,????????????,4001111005,Moshi Potato Chips Spicy 38g (1x10x12pcs),10,pcs,0.39,WH-MGW01,01120251203095338190
00120251204055520713,12/5/2025,NOKL SHOP-44,VO99045,173.34,C,001,5378630,8378629,C00140253,BA ?????,4001111005,Moshi Potato Chips Spicy 38g (1x10x12pcs),10,pcs,0.39,DC-YGN01,00120251203105811173
00220251204030516657,12/5/2025,INV(27),VO99018,210.62,C,002,5378641,8378640,C00208092,???????,4001111005,Moshi Potato Chips Spicy 38g (1x10x12pcs),70,pcs,2.73,WH-MDY01,00220251204085846580
00120251204055312437,12/5/2025,HL/KMY                  Inv;21,VO99032,71.52,C,001,5378667,8378666,C00140677,????????,4001111005,Moshi Potato Chips Spicy 38g (1x10x12pcs),10,pcs,0.39,DC-YGN01,00120251204091238773
00120251204055411300,12/5/2025,INS                  Inv;41,VO99039,207.42,C,001,5378666,8378665,C00107974,?????????,4001111005,Moshi Potato Chips Spicy 38g (1x10x12pcs),10,pcs,0.39,DC-YGN01,00120251204091236520
00120251204052410797,12/5/2025,CPT-Exp SC     INV--2,VO99113,5.67,C,001,5378651,8378650,C00802251,Capital Express SC,4001111005,Moshi Potato Chips Spicy 38g (1x10x12pcs),20,pcs,0.78,DC-YGN01,00120251204090320817
00120251204021024050,12/5/2025,SGH-HTY     INV--1,VO99010,8.18,C,001,5378647,8378646,C00127887,Sein Gay Har - HTY,4001111005,Moshi Potato Chips Spicy 38g (1x10x12pcs),10,pcs,0.39,DC-YGN01,00120251204090142110
00120251204055433497,12/5/2025,TKT-PZD                  Inv;35,VO99042,125.77,C,001,5379557,8379556,C00145062,?????????,4001111005,Moshi Potato Chips Spicy 38g (1x10x12pcs),20,pcs,0.78,DC-YGN01,00120251204022347223
00120251204055433497,12/5/2025,TKT-PZD                  Inv;35,VO99042,125.77,C,001,5379556,8379555,C00102233,Ko Mg Win,4001111005,Moshi Potato Chips Spicy 38g (1x10x12pcs),20,pcs,0.78,DC-YGN01,00120251204022346263
00220251204030516657,12/5/2025,INV(27),VO99018,210.62,C,002,5379625,8379624,C00206209,?????????,4001111005,Moshi Potato Chips Spicy 38g (1x10x12pcs),10,pcs,0.39,WH-MDY01,00220251204024450983
00220251204030516657,12/5/2025,INV(27),VO99018,210.62,C,002,5379624,8379623,C00216867,?????,4001111005,Moshi Potato Chips Spicy 38g (1x10x12pcs),40,pcs,1.56,WH-MDY01,00220251204024449777
00220251204030608007,12/5/2025,INV(19),VO99040,140.01,C,002,5379613,8379612,C00211477,??????????,4001111005,Moshi Potato Chips Spicy 38g (1x10x12pcs),10,pcs,0.39,WH-MDY01,00220251204024435470
00120251204055252693,12/5/2025,LT/PBD/LMD                 Inv;22,VO99012,81.7,C,001,5379641,8379640,C00140254,?????,4001111005,Moshi Potato Chips Spicy 38g (1x10x12pcs),120,pcs,4.68,DC-YGN01,00120251204024832360
00120251204055252693,12/5/2025,LT/PBD/LMD                 Inv;22,VO99012,81.7,C,001,5379641,8379640,C00140254,?????,4001111005,Moshi Potato Chips Spicy 38g (1x10x12pcs),10,pcs,0.39,DC-YGN01,00120251204024832360
00120251204055252693,12/5/2025,LT/PBD/LMD                 Inv;22,VO99012,81.7,C,001,5379646,8379645,C00113685,?????????,4001111005,Moshi Potato Chips Spicy 38g (1x10x12pcs),20,pcs,0.78,DC-YGN01,00120251204025138580
00120251204055252693,12/5/2025,LT/PBD/LMD                 Inv;22,VO99012,81.7,C,001,5379646,8379645,C00113685,?????????,4001111005,Moshi Potato Chips Spicy 38g (1x10x12pcs),240,pcs,9.36,DC-YGN01,00120251204025138580
00120251204055453930,12/5/2025,NDG/EDG                 Inv;19,VO99043,65.06,C,001,5379662,8379661,C00102992,????????????,4001111005,Moshi Potato Chips Spicy 38g (1x10x12pcs),10,pcs,0.39,DC-YGN01,00120251204030109413
00120251204055333027,12/5/2025,MYG                Inv;23,VO99035,88.27,C,001,5379655,8379654,C00153066,?????,4001111005,Moshi Potato Chips Spicy 38g (1x10x12pcs),10,pcs,0.39,DC-YGN01,00120251204025445713
00220251204030542770,12/5/2025,INV(21),VO99019,74.42,C,002,5379652,8379651,C00208599,??????????,4001111005,Moshi Potato Chips Spicy 38g (1x10x12pcs),20,pcs,0.78,WH-MDY01,00220251204025358920
00120251204055425190,12/5/2025,S.DGN/SEIKKAN SHOP-26,VO99060,84.41,C,001,5379686,8379685,C00128312,???????????,4001111005,Moshi Potato Chips Spicy 38g (1x10x12pcs),20,pcs,0.78,DC-YGN01,00120251204031636800
00120251204055425190,12/5/2025,S.DGN/SEIKKAN SHOP-26,VO99060,84.41,C,001,5379678,8379677,C00107323,??????????,4001111005,Moshi Potato Chips Spicy 38g (1x10x12pcs),90,pcs,3.51,DC-YGN01,00120251204031018367
00120251204055425190,12/5/2025,S.DGN/SEIKKAN SHOP-26,VO99060,84.41,C,001,5379678,8379677,C00107323,??????????,4001111005,Moshi Potato Chips Spicy 38g (1x10x12pcs),10,pcs,0.39,DC-YGN01,00120251204031018367
00120251204055333027,12/5/2025,MYG                Inv;23,VO99035,88.27,C,001,5379668,8379667,C00144400,???,4001111005,Moshi Potato Chips Spicy 38g (1x10x12pcs),20,pcs,0.78,DC-YGN01,00120251204030713887
00120251204055234630,12/5/2025,TLN/KT SHOP-11,VO99113,43.87,C,001,5379682,8379681,C00802099,?????????????,4001111005,Moshi Potato Chips Spicy 38g (1x10x12pcs),20,pcs,0.78,DC-YGN01,00120251204031329167
01620251204041102773,12/5/2025,"Inv-14, Bago, WAW",VO99083,207.85,C,016,5379707,8379706,C01603670,????????,4001111005,Moshi Potato Chips Spicy 38g (1x10x12pcs),10,pcs,0.39,WH-BGO99,01620251204033005610
00720251204041153110,12/5/2025,inv 16,VO99052,117.9,C,007,5379709,8379708,C00702852,????????,4001111005,Moshi Potato Chips Spicy 38g (1x10x12pcs),10,pcs,0.39,WH-PTN01,00720251204033307690
00120251204055234630,12/5/2025,TLN/KT SHOP-11,VO99113,43.87,C,001,5379713,8379712,C00800920,????????,4001111005,Moshi Potato Chips Spicy 38g (1x10x12pcs),10,pcs,0.39,DC-YGN01,00120251204033503643
00720251204041153110,12/5/2025,inv 16,VO99052,117.9,C,007,5379720,8379719,C00702811,Mayor(??????????? ?????),4001111005,Moshi Potato Chips Spicy 38g (1x10x12pcs),10,pcs,0.39,WH-PTN01,00720251204034209727
00220251204030419380,12/5/2025,INV(12),VO99016,49.15,C,002,5379473,8379472,C00212196,??????????????????,4001111005,Moshi Potato Chips Spicy 38g (1x10x12pcs),20,pcs,0.78,WH-MDY01,00220251204013209490
00120251204055411300,12/5/2025,INS                  Inv;41,VO99039,207.42,C,001,5379476,8379475,C00100476,????????????,4001111005,Moshi Potato Chips Spicy 38g (1x10x12pcs),240,pcs,9.36,DC-YGN01,00120251204013506653
00120251204055411300,12/5/2025,INS                  Inv;41,VO99039,207.42,C,001,5379476,8379475,C00100476,????????????,4001111005,Moshi Potato Chips Spicy 38g (1x10x12pcs),20,pcs,0.78,DC-YGN01,00120251204013506653
00120251204031614733,12/5/2025,CPT-CRDC     INV--1     (To NPT WH),VO99008,6.34,C,001,5379465,8379464,C00149913,Capital CRDC WH,4001111005,Moshi Potato Chips Spicy 38g (1x10x12pcs),30,pcs,1.17,DC-YGN01,00120251204012803710
00120251204055303940,12/5/2025,TGG SHOP-29,VO99106,118.32,C,001,5379457,8379456,C00134261,????????????,4001111005,Moshi Potato Chips Spicy 38g (1x10x12pcs),10,pcs,0.39,DC-YGN01,00120251204011050333
00220251204030419380,12/5/2025,INV(12),VO99016,49.15,C,002,5379540,8379539,C00201174,??????????????,4001111005,Moshi Potato Chips Spicy 38g (1x10x12pcs),10,pcs,0.39,WH-MDY01,00220251204021729697
01620251204035823093,12/5/2025,"Inv-18, Bago, Thatnatpin, Minywar",VO99082,101.93,C,016,5379546,8379545,C01603842,?????????????,4001111005,Moshi Potato Chips Spicy 38g (1x10x12pcs),30,pcs,1.17,WH-BGO99,01620251204021744437
00120251204055312437,12/5/2025,HL/KMY                  Inv;21,VO99032,71.52,C,001,5379527,8379526,C00132440,????????,4001111005,Moshi Potato Chips Spicy 38g (1x10x12pcs),10,pcs,0.39,DC-YGN01,00120251204021135987
00120251204055425190,12/5/2025,S.DGN/SEIKKAN SHOP-26,VO99060,84.41,C,001,5379526,8379525,C00128300,????????????,4001111005,Moshi Potato Chips Spicy 38g (1x10x12pcs),60,pcs,2.34,DC-YGN01,00120251204021134850
00120251204055425190,12/5/2025,S.DGN/SEIKKAN SHOP-26,VO99060,84.41,C,001,5379526,8379525,C00128300,????????????,4001111005,Moshi Potato Chips Spicy 38g (1x10x12pcs),10,pcs,0.39,DC-YGN01,00120251204021134850
00120251204055333027,12/5/2025,MYG                Inv;23,VO99035,88.27,C,001,5379525,8379524,C00144371,??????????(?),4001111005,Moshi Potato Chips Spicy 38g (1x10x12pcs),20,pcs,0.78,DC-YGN01,00120251204021133837
00520251204025447907,12/5/2025,"MMZ ,KS Inv [ 31 ]",VO99028,156.27,C,005,5379495,8379494,C00501675,??????????,4001111005,Moshi Potato Chips Spicy 38g (1x10x12pcs),120,pcs,4.68,WH-NPT01,00520251204014424150
00220251204030542770,12/5/2025,INV(21),VO99019,74.42,C,002,5379518,8379517,C00214771,?????????? (?),4001111005,Moshi Potato Chips Spicy 38g (1x10x12pcs),30,pcs,1.17,WH-MDY01,00220251204020521433
00120251204055303940,12/5/2025,TGG SHOP-29,VO99106,118.32,C,001,5379516,8379515,C00145228,?????????,4001111005,Moshi Potato Chips Spicy 38g (1x10x12pcs),10,pcs,0.39,DC-YGN01,00120251204020227627
00120251204055411300,12/5/2025,INS                  Inv;41,VO99039,207.42,C,001,5379503,8379502,C00103811,??????????????,4001111005,Moshi Potato Chips Spicy 38g (1x10x12pcs),10,pcs,0.39,DC-YGN01,00120251204015019397
00120251204055303940,12/5/2025,TGG SHOP-29,VO99106,118.32,C,001,5379501,8379500,C00140339,??????????,4001111005,Moshi Potato Chips Spicy 38g (1x10x12pcs),90,pcs,3.51,DC-YGN01,00120251204014718250
00120251204055303940,12/5/2025,TGG SHOP-29,VO99106,118.32,C,001,5379501,8379500,C00140339,??????????,4001111005,Moshi Potato Chips Spicy 38g (1x10x12pcs),10,pcs,0.39,DC-YGN01,00120251204014718250
01620251204035823093,12/5/2025,"Inv-18, Bago, Thatnatpin, Minywar",VO99082,101.93,C,016,5379512,8379511,C01603856,?????,4001111005,Moshi Potato Chips Spicy 38g (1x10x12pcs),10,pcs,0.39,WH-BGO99,01620251204015932680
00220251204030516657,12/5/2025,INV(27),VO99018,210.62,C,002,5379500,8379499,C00204639,??????????,4001111005,Moshi Potato Chips Spicy 38g (1x10x12pcs),20,pcs,0.78,WH-MDY01,00220251204014716270
00120251204055355003,12/5/2025,MGLD SHOP-11,VO99061,170.32,C,001,5379236,8379235,C00128507,???????,4001111005,Moshi Potato Chips Spicy 38g (1x10x12pcs),20,pcs,0.78,DC-YGN01,00120251204112905917
00120251204055350787,12/5/2025,SPT                 Inv;24,VO99037,152.53,C,001,5379222,8379221,C00152718,????????,4001111005,Moshi Potato Chips Spicy 38g (1x10x12pcs),60,pcs,2.34,DC-YGN01,00120251204112556333
00720251204041153110,12/5/2025,inv 16,VO99052,117.9,C,007,5379214,8379213,C00700369,???????,4001111005,Moshi Potato Chips Spicy 38g (1x10x12pcs),10,pcs,0.39,WH-PTN01,00720251204112457460
01120251204025619813,12/5/2025,"TKS,PHM,Inv-15",VO99071,50.42,C,011,5379215,8379214,C01105470,??? ?????,4001111005,Moshi Potato Chips Spicy 38g (1x10x12pcs),10,pcs,0.39,WH-MGW01,01120251204112459487
00120251204055520713,12/5/2025,NOKL SHOP-44,VO99045,173.34,C,001,5379172,8379171,C00123810,??????????,4001111005,Moshi Potato Chips Spicy 38g (1x10x12pcs),10,pcs,0.39,DC-YGN01,00120251204111316460
00120251204055218913,12/5/2025,MGLTN/Tamwe                       Inv;23,VO99005,106.64,C,001,5379180,8379179,C00112875,???????,4001111005,Moshi Potato Chips Spicy 38g (1x10x12pcs),20,pcs,0.78,DC-YGN01,00120251204111328370
00120251204055331843,12/5/2025,HTY SHOP-40,VO99063,172.61,C,001,5379187,8379186,C00114349,?????????,4001111005,Moshi Potato Chips Spicy 38g (1x10x12pcs),10,pcs,0.39,DC-YGN01,00120251204111634470
00220251204030419380,12/5/2025,INV(12),VO99016,49.15,C,002,5379197,8379196,C00211403,?????????,4001111005,Moshi Potato Chips Spicy 38g (1x10x12pcs),20,pcs,0.78,WH-MDY01,00220251204111939357
00120251204055331843,12/5/2025,HTY SHOP-40,VO99063,172.61,C,001,5379191,8379190,C00132367,???????????,4001111005,Moshi Potato Chips Spicy 38g (1x10x12pcs),10,pcs,0.39,DC-YGN01,00120251204111639977
00120251204055218913,12/5/2025,MGLTN/Tamwe                       Inv;23,VO99005,106.64,C,001,5379179,8379178,C00138884,MBA,4001111005,Moshi Potato Chips Spicy 38g (1x10x12pcs),50,pcs,1.95,DC-YGN01,00120251204111327330
01120251204025619813,12/5/2025,"TKS,PHM,Inv-15",VO99071,50.42,C,011,5379201,8379200,C01102478,?????,4001111005,Moshi Potato Chips Spicy 38g (1x10x12pcs),10,pcs,0.39,WH-MGW01,01120251204112154747
01120251204025619813,12/5/2025,"TKS,PHM,Inv-15",VO99071,50.42,C,011,5379248,8379247,C01100487,????,4001111005,Moshi Potato Chips Spicy 38g (1x10x12pcs),20,pcs,0.78,WH-MGW01,01120251204113103670
00120251204055312437,12/5/2025,HL/KMY                  Inv;21,VO99032,71.52,C,001,5379256,8379255,C00139855,?????????????? ?????,4001111005,Moshi Potato Chips Spicy 38g (1x10x12pcs),20,pcs,0.78,DC-YGN01,00120251204113217290
00220251204030447237,12/5/2025,INV(24),VO99017,270.54,C,002,5379305,8379304,C00200865,????????,4001111005,Moshi Potato Chips Spicy 38g (1x10x12pcs),60,pcs,2.34,WH-MDY01,00220251204114348510
01820251204030452237,12/5/2025,Down Town Invo-10 SML,VO99068,50.09,C,018,5379308,8379307,C01800554,???????,4001111005,Moshi Potato Chips Spicy 38g (1x10x12pcs),30,pcs,1.17,WH-TGU01,01820251204114613527
00420251204041020073,12/5/2025,VO99023   inv:  19,VO99023,192.56,C,004,5379306,8379305,C00400213,?????????,4001111005,Moshi Potato Chips Spicy 38g (1x10x12pcs),90,pcs,3.51,WH-MLM01,00420251204114610813
00420251204041020073,12/5/2025,VO99023   inv:  19,VO99023,192.56,C,004,5379306,8379305,C00400213,?????????,4001111005,Moshi Potato Chips Spicy 38g (1x10x12pcs),10,pcs,0.39,WH-MLM01,00420251204114610813
00620251204032832147,12/5/2025,V54(1),VO99054,31.89,C,006,5379307,8379306,C00603660,?????????????,4001111005,Moshi Potato Chips Spicy 38g (1x10x12pcs),10,pcs,0.39,WH-TGI02,00620251204114612233
00120251204055455197,12/5/2025,"SOKL,YK SHOP-20",VO99046,139.57,C,001,5379371,8379370,C00131919,?????????????,4001111005,Moshi Potato Chips Spicy 38g (1x10x12pcs),10,pcs,0.39,DC-YGN01,00120251204121540253
00220251204030542770,12/5/2025,INV(21),VO99019,74.42,C,002,5379418,8379417,C00204542,??????????,4001111005,Moshi Potato Chips Spicy 38g (1x10x12pcs),40,pcs,1.56,WH-MDY01,00220251204123800533
00120251204055150310,12/5/2025,AL/BH/KMD/SC                         Inv;17,VO99004,207.16,C,001,5379413,8379412,C00114007,?????????????????,4001111005,Moshi Potato Chips Spicy 38g (1x10x12pcs),10,pcs,0.39,DC-YGN01,00120251204123103087
00720251204041153110,12/5/2025,inv 16,VO99052,117.9,C,007,5379414,8379413,C00701693,7 Store,4001111005,Moshi Potato Chips Spicy 38g (1x10x12pcs),10,pcs,0.39,WH-PTN01,00720251204123159737
00520251204025447907,12/5/2025,"MMZ ,KS Inv [ 31 ]",VO99028,156.27,C,005,5379409,8379408,C00501613,?????????????,4001111005,Moshi Potato Chips Spicy 38g (1x10x12pcs),10,pcs,0.39,WH-NPT01,00520251204122858547
00520251204025447907,12/5/2025,"MMZ ,KS Inv [ 31 ]",VO99028,156.27,C,005,5379407,8379406,C00501020,????????,4001111005,Moshi Potato Chips Spicy 38g (1x10x12pcs),10,pcs,0.39,WH-NPT01,00520251204122857123
00520251204025447907,12/5/2025,"MMZ ,KS Inv [ 31 ]",VO99028,156.27,C,005,5379407,8379406,C00501020,????????,4001111005,Moshi Potato Chips Spicy 38g (1x10x12pcs),120,pcs,4.68,WH-NPT01,00520251204122857123
01120251204025619813,12/5/2025,"TKS,PHM,Inv-15",VO99071,50.42,C,011,5379322,8379321,C01101250,?????????,4001111005,Moshi Potato Chips Spicy 38g (1x10x12pcs),20,pcs,0.78,WH-MGW01,01120251204115216083
00420251204040941813,12/5/2025,VO99098  inv:9,VO99098,21.13,C,004,5379328,8379327,C00404526,??????????,4001111005,Moshi Potato Chips Spicy 38g (1x10x12pcs),60,pcs,2.34,WH-MLM01,00420251204115519350
00420251204040941813,12/5/2025,VO99098  inv:9,VO99098,21.13,C,004,5379328,8379327,C00404526,??????????,4001111005,Moshi Potato Chips Spicy 38g (1x10x12pcs),10,pcs,0.39,WH-MLM01,00420251204115519350
00220251204030542770,12/5/2025,INV(21),VO99019,74.42,C,002,5379310,8379309,C00200291,?????????,4001111005,Moshi Potato Chips Spicy 38g (1x10x12pcs),20,pcs,0.78,WH-MDY01,00220251204114650000
00120251204055312437,12/5/2025,HL/KMY                  Inv;21,VO99032,71.52,C,001,5379355,8379354,C00149854,?????????,4001111005,Moshi Potato Chips Spicy 38g (1x10x12pcs),10,pcs,0.39,DC-YGN01,00120251204120922780
00120251204055355003,12/5/2025,MGLD SHOP-11,VO99061,170.32,C,001,5379353,8379352,C00105315,????????,4001111005,Moshi Potato Chips Spicy 38g (1x10x12pcs),120,pcs,4.68,DC-YGN01,00120251204120620677
00620251204032832147,12/5/2025,V54(1),VO99054,31.89,C,006,5379354,8379353,C00600413,????,4001111005,Moshi Potato Chips Spicy 38g (1x10x12pcs),120,pcs,4.68,WH-TGI02,00620251204120736327
00620251204032832147,12/5/2025,V54(1),VO99054,31.89,C,006,5379354,8379353,C00600413,????,4001111005,Moshi Potato Chips Spicy 38g (1x10x12pcs),10,pcs,0.39,WH-TGI02,00620251204120736327
00120251204055150310,12/5/2025,AL/BH/KMD/SC                         Inv;17,VO99004,207.16,C,001,5379361,8379360,C00101744,????? (???????),4001111005,Moshi Potato Chips Spicy 38g (1x10x12pcs),10,pcs,0.39,DC-YGN01,00120251204121226277
00120251204032000647,12/5/2025,Day To Day     INV--2,VO99033,14.25,C,001,5379136,8379135,C00104653,Day to Day,4201111004,Phwer Htwe Pickled Tea Spicy 35g 5s on pack (5x60packs),10,pack,2.333333,DC-YGN01,00120251204110434287
00120251204021603843,12/5/2025,CM-PLMGD     INV--4,VO99003,49.38,C,001,5379106,8379105,C00150224,City Mart - PLMGD,4201111004,Phwer Htwe Pickled Tea Spicy 35g 5s on pack (5x60packs),11,pack,2.566667,DC-YGN01,00120251204110036800
00120251204023317740,12/5/2025,MTS-TGG     INV--1,VO99106,12.83,C,001,5378768,8378767,C00111943,Mi Thar Su - TGG,4201111005,Phwer Htwe Pickled Tea with Fried Bean Spicy 90g (1x5packsx16),6,pcs,0.615,DC-YGN01,00120251204094515000
00120251204023317740,12/5/2025,MTS-TGG     INV--1,VO99106,12.83,C,001,5378768,8378767,C00111943,Mi Thar Su - TGG,4201111007,Phwer Htwe Pickled Tea Spicy 30g (1x30 Streamer),6,streamer,1.9,DC-YGN01,00120251204094515000
00120251204055411300,12/5/2025,INS                  Inv;41,VO99039,207.42,C,001,5378764,8378763,C00126598,??????????????,4201111007,Phwer Htwe Pickled Tea Spicy 30g (1x30 Streamer),2,streamer,0.633333,DC-YGN01,00120251204094331670
00520251204025447907,12/5/2025,"MMZ ,KS Inv [ 31 ]",VO99028,156.27,C,005,5378760,8378759,C00500003,???????????,4201111007,Phwer Htwe Pickled Tea Spicy 30g (1x30 Streamer),3,streamer,0.95,WH-NPT01,00520251204094226370
00120251204055331843,12/5/2025,HTY SHOP-40,VO99063,172.61,C,001,5378746,8378745,C00133368,??????,4201111007,Phwer Htwe Pickled Tea Spicy 30g (1x30 Streamer),30,streamer,9.5,DC-YGN01,00120251204093717180
00120251204055312437,12/5/2025,HL/KMY                  Inv;21,VO99032,71.52,C,001,5378713,8378712,C00131628,Seven Store,4201111007,Phwer Htwe Pickled Tea Spicy 30g (1x30 Streamer),5,streamer,1.583333,DC-YGN01,00120251204092459250
00220251204030608007,12/5/2025,INV(19),VO99040,140.01,C,002,5378720,8378719,C00208046,????,4201111007,Phwer Htwe Pickled Tea Spicy 30g (1x30 Streamer),3,streamer,0.95,WH-MDY01,00220251204092716233
00120251204055520713,12/5/2025,NOKL SHOP-44,VO99045,173.34,C,001,5378729,8378728,C00103739,??????????,4201111007,Phwer Htwe Pickled Tea Spicy 30g (1x30 Streamer),30,streamer,9.5,DC-YGN01,00120251204093107417
00120251204055411300,12/5/2025,INS                  Inv;41,VO99039,207.42,C,001,5378712,8378711,C00127087,???????????(????????????),4201111007,Phwer Htwe Pickled Tea Spicy 30g (1x30 Streamer),30,streamer,9.5,DC-YGN01,00120251204092447720
00120251204055331843,12/5/2025,HTY SHOP-40,VO99063,172.61,C,001,5378688,8378687,C00145234,?????????,4201111007,Phwer Htwe Pickled Tea Spicy 30g (1x30 Streamer),3,streamer,0.95,DC-YGN01,00120251204091844377
00520251204025521037,12/5/2025,TPK Inv [ 10 ] ,VO99038,66.72,C,005,5378652,8378651,C00500667,??????????,4201111007,Phwer Htwe Pickled Tea Spicy 30g (1x30 Streamer),30,streamer,9.5,WH-NPT01,00520251203111406963
00120251204055411300,12/5/2025,INS                  Inv;41,VO99039,207.42,C,001,5378666,8378665,C00107974,?????????,4201111007,Phwer Htwe Pickled Tea Spicy 30g (1x30 Streamer),5,streamer,1.583333,DC-YGN01,00120251204091236520
00220251204030447237,12/5/2025,INV(24),VO99017,270.54,C,002,5378659,8378658,C00211688,???????,4201111007,Phwer Htwe Pickled Tea Spicy 30g (1x30 Streamer),300,streamer,95,WH-MDY01,00220251204090804733
00220251204030447237,12/5/2025,INV(24),VO99017,270.54,C,002,5378659,8378658,C00211688,???????,4201111007,Phwer Htwe Pickled Tea Spicy 30g (1x30 Streamer),12,streamer,3.8,WH-MDY01,00220251204090804733
00220251204030447237,12/5/2025,INV(24),VO99017,270.54,C,002,5378660,8378659,C00204193,???????,4201111007,Phwer Htwe Pickled Tea Spicy 30g (1x30 Streamer),150,streamer,47.5,WH-MDY01,00220251204090826863
00220251204030447237,12/5/2025,INV(24),VO99017,270.54,C,002,5378660,8378659,C00204193,???????,4201111007,Phwer Htwe Pickled Tea Spicy 30g (1x30 Streamer),5,streamer,1.583333,WH-MDY01,00220251204090826863
00120251204055331843,12/5/2025,HTY SHOP-40,VO99063,172.61,C,001,5378668,8378667,C00125922,?????,4201111007,Phwer Htwe Pickled Tea Spicy 30g (1x30 Streamer),30,streamer,9.5,DC-YGN01,00120251204091240043
00220251204030516657,12/5/2025,INV(27),VO99018,210.62,C,002,5378641,8378640,C00208092,???????,4201111007,Phwer Htwe Pickled Tea Spicy 30g (1x30 Streamer),30,streamer,9.5,WH-MDY01,00220251204085846580
00120251204055520713,12/5/2025,NOKL SHOP-44,VO99045,173.34,C,001,5378632,8378631,C00152006,????????????,4201111007,Phwer Htwe Pickled Tea Spicy 30g (1x30 Streamer),2,streamer,0.633333,DC-YGN01,00120251203110437780
00120251204055331843,12/5/2025,HTY SHOP-40,VO99063,172.61,C,001,5378642,8378641,C00125918,????????????,4201111007,Phwer Htwe Pickled Tea Spicy 30g (1x30 Streamer),3,streamer,0.95,DC-YGN01,00120251204085922700
00120251204055520713,12/5/2025,NOKL SHOP-44,VO99045,173.34,C,001,5378630,8378629,C00140253,BA ?????,4201111007,Phwer Htwe Pickled Tea Spicy 30g (1x30 Streamer),2,streamer,0.633333,DC-YGN01,00120251203105811173
00120251204055520713,12/5/2025,NOKL SHOP-44,VO99045,173.34,C,001,5378631,8378630,C00145495,??????????,4201111007,Phwer Htwe Pickled Tea Spicy 30g (1x30 Streamer),5,streamer,1.583333,DC-YGN01,00120251203105834180
00220251204030608007,12/5/2025,INV(19),VO99040,140.01,C,002,5378627,8378626,C00211700,????????????,4201111007,Phwer Htwe Pickled Tea Spicy 30g (1x30 Streamer),30,streamer,9.5,WH-MDY01,00220251203060432307
00220251204030542770,12/5/2025,INV(21),VO99019,74.42,C,002,5378619,8378618,C00201176,?????????,4201111007,Phwer Htwe Pickled Tea Spicy 30g (1x30 Streamer),1,streamer,0.316667,WH-MDY01,00220251203044030000
01120251204025619813,12/5/2025,"TKS,PHM,Inv-15",VO99071,50.42,C,011,5378219,8378218,C01100183,KK ???????,4201111007,Phwer Htwe Pickled Tea Spicy 30g (1x30 Streamer),30,streamer,9.5,WH-MGW01,01120251203014541870
01120251204025619813,12/5/2025,"TKS,PHM,Inv-15",VO99071,50.42,C,011,5377645,8377644,C01100023,????????????,4201111007,Phwer Htwe Pickled Tea Spicy 30g (1x30 Streamer),5,streamer,1.583333,WH-MGW01,01120251203095338190
00220251204030516657,12/5/2025,INV(27),VO99018,210.62,C,002,5378343,8378342,C00203458,???????????,4201111007,Phwer Htwe Pickled Tea Spicy 30g (1x30 Streamer),10,streamer,3.166667,WH-MDY01,00220251203020614863
00220251204030447237,12/5/2025,INV(24),VO99017,270.54,C,002,5378256,8378255,C00201586,?????,4201111007,Phwer Htwe Pickled Tea Spicy 30g (1x30 Streamer),150,streamer,47.5,WH-MDY01,00220251203020146550
00220251204030447237,12/5/2025,INV(24),VO99017,270.54,C,002,5378256,8378255,C00201586,?????,4201111007,Phwer Htwe Pickled Tea Spicy 30g (1x30 Streamer),5,streamer,1.583333,WH-MDY01,00220251203020146550
00220251204030542770,12/5/2025,INV(21),VO99019,74.42,C,002,5378779,8378778,C00212239,??????????,4201111007,Phwer Htwe Pickled Tea Spicy 30g (1x30 Streamer),5,streamer,1.583333,WH-MDY01,00220251204094828150
00120251204055411300,12/5/2025,INS                  Inv;41,VO99039,207.42,C,001,5378842,8378841,C00145455,???????????(???????????),4201111007,Phwer Htwe Pickled Tea Spicy 30g (1x30 Streamer),90,streamer,28.5,DC-YGN01,00120251204095900383
00120251204055411300,12/5/2025,INS                  Inv;41,VO99039,207.42,C,001,5378842,8378841,C00145455,???????????(???????????),4201111007,Phwer Htwe Pickled Tea Spicy 30g (1x30 Streamer),2,streamer,0.633333,DC-YGN01,00120251204095900383
00120251204055411300,12/5/2025,INS                  Inv;41,VO99039,207.42,C,001,5378822,8378821,C00113799,?????????,4201111007,Phwer Htwe Pickled Tea Spicy 30g (1x30 Streamer),2,streamer,0.633333,DC-YGN01,00120251204095549870
00120251204055218913,12/5/2025,MGLTN/Tamwe                       Inv;23,VO99005,106.64,C,001,5378853,8378852,C00137840,?????????????,4201111007,Phwer Htwe Pickled Tea Spicy 30g (1x30 Streamer),3,streamer,0.95,DC-YGN01,00120251204100203610
00120251204055303940,12/5/2025,TGG SHOP-29,VO99106,118.32,C,001,5378868,8378867,C00139869,?????????,4201111007,Phwer Htwe Pickled Tea Spicy 30g (1x30 Streamer),1,streamer,0.316667,DC-YGN01,00120251204100518573
00120251204055218913,12/5/2025,MGLTN/Tamwe                       Inv;23,VO99005,106.64,C,001,5378877,8378876,C00127768,O Zone,4201111007,Phwer Htwe Pickled Tea Spicy 30g (1x30 Streamer),3,streamer,0.95,DC-YGN01,00120251204100822120
00220251204030447237,12/5/2025,INV(24),VO99017,270.54,C,002,5378873,8378872,C00205563,??????,4201111007,Phwer Htwe Pickled Tea Spicy 30g (1x30 Streamer),5,streamer,1.583333,WH-MDY01,00220251204100659440
00220251204030516657,12/5/2025,INV(27),VO99018,210.62,C,002,5378864,8378863,C00217727,MK Mini Market,4201111007,Phwer Htwe Pickled Tea Spicy 30g (1x30 Streamer),1,streamer,0.316667,WH-MDY01,00220251204100354120
00520251204025521037,12/5/2025,TPK Inv [ 10 ] ,VO99038,66.72,C,005,5378863,8378862,C00502010,??????,4201111007,Phwer Htwe Pickled Tea Spicy 30g (1x30 Streamer),30,streamer,9.5,WH-NPT01,00520251204100354463
00220251204030516657,12/5/2025,INV(27),VO99018,210.62,C,002,5378907,8378906,C00207348,?????????,4201111007,Phwer Htwe Pickled Tea Spicy 30g (1x30 Streamer),2,streamer,0.633333,WH-MDY01,00220251204101606180
00520251204025521037,12/5/2025,TPK Inv [ 10 ] ,VO99038,66.72,C,005,5378904,8378903,C00500603,??????????,4201111007,Phwer Htwe Pickled Tea Spicy 30g (1x30 Streamer),10,streamer,3.166667,WH-NPT01,00520251204101603350
00120251204055303940,12/5/2025,TGG SHOP-29,VO99106,118.32,C,001,5378889,8378888,C00113127,???????,4201111007,Phwer Htwe Pickled Tea Spicy 30g (1x30 Streamer),30,streamer,9.5,DC-YGN01,00120251204101131737
00120251204055355003,12/5/2025,MGLD SHOP-11,VO99061,170.32,C,001,5378920,8378919,C00140931,???? Mini Mart,4201111007,Phwer Htwe Pickled Tea Spicy 30g (1x30 Streamer),2,streamer,0.633333,DC-YGN01,00120251204101750863
00120251204055355003,12/5/2025,MGLD SHOP-11,VO99061,170.32,C,001,5379120,8379119,C00120550,???????????,4201111007,Phwer Htwe Pickled Tea Spicy 30g (1x30 Streamer),10,streamer,3.166667,DC-YGN01,00120251204110328367
00120251204055520713,12/5/2025,NOKL SHOP-44,VO99045,173.34,C,001,5379095,8379094,C00135663,Royal Mart,4201111007,Phwer Htwe Pickled Tea Spicy 30g (1x30 Streamer),1,streamer,0.316667,DC-YGN01,00120251204110011437
00620251204032832147,12/5/2025,V54(1),VO99054,31.89,C,006,5379090,8379089,C00600383,??????,4201111007,Phwer Htwe Pickled Tea Spicy 30g (1x30 Streamer),1,streamer,0.316667,WH-TGI02,00620251204105737463
00220251204030447237,12/5/2025,INV(24),VO99017,270.54,C,002,5379063,8379062,C00212182,??????????,4201111007,Phwer Htwe Pickled Tea Spicy 30g (1x30 Streamer),5,streamer,1.583333,WH-MDY01,00220251204105218570
00220251204030447237,12/5/2025,INV(24),VO99017,270.54,C,002,5379057,8379056,C00214931,????????????????????????????,4201111007,Phwer Htwe Pickled Tea Spicy 30g (1x30 Streamer),2,streamer,0.633333,WH-MDY01,00220251204105136560
00120251204115926893,12/5/2025,"Pakokku  ( INV - 1 ) , All Producrs ",VO99014,187,C,001,5379043,8379042,C00202760,SD-MDY-Pakokku,4201111007,Phwer Htwe Pickled Tea Spicy 30g (1x30 Streamer),300,streamer,95,WH-MDY01,00120251204104848533
00120251204055520713,12/5/2025,NOKL SHOP-44,VO99045,173.34,C,001,5379067,8379066,C00136366,????????,4201111007,Phwer Htwe Pickled Tea Spicy 30g (1x30 Streamer),5,streamer,1.583333,DC-YGN01,00120251204105340583
00120251204055303940,12/5/2025,TGG SHOP-29,VO99106,118.32,C,001,5379084,8379083,C00106077,Ko Zaw,4201111007,Phwer Htwe Pickled Tea Spicy 30g (1x30 Streamer),30,streamer,9.5,DC-YGN01,00120251204105705177
00220251204030608007,12/5/2025,INV(19),VO99040,140.01,C,002,5379082,8379081,C00211376,Top One,4201111007,Phwer Htwe Pickled Tea Spicy 30g (1x30 Streamer),1,streamer,0.316667,WH-MDY01,00220251204105523597
00220251204030447237,12/5/2025,INV(24),VO99017,270.54,C,002,5379134,8379133,C00215623,??????,4201111007,Phwer Htwe Pickled Tea Spicy 30g (1x30 Streamer),2,streamer,0.633333,WH-MDY01,00220251204110432563
00120251204055331843,12/5/2025,HTY SHOP-40,VO99063,172.61,C,001,5379132,8379131,C00118859,????? ???????,4201111007,Phwer Htwe Pickled Tea Spicy 30g (1x30 Streamer),10,streamer,3.166667,DC-YGN01,00120251204110345570
00120251204055453930,12/5/2025,NDG/EDG                 Inv;19,VO99043,65.06,C,001,5379124,8379123,C00129171,????????,4201111007,Phwer Htwe Pickled Tea Spicy 30g (1x30 Streamer),3,streamer,0.95,DC-YGN01,00120251204110334380
00120251204055411300,12/5/2025,INS                  Inv;41,VO99039,207.42,C,001,5379125,8379124,C00103031,???????,4201111007,Phwer Htwe Pickled Tea Spicy 30g (1x30 Streamer),30,streamer,9.5,DC-YGN01,00120251204110336080
00720251204041153110,12/5/2025,inv 16,VO99052,117.9,C,007,5379170,8379169,C00700039,?????????????,4201111007,Phwer Htwe Pickled Tea Spicy 30g (1x30 Streamer),2,streamer,0.633333,WH-PTN01,00720251204111246433
00120251204055355003,12/5/2025,MGLD SHOP-11,VO99061,170.32,C,001,5379163,8379162,C00129329,???????,4201111007,Phwer Htwe Pickled Tea Spicy 30g (1x30 Streamer),30,streamer,9.5,DC-YGN01,00120251204111008883
00120251204055433497,12/5/2025,TKT-PZD                  Inv;35,VO99042,125.77,C,001,5379165,8379164,C00101723,??????????,4201111007,Phwer Htwe Pickled Tea Spicy 30g (1x30 Streamer),3,streamer,0.95,DC-YGN01,00120251204111011287
00720251204041153110,12/5/2025,inv 16,VO99052,117.9,C,007,5379170,8379169,C00700039,?????????????,4201111007,Phwer Htwe Pickled Tea Spicy 30g (1x30 Streamer),60,streamer,19,WH-PTN01,00720251204111246433
00120251204055303940,12/5/2025,TGG SHOP-29,VO99106,118.32,C,001,5379150,8379149,C00145116,?????????????????,4201111007,Phwer Htwe Pickled Tea Spicy 30g (1x30 Streamer),2,streamer,0.633333,DC-YGN01,00120251204110650823
01820251204030452237,12/5/2025,Down Town Invo-10 SML,VO99068,50.09,C,018,5379147,8379146,C01800536,?????????,4201111007,Phwer Htwe Pickled Tea Spicy 30g (1x30 Streamer),2,streamer,0.633333,WH-TGU01,01820251204110644780
00120251204055218913,12/5/2025,MGLTN/Tamwe                       Inv;23,VO99005,106.64,C,001,5379031,8379030,C00103347,????????,4201111007,Phwer Htwe Pickled Tea Spicy 30g (1x30 Streamer),3,streamer,0.95,DC-YGN01,00120251204104716037
00120251204055355003,12/5/2025,MGLD SHOP-11,VO99061,170.32,C,001,5379035,8379034,C00102556,?????,4201111007,Phwer Htwe Pickled Tea Spicy 30g (1x30 Streamer),15,streamer,4.75,DC-YGN01,00120251204104721960
00220251204030419380,12/5/2025,INV(12),VO99016,49.15,C,002,5379041,8379040,C00207816,??????????,4201111007,Phwer Htwe Pickled Tea Spicy 30g (1x30 Streamer),5,streamer,1.583333,WH-MDY01,00220251204104826807
00220251204030447237,12/5/2025,INV(24),VO99017,270.54,C,002,5379040,8379039,C00200308,???????????????,4201111007,Phwer Htwe Pickled Tea Spicy 30g (1x30 Streamer),30,streamer,9.5,WH-MDY01,00220251204104824630
00220251204030447237,12/5/2025,INV(24),VO99017,270.54,C,002,5379058,8379057,C00201258,?????????,4201111007,Phwer Htwe Pickled Tea Spicy 30g (1x30 Streamer),2,streamer,0.633333,WH-MDY01,00220251204105140963
01820251204030452237,12/5/2025,Down Town Invo-10 SML,VO99068,50.09,C,018,5379022,8379021,C01800190,?????????????,4201111007,Phwer Htwe Pickled Tea Spicy 30g (1x30 Streamer),30,streamer,9.5,WH-TGU01,01820251204104229227
01120251204025619813,12/5/2025,"TKS,PHM,Inv-15",VO99071,50.42,C,011,5379027,8379026,C01100281,????,4201111007,Phwer Htwe Pickled Tea Spicy 30g (1x30 Streamer),5,streamer,1.583333,WH-MGW01,01120251204104530677
00220251204030447237,12/5/2025,INV(24),VO99017,270.54,C,002,5379006,8379005,C00202180,???????,4201111007,Phwer Htwe Pickled Tea Spicy 30g (1x30 Streamer),10,streamer,3.166667,WH-MDY01,00220251204103917223
00120251204055355003,12/5/2025,MGLD SHOP-11,VO99061,170.32,C,001,5379013,8379012,C00106288,??????????,4201111007,Phwer Htwe Pickled Tea Spicy 30g (1x30 Streamer),150,streamer,47.5,DC-YGN01,00120251204104056110
00120251204055355003,12/5/2025,MGLD SHOP-11,VO99061,170.32,C,001,5379013,8379012,C00106288,??????????,4201111007,Phwer Htwe Pickled Tea Spicy 30g (1x30 Streamer),5,streamer,1.583333,DC-YGN01,00120251204104056110
00120251204055355003,12/5/2025,MGLD SHOP-11,VO99061,170.32,C,001,5379009,8379008,C00132739,????????????,4201111007,Phwer Htwe Pickled Tea Spicy 30g (1x30 Streamer),90,streamer,28.5,DC-YGN01,00120251204104041470
00120251204055355003,12/5/2025,MGLD SHOP-11,VO99061,170.32,C,001,5379009,8379008,C00132739,????????????,4201111007,Phwer Htwe Pickled Tea Spicy 30g (1x30 Streamer),2,streamer,0.633333,DC-YGN01,00120251204104041470
00120251204055433497,12/5/2025,TKT-PZD                  Inv;35,VO99042,125.77,C,001,5379003,8379002,C00143656,??????????,4201111007,Phwer Htwe Pickled Tea Spicy 30g (1x30 Streamer),30,streamer,9.5,DC-YGN01,00120251204103732963
00220251204030447237,12/5/2025,INV(24),VO99017,270.54,C,002,5378933,8378932,C00205815,????????,4201111007,Phwer Htwe Pickled Tea Spicy 30g (1x30 Streamer),5,streamer,1.583333,WH-MDY01,00220251204102201993
00520251204025447907,12/5/2025,"MMZ ,KS Inv [ 31 ]",VO99028,156.27,C,005,5378940,8378939,C00500041,?????????,4201111007,Phwer Htwe Pickled Tea Spicy 30g (1x30 Streamer),1,streamer,0.316667,WH-NPT01,00520251204102211630
00520251204025447907,12/5/2025,"MMZ ,KS Inv [ 31 ]",VO99028,156.27,C,005,5378945,8378944,C00500050,????????????,4201111007,Phwer Htwe Pickled Tea Spicy 30g (1x30 Streamer),30,streamer,9.5,WH-NPT01,00520251204102514880
00120251204055331843,12/5/2025,HTY SHOP-40,VO99063,172.61,C,001,5378950,8378949,C00103196,??????????????,4201111007,Phwer Htwe Pickled Tea Spicy 30g (1x30 Streamer),30,streamer,9.5,DC-YGN01,00120251204102950563
00120251204055520713,12/5/2025,NOKL SHOP-44,VO99045,173.34,C,001,5378993,8378992,C00126492,???????,4201111007,Phwer Htwe Pickled Tea Spicy 30g (1x30 Streamer),2,streamer,0.633333,DC-YGN01,00120251204103711087
00120251204055433497,12/5/2025,TKT-PZD                  Inv;35,VO99042,125.77,C,001,5378977,8378976,C00143505,??????????,4201111007,Phwer Htwe Pickled Tea Spicy 30g (1x30 Streamer),30,streamer,9.5,DC-YGN01,00120251204103356513
00120251204055433497,12/5/2025,TKT-PZD                  Inv;35,VO99042,125.77,C,001,5378974,8378973,C00143833,????????????,4201111007,Phwer Htwe Pickled Tea Spicy 30g (1x30 Streamer),5,streamer,1.583333,DC-YGN01,00120251204103345320
00120251204055350787,12/5/2025,SPT                 Inv;24,VO99037,152.53,C,001,5378978,8378977,C00121748,?????????,4201111007,Phwer Htwe Pickled Tea Spicy 30g (1x30 Streamer),2,streamer,0.633333,DC-YGN01,00120251204103359383
00120251204055520713,12/5/2025,NOKL SHOP-44,VO99045,173.34,C,001,5378969,8378968,C00126065,??????????,4201111007,Phwer Htwe Pickled Tea Spicy 30g (1x30 Streamer),5,streamer,1.583333,DC-YGN01,00120251204103325483
00120251204055355003,12/5/2025,MGLD SHOP-11,VO99061,170.32,C,001,5378970,8378969,C00127892,??????,4201111007,Phwer Htwe Pickled Tea Spicy 30g (1x30 Streamer),15,streamer,4.75,DC-YGN01,00120251204103338077
00120251204055150310,12/5/2025,AL/BH/KMD/SC                         Inv;17,VO99004,207.16,C,001,5379361,8379360,C00101744,????? (???????),4201111007,Phwer Htwe Pickled Tea Spicy 30g (1x30 Streamer),3,streamer,0.95,DC-YGN01,00120251204121226277
00120251204055355003,12/5/2025,MGLD SHOP-11,VO99061,170.32,C,001,5379353,8379352,C00105315,????????,4201111007,Phwer Htwe Pickled Tea Spicy 30g (1x30 Streamer),90,streamer,28.5,DC-YGN01,00120251204120620677
00120251204055355003,12/5/2025,MGLD SHOP-11,VO99061,170.32,C,001,5379353,8379352,C00105315,????????,4201111007,Phwer Htwe Pickled Tea Spicy 30g (1x30 Streamer),2,streamer,0.633333,DC-YGN01,00120251204120620677
01620251204041102773,12/5/2025,"Inv-14, Bago, WAW",VO99083,207.85,C,016,5379342,8379341,C01601240,??????????,4201111007,Phwer Htwe Pickled Tea Spicy 30g (1x30 Streamer),4,streamer,1.266667,WH-BGO99,01620251204120130967
00720251204041153110,12/5/2025,inv 16,VO99052,117.9,C,007,5379347,8379346,C00700986,????????????,4201111007,Phwer Htwe Pickled Tea Spicy 30g (1x30 Streamer),90,streamer,28.5,WH-PTN01,00720251204120434140
00720251204041153110,12/5/2025,inv 16,VO99052,117.9,C,007,5379347,8379346,C00700986,????????????,4201111007,Phwer Htwe Pickled Tea Spicy 30g (1x30 Streamer),2,streamer,0.633333,WH-PTN01,00720251204120434140
00220251204030542770,12/5/2025,INV(21),VO99019,74.42,C,002,5379310,8379309,C00200291,?????????,4201111007,Phwer Htwe Pickled Tea Spicy 30g (1x30 Streamer),3,streamer,0.95,WH-MDY01,00220251204114650000
00120251204055331843,12/5/2025,HTY SHOP-40,VO99063,172.61,C,001,5379317,8379316,C00107962,??????????,4201111007,Phwer Htwe Pickled Tea Spicy 30g (1x30 Streamer),5,streamer,1.583333,DC-YGN01,00120251204114748043
01620251204035823093,12/5/2025,"Inv-18, Bago, Thatnatpin, Minywar",VO99082,101.93,C,016,5379323,8379322,C01601696,????????????,4201111007,Phwer Htwe Pickled Tea Spicy 30g (1x30 Streamer),10,streamer,3.166667,WH-BGO99,01620251204115217870
00120251204055350787,12/5/2025,SPT                 Inv;24,VO99037,152.53,C,001,5379321,8379320,C00130678,?????,4201111007,Phwer Htwe Pickled Tea Spicy 30g (1x30 Streamer),90,streamer,28.5,DC-YGN01,00120251204115055400
00120251204055350787,12/5/2025,SPT                 Inv;24,VO99037,152.53,C,001,5379321,8379320,C00130678,?????,4201111007,Phwer Htwe Pickled Tea Spicy 30g (1x30 Streamer),2,streamer,0.633333,DC-YGN01,00120251204115055400
00220251204030608007,12/5/2025,INV(19),VO99040,140.01,C,002,5379408,8379407,C00202299,????,4201111007,Phwer Htwe Pickled Tea Spicy 30g (1x30 Streamer),30,streamer,9.5,WH-MDY01,00220251204122858467
01820251204030452237,12/5/2025,Down Town Invo-10 SML,VO99068,50.09,C,018,5379401,8379400,C01800076,???????????,4201111007,Phwer Htwe Pickled Tea Spicy 30g (1x30 Streamer),30,streamer,9.5,WH-TGU01,01820251204122556120
00120251204055350787,12/5/2025,SPT                 Inv;24,VO99037,152.53,C,001,5379403,8379402,C00111300,??????????,4201111007,Phwer Htwe Pickled Tea Spicy 30g (1x30 Streamer),30,streamer,9.5,DC-YGN01,00120251204122757973
00120251204055350787,12/5/2025,SPT                 Inv;24,VO99037,152.53,C,001,5379404,8379403,C00111300,??????????,4201111007,Phwer Htwe Pickled Tea Spicy 30g (1x30 Streamer),30,streamer,9.5,DC-YGN01,00120251204122758923
00120251204055331843,12/5/2025,HTY SHOP-40,VO99063,172.61,C,001,5379402,8379401,C00145440,??????????,4201111007,Phwer Htwe Pickled Tea Spicy 30g (1x30 Streamer),1,streamer,0.316667,DC-YGN01,00120251204122756470
00520251204025447907,12/5/2025,"MMZ ,KS Inv [ 31 ]",VO99028,156.27,C,005,5379400,8379399,C00500623,Shwe Kaung Kin,4201111007,Phwer Htwe Pickled Tea Spicy 30g (1x30 Streamer),30,streamer,9.5,WH-NPT01,00520251204122554193
00120251204055520713,12/5/2025,NOKL SHOP-44,VO99045,173.34,C,001,5379410,8379409,C00129445,???????,4201111007,Phwer Htwe Pickled Tea Spicy 30g (1x30 Streamer),90,streamer,28.5,DC-YGN01,00120251204123059790
00120251204055350787,12/5/2025,SPT                 Inv;24,VO99037,152.53,C,001,5379412,8379411,C00111298,????????,4201111007,Phwer Htwe Pickled Tea Spicy 30g (1x30 Streamer),30,streamer,9.5,DC-YGN01,00120251204123101983
00120251204055331843,12/5/2025,HTY SHOP-40,VO99063,172.61,C,001,5379423,8379422,C00114656,?????????????? (?),4201111007,Phwer Htwe Pickled Tea Spicy 30g (1x30 Streamer),3,streamer,0.95,DC-YGN01,00120251204124309627
00120251204055520713,12/5/2025,NOKL SHOP-44,VO99045,173.34,C,001,5379422,8379421,C00142739,???????? ??????????,4201111007,Phwer Htwe Pickled Tea Spicy 30g (1x30 Streamer),90,streamer,28.5,DC-YGN01,00120251204124308397
00120251204055520713,12/5/2025,NOKL SHOP-44,VO99045,173.34,C,001,5379422,8379421,C00142739,???????? ??????????,4201111007,Phwer Htwe Pickled Tea Spicy 30g (1x30 Streamer),2,streamer,0.633333,DC-YGN01,00120251204124308397
00120251204055312437,12/5/2025,HL/KMY                  Inv;21,VO99032,71.52,C,001,5379365,8379364,C00111124,????????,4201111007,Phwer Htwe Pickled Tea Spicy 30g (1x30 Streamer),5,streamer,1.583333,DC-YGN01,00120251204121232690
00220251204030608007,12/5/2025,INV(19),VO99040,140.01,C,002,5379376,8379375,C00202367,????????????,4201111007,Phwer Htwe Pickled Tea Spicy 30g (1x30 Streamer),150,streamer,47.5,WH-MDY01,00220251204121653610
00220251204030608007,12/5/2025,INV(19),VO99040,140.01,C,002,5379376,8379375,C00202367,????????????,4201111007,Phwer Htwe Pickled Tea Spicy 30g (1x30 Streamer),5,streamer,1.583333,WH-MDY01,00220251204121653610
00120251204055150310,12/5/2025,AL/BH/KMD/SC                         Inv;17,VO99004,207.16,C,001,5379381,8379380,C00102542,Grace Mart,4201111007,Phwer Htwe Pickled Tea Spicy 30g (1x30 Streamer),2,streamer,0.633333,DC-YGN01,00120251204121848673
01620251204041102773,12/5/2025,"Inv-14, Bago, WAW",VO99083,207.85,C,016,5379383,8379382,C01603618,Ma Htet Htet(1),4201111007,Phwer Htwe Pickled Tea Spicy 30g (1x30 Streamer),30,streamer,9.5,WH-BGO99,01620251204121941917
00120251204055453930,12/5/2025,NDG/EDG                 Inv;19,VO99043,65.06,C,001,5379378,8379377,C00121159,?????????????,4201111007,Phwer Htwe Pickled Tea Spicy 30g (1x30 Streamer),2,streamer,0.633333,DC-YGN01,00120251204121844660
00220251204030608007,12/5/2025,INV(19),VO99040,140.01,C,002,5379390,8379389,C00200466,??????????,4201111007,Phwer Htwe Pickled Tea Spicy 30g (1x30 Streamer),10,streamer,3.166667,WH-MDY01,00220251204122257340
00620251204032832147,12/5/2025,V54(1),VO99054,31.89,C,006,5379307,8379306,C00603660,?????????????,4201111007,Phwer Htwe Pickled Tea Spicy 30g (1x30 Streamer),2,streamer,0.633333,WH-TGI02,00620251204114612233
01620251204035823093,12/5/2025,"Inv-18, Bago, Thatnatpin, Minywar",VO99082,101.93,C,016,5379309,8379308,C01600842,Ko Aung Pyae,4201111007,Phwer Htwe Pickled Tea Spicy 30g (1x30 Streamer),2,streamer,0.633333,WH-BGO99,01620251204114614730
00120251204055355003,12/5/2025,MGLD SHOP-11,VO99061,170.32,C,001,5379301,8379300,C00127664,????????????,4201111007,Phwer Htwe Pickled Tea Spicy 30g (1x30 Streamer),5,streamer,1.583333,DC-YGN01,00120251204114135443
00220251204030447237,12/5/2025,INV(24),VO99017,270.54,C,002,5379297,8379296,C00202916,?????????,4201111007,Phwer Htwe Pickled Tea Spicy 30g (1x30 Streamer),30,streamer,9.5,WH-MDY01,00220251204114046300
00220251204030419380,12/5/2025,INV(12),VO99016,49.15,C,002,5379298,8379297,C00203828,???????????,4201111007,Phwer Htwe Pickled Tea Spicy 30g (1x30 Streamer),30,streamer,9.5,WH-MDY01,00220251204114047353
00120251204055453930,12/5/2025,NDG/EDG                 Inv;19,VO99043,65.06,C,001,5379260,8379259,C00113515,???????????????,4201111007,Phwer Htwe Pickled Tea Spicy 30g (1x30 Streamer),2,streamer,0.633333,DC-YGN01,00120251204113221900
00220251204030419380,12/5/2025,INV(12),VO99016,49.15,C,002,5379252,8379251,C00207210,????????,4201111007,Phwer Htwe Pickled Tea Spicy 30g (1x30 Streamer),5,streamer,1.583333,WH-MDY01,00220251204113144123
00120251204055150310,12/5/2025,AL/BH/KMD/SC                         Inv;17,VO99004,207.16,C,001,5379241,8379240,C00104768,Spirit,4201111007,Phwer Htwe Pickled Tea Spicy 30g (1x30 Streamer),2,streamer,0.633333,DC-YGN01,00120251204112910483
00120251204055433497,12/5/2025,TKT-PZD                  Inv;35,VO99042,125.77,C,001,5379240,8379239,C00145035,Shwe Popa,4201111007,Phwer Htwe Pickled Tea Spicy 30g (1x30 Streamer),5,streamer,1.583333,DC-YGN01,00120251204112909650
00120251204055333027,12/5/2025,MYG                Inv;23,VO99035,88.27,C,001,5379207,8379206,C00142741,?????,4201111007,Phwer Htwe Pickled Tea Spicy 30g (1x30 Streamer),3,streamer,0.95,DC-YGN01,00120251204112249107
00120251204055333027,12/5/2025,MYG                Inv;23,VO99035,88.27,C,001,5379204,8379203,C00101132,?????,4201111007,Phwer Htwe Pickled Tea Spicy 30g (1x30 Streamer),3,streamer,0.95,DC-YGN01,00120251204112243750
00220251204030419380,12/5/2025,INV(12),VO99016,49.15,C,002,5379197,8379196,C00211403,?????????,4201111007,Phwer Htwe Pickled Tea Spicy 30g (1x30 Streamer),5,streamer,1.583333,WH-MDY01,00220251204111939357
00120251204055303940,12/5/2025,TGG SHOP-29,VO99106,118.32,C,001,5379175,8379174,C00134897,?????????,4201111007,Phwer Htwe Pickled Tea Spicy 30g (1x30 Streamer),5,streamer,1.583333,DC-YGN01,00120251204111321153
00120251204055331843,12/5/2025,HTY SHOP-40,VO99063,172.61,C,001,5379176,8379175,C00142267,??????????,4201111007,Phwer Htwe Pickled Tea Spicy 30g (1x30 Streamer),30,streamer,9.5,DC-YGN01,00120251204111323190
00120251204055312437,12/5/2025,HL/KMY                  Inv;21,VO99032,71.52,C,001,5379183,8379182,C00131117,????????,4201111007,Phwer Htwe Pickled Tea Spicy 30g (1x30 Streamer),1,streamer,0.316667,DC-YGN01,00120251204111630263
00120251204055331843,12/5/2025,HTY SHOP-40,VO99063,172.61,C,001,5379206,8379205,C00139202,????,4201111007,Phwer Htwe Pickled Tea Spicy 30g (1x30 Streamer),60,streamer,19,DC-YGN01,00120251204112247940
00120251204055350787,12/5/2025,SPT                 Inv;24,VO99037,152.53,C,001,5379222,8379221,C00152718,????????,4201111007,Phwer Htwe Pickled Tea Spicy 30g (1x30 Streamer),30,streamer,9.5,DC-YGN01,00120251204112556333
00120251204055350787,12/5/2025,SPT                 Inv;24,VO99037,152.53,C,001,5379223,8379222,C00131519,?????????,4201111007,Phwer Htwe Pickled Tea Spicy 30g (1x30 Streamer),30,streamer,9.5,DC-YGN01,00120251204112558150
00120251204055331843,12/5/2025,HTY SHOP-40,VO99063,172.61,C,001,5379224,8379223,C00135732,?????????????,4201111007,Phwer Htwe Pickled Tea Spicy 30g (1x30 Streamer),10,streamer,3.166667,DC-YGN01,00120251204112559390
00120251204055331843,12/5/2025,HTY SHOP-40,VO99063,172.61,C,001,5379227,8379226,C00125604,??????????????,4201111007,Phwer Htwe Pickled Tea Spicy 30g (1x30 Streamer),10,streamer,3.166667,DC-YGN01,00120251204112603490
00220251204030516657,12/5/2025,INV(27),VO99018,210.62,C,002,5379500,8379499,C00204639,??????????,4201111007,Phwer Htwe Pickled Tea Spicy 30g (1x30 Streamer),5,streamer,1.583333,WH-MDY01,00220251204014716270
01620251204041102773,12/5/2025,"Inv-14, Bago, WAW",VO99083,207.85,C,016,5379502,8379501,C01601251,Sky Waw,4201111007,Phwer Htwe Pickled Tea Spicy 30g (1x30 Streamer),5,streamer,1.583333,WH-BGO99,01620251204014727240
01620251204035823093,12/5/2025,"Inv-18, Bago, Thatnatpin, Minywar",VO99082,101.93,C,016,5379512,8379511,C01603856,?????,4201111007,Phwer Htwe Pickled Tea Spicy 30g (1x30 Streamer),1,streamer,0.316667,WH-BGO99,01620251204015932680
00220251204030516657,12/5/2025,INV(27),VO99018,210.62,C,002,5379509,8379508,C00200867,?????????,4201111007,Phwer Htwe Pickled Tea Spicy 30g (1x30 Streamer),5,streamer,1.583333,WH-MDY01,00220251204015919483
01620251204035823093,12/5/2025,"Inv-18, Bago, Thatnatpin, Minywar",VO99082,101.93,C,016,5379508,8379507,C01601751,?????,4201111007,Phwer Htwe Pickled Tea Spicy 30g (1x30 Streamer),30,streamer,9.5,WH-BGO99,01620251204015630647
01620251204035823093,12/5/2025,"Inv-18, Bago, Thatnatpin, Minywar",VO99082,101.93,C,016,5379517,8379516,C01600889,????????,4201111007,Phwer Htwe Pickled Tea Spicy 30g (1x30 Streamer),3,streamer,0.95,WH-BGO99,01620251204020234273
00120251204055411300,12/5/2025,INS                  Inv;41,VO99039,207.42,C,001,5379520,8379519,C00123139,????,4201111007,Phwer Htwe Pickled Tea Spicy 30g (1x30 Streamer),30,streamer,9.5,DC-YGN01,00120251204020830217
00120251204055312437,12/5/2025,HL/KMY                  Inv;21,VO99032,71.52,C,001,5379527,8379526,C00132440,????????,4201111007,Phwer Htwe Pickled Tea Spicy 30g (1x30 Streamer),5,streamer,1.583333,DC-YGN01,00120251204021135987
01620251204035823093,12/5/2025,"Inv-18, Bago, Thatnatpin, Minywar",VO99082,101.93,C,016,5379546,8379545,C01603842,?????????????,4201111007,Phwer Htwe Pickled Tea Spicy 30g (1x30 Streamer),2,streamer,0.633333,WH-BGO99,01620251204021744437
00120251204055425190,12/5/2025,S.DGN/SEIKKAN SHOP-26,VO99060,84.41,C,001,5379542,8379541,C00122565,????????,4201111007,Phwer Htwe Pickled Tea Spicy 30g (1x30 Streamer),30,streamer,9.5,DC-YGN01,00120251204021741470
00120251204055411300,12/5/2025,INS                  Inv;41,VO99039,207.42,C,001,5379461,8379460,C00103064,?????????,4201111007,Phwer Htwe Pickled Tea Spicy 30g (1x30 Streamer),5,streamer,1.583333,DC-YGN01,00120251204011654827
00120251204055333027,12/5/2025,MYG                Inv;23,VO99035,88.27,C,001,5379466,8379465,C00103521,Ko Thura Soe,4201111007,Phwer Htwe Pickled Tea Spicy 30g (1x30 Streamer),30,streamer,9.5,DC-YGN01,00120251204012901153
00220251204030516657,12/5/2025,INV(27),VO99018,210.62,C,002,5379481,8379480,C00216195,??????,4201111007,Phwer Htwe Pickled Tea Spicy 30g (1x30 Streamer),2,streamer,0.633333,WH-MDY01,00220251204013811307
00220251204030419380,12/5/2025,INV(12),VO99016,49.15,C,002,5379473,8379472,C00212196,??????????????????,4201111007,Phwer Htwe Pickled Tea Spicy 30g (1x30 Streamer),10,streamer,3.166667,WH-MDY01,00220251204013209490
01620251204041102773,12/5/2025,"Inv-14, Bago, WAW",VO99083,207.85,C,016,5379469,8379468,C01602111,???????,4201111007,Phwer Htwe Pickled Tea Spicy 30g (1x30 Streamer),30,streamer,9.5,WH-BGO99,01620251204012914230
00120251204055520713,12/5/2025,NOKL SHOP-44,VO99045,173.34,C,001,5379437,8379436,C00136028,?????????,4201111007,Phwer Htwe Pickled Tea Spicy 30g (1x30 Streamer),10,streamer,3.166667,DC-YGN01,00120251204125526500
01120251204025619813,12/5/2025,"TKS,PHM,Inv-15",VO99071,50.42,C,011,5379443,8379442,C01104420,????,4201111007,Phwer Htwe Pickled Tea Spicy 30g (1x30 Streamer),30,streamer,9.5,WH-MGW01,01120251204125909747
00120251204055331843,12/5/2025,HTY SHOP-40,VO99063,172.61,C,001,5379450,8379449,C00150753,?????,4201111007,Phwer Htwe Pickled Tea Spicy 30g (1x30 Streamer),5,streamer,1.583333,DC-YGN01,00120251204010739193
00120251204055425190,12/5/2025,S.DGN/SEIKKAN SHOP-26,VO99060,84.41,C,001,5379718,8379717,C00105309,?????????,4201111007,Phwer Htwe Pickled Tea Spicy 30g (1x30 Streamer),30,streamer,9.5,DC-YGN01,00120251204034110043
00120251204055234630,12/5/2025,TLN/KT SHOP-11,VO99113,43.87,C,001,5379713,8379712,C00800920,????????,4201111007,Phwer Htwe Pickled Tea Spicy 30g (1x30 Streamer),2,streamer,0.633333,DC-YGN01,00120251204033503643
00120251204055234630,12/5/2025,TLN/KT SHOP-11,VO99113,43.87,C,001,5379712,8379711,C00802085,??????????,4201111007,Phwer Htwe Pickled Tea Spicy 30g (1x30 Streamer),10,streamer,3.166667,DC-YGN01,00120251204033502360
00120251204055234630,12/5/2025,TLN/KT SHOP-11,VO99113,43.87,C,001,5379683,8379682,C00800182,?????????,4201111007,Phwer Htwe Pickled Tea Spicy 30g (1x30 Streamer),5,streamer,1.583333,DC-YGN01,00120251204031330473
00120251204055333027,12/5/2025,MYG                Inv;23,VO99035,88.27,C,001,5379708,8379707,C00142758,????????????,4201111007,Phwer Htwe Pickled Tea Spicy 30g (1x30 Streamer),2,streamer,0.633333,DC-YGN01,00120251204033200010
00120251204055234630,12/5/2025,TLN/KT SHOP-11,VO99113,43.87,C,001,5379704,8379703,C00800627,???????????,4201111007,Phwer Htwe Pickled Tea Spicy 30g (1x30 Streamer),5,streamer,1.583333,DC-YGN01,00120251204032857253
00120251204055312437,12/5/2025,HL/KMY                  Inv;21,VO99032,71.52,C,001,5379705,8379704,C00149825,??????????????,4201111007,Phwer Htwe Pickled Tea Spicy 30g (1x30 Streamer),2,streamer,0.633333,DC-YGN01,00120251204032858467
01620251204041102773,12/5/2025,"Inv-14, Bago, WAW",VO99083,207.85,C,016,5379707,8379706,C01603670,????????,4201111007,Phwer Htwe Pickled Tea Spicy 30g (1x30 Streamer),3,streamer,0.95,WH-BGO99,01620251204033005610
00120251204055234630,12/5/2025,TLN/KT SHOP-11,VO99113,43.87,C,001,5379682,8379681,C00802099,?????????????,4201111007,Phwer Htwe Pickled Tea Spicy 30g (1x30 Streamer),1,streamer,0.316667,DC-YGN01,00120251204031329167
00220251204035656017,12/5/2025,INV(3),VO99019,5.07,C,002,5379688,8379687,C00214871,Hearty Store,4201111007,Phwer Htwe Pickled Tea Spicy 30g (1x30 Streamer),3,streamer,0.95,WH-MDY01,00220251204031816820
00220251204030542770,12/5/2025,INV(21),VO99019,74.42,C,002,5379652,8379651,C00208599,??????????,4201111007,Phwer Htwe Pickled Tea Spicy 30g (1x30 Streamer),2,streamer,0.633333,WH-MDY01,00220251204025358920
00220251204030419380,12/5/2025,INV(12),VO99016,49.15,C,002,5379651,8379650,C00209656,Snow Mart,4201111007,Phwer Htwe Pickled Tea Spicy 30g (1x30 Streamer),2,streamer,0.633333,WH-MDY01,00220251204025354553
00120251204055453930,12/5/2025,NDG/EDG                 Inv;19,VO99043,65.06,C,001,5379662,8379661,C00102992,????????????,4201111007,Phwer Htwe Pickled Tea Spicy 30g (1x30 Streamer),2,streamer,0.633333,DC-YGN01,00120251204030109413
00120251204055520713,12/5/2025,NOKL SHOP-44,VO99045,173.34,C,001,5379665,8379664,C00124653,??????,4201111007,Phwer Htwe Pickled Tea Spicy 30g (1x30 Streamer),1,streamer,0.316667,DC-YGN01,00120251204030410833
00220251204030419380,12/5/2025,INV(12),VO99016,49.15,C,002,5379633,8379632,C00200336,??????? (?),4201111007,Phwer Htwe Pickled Tea Spicy 30g (1x30 Streamer),10,streamer,3.166667,WH-MDY01,00220251204024753623
00120251204055350787,12/5/2025,SPT                 Inv;24,VO99037,152.53,C,001,5379627,8379626,C00112228,Ma Nu Nu,4201111007,Phwer Htwe Pickled Tea Spicy 30g (1x30 Streamer),90,streamer,28.5,DC-YGN01,00120251204024522213
00120251204055350787,12/5/2025,SPT                 Inv;24,VO99037,152.53,C,001,5379627,8379626,C00112228,Ma Nu Nu,4201111007,Phwer Htwe Pickled Tea Spicy 30g (1x30 Streamer),2,streamer,0.633333,DC-YGN01,00120251204024522213
00120251204055350787,12/5/2025,SPT                 Inv;24,VO99037,152.53,C,001,5379597,8379596,C00121525,??????????,4201111007,Phwer Htwe Pickled Tea Spicy 30g (1x30 Streamer),10,streamer,3.166667,DC-YGN01,00120251204023911413
00220251204030516657,12/5/2025,INV(27),VO99018,210.62,C,002,5379624,8379623,C00216867,?????,4201111007,Phwer Htwe Pickled Tea Spicy 30g (1x30 Streamer),3,streamer,0.95,WH-MDY01,00220251204024449777
00220251204030542770,12/5/2025,INV(21),VO99019,74.42,C,002,5379614,8379613,C00207972,???????????,4201111007,Phwer Htwe Pickled Tea Spicy 30g (1x30 Streamer),5,streamer,1.583333,WH-MDY01,00220251204024437573
00220251204030516657,12/5/2025,INV(27),VO99018,210.62,C,002,5379615,8379614,C00216671,????,4201111007,Phwer Htwe Pickled Tea Spicy 30g (1x30 Streamer),5,streamer,1.583333,WH-MDY01,00220251204024438547
00220251204030516657,12/5/2025,INV(27),VO99018,210.62,C,002,5379616,8379615,C00216838,????????,4201111007,Phwer Htwe Pickled Tea Spicy 30g (1x30 Streamer),3,streamer,0.95,WH-MDY01,00220251204024439573
00220251204030516657,12/5/2025,INV(27),VO99018,210.62,C,002,5379617,8379616,C00206360,?????????????,4201111007,Phwer Htwe Pickled Tea Spicy 30g (1x30 Streamer),1,streamer,0.316667,WH-MDY01,00220251204024440430
00220251204030516657,12/5/2025,INV(27),VO99018,210.62,C,002,5379618,8379617,C00216883,???????,4201111007,Phwer Htwe Pickled Tea Spicy 30g (1x30 Streamer),2,streamer,0.633333,WH-MDY01,00220251204024442033
00220251204030516657,12/5/2025,INV(27),VO99018,210.62,C,002,5379620,8379619,C00211360,????????,4201111007,Phwer Htwe Pickled Tea Spicy 30g (1x30 Streamer),5,streamer,1.583333,WH-MDY01,00220251204024444007
00220251204030516657,12/5/2025,INV(27),VO99018,210.62,C,002,5379621,8379620,C00216812,?????,4201111007,Phwer Htwe Pickled Tea Spicy 30g (1x30 Streamer),30,streamer,9.5,WH-MDY01,00220251204024445103
00220251204030516657,12/5/2025,INV(27),VO99018,210.62,C,002,5379622,8379621,C00216885,??????,4201111007,Phwer Htwe Pickled Tea Spicy 30g (1x30 Streamer),5,streamer,1.583333,WH-MDY01,00220251204024446850
01620251204041102773,12/5/2025,"Inv-14, Bago, WAW",VO99083,207.85,C,016,5379559,8379558,C01601178,??????,4201111007,Phwer Htwe Pickled Tea Spicy 30g (1x30 Streamer),300,streamer,95,WH-BGO99,01620251204022348317
00120251204055350787,12/5/2025,SPT                 Inv;24,VO99037,152.53,C,001,5379558,8379557,C00151030,??????,4201111007,Phwer Htwe Pickled Tea Spicy 30g (1x30 Streamer),5,streamer,1.583333,DC-YGN01,00120251204022348253
01620251204041102773,12/5/2025,"Inv-14, Bago, WAW",VO99083,207.85,C,016,5379565,8379564,C01601212,??????????,4201111007,Phwer Htwe Pickled Tea Spicy 30g (1x30 Streamer),2,streamer,0.633333,WH-BGO99,01620251204022950617
00220251204030542770,12/5/2025,INV(21),VO99019,74.42,C,002,5379593,8379592,C00205783,??????????????,4201111007,Phwer Htwe Pickled Tea Spicy 30g (1x30 Streamer),1,streamer,0.316667,WH-MDY01,00220251204023834430
00120251204055425190,12/5/2025,S.DGN/SEIKKAN SHOP-26,VO99060,84.41,C,001,5379587,8379586,C00128309,??????????????????,4201111007,Phwer Htwe Pickled Tea Spicy 30g (1x30 Streamer),10,streamer,3.166667,DC-YGN01,00120251204023605680
00120251204055218913,12/5/2025,MGLTN/Tamwe                       Inv;23,VO99005,106.64,C,001,5379579,8379578,C00101385,????,4201111007,Phwer Htwe Pickled Tea Spicy 30g (1x30 Streamer),30,streamer,9.5,DC-YGN01,00120251204023304337
00720251204041153110,12/5/2025,inv 16,VO99052,117.9,C,007,5379726,8379725,C00700273,????????????,4201111007,Phwer Htwe Pickled Tea Spicy 30g (1x30 Streamer),1,streamer,0.316667,WH-PTN01,00720251204034812307
00220251204040217037,12/5/2025,INV(5),VO99016,119.09,C,002,5379730,8379729,C00200665,???????????,4201111007,Phwer Htwe Pickled Tea Spicy 30g (1x30 Streamer),300,streamer,95,WH-MDY01,00220251204034830113
00220251204040217037,12/5/2025,INV(5),VO99016,119.09,C,002,5379730,8379729,C00200665,???????????,4201111007,Phwer Htwe Pickled Tea Spicy 30g (1x30 Streamer),12,streamer,3.8,WH-MDY01,00220251204034830113
00120251204055520713,12/5/2025,NOKL SHOP-44,VO99045,173.34,C,001,5379735,8379734,C00125169,??????????????,4201111007,Phwer Htwe Pickled Tea Spicy 30g (1x30 Streamer),5,streamer,1.583333,DC-YGN01,00120251204035648753
00120251204055520713,12/5/2025,NOKL SHOP-44,VO99045,173.34,C,001,5379722,8379721,C00103403,???????????????,4201111007,Phwer Htwe Pickled Tea Spicy 30g (1x30 Streamer),30,streamer,9.5,DC-YGN01,00120251204034736580
00120251204055234630,12/5/2025,TLN/KT SHOP-11,VO99113,43.87,C,001,5379724,8379723,C00800552,???????????,4201111007,Phwer Htwe Pickled Tea Spicy 30g (1x30 Streamer),30,streamer,9.5,DC-YGN01,00120251204034739927
00120251204055234630,12/5/2025,TLN/KT SHOP-11,VO99113,43.87,C,001,5379732,8379731,C00801630,????????????,4201111007,Phwer Htwe Pickled Tea Spicy 30g (1x30 Streamer),5,streamer,1.583333,DC-YGN01,00120251204035345010
00720251204052110033,12/5/2025,Inv 8,VO99052,94.34,C,007,5379745,8379744,C00703019,Shine 2,4201111007,Phwer Htwe Pickled Tea Spicy 30g (1x30 Streamer),2,streamer,0.633333,WH-PTN01,00720251204042120127
00120251204010325710,12/5/2025,BGO Branch ( No . 1 ) ,WT-BGO,304.96,C,001,5379406,8379405,C00152774,BGO Branch,4201111007,Phwer Htwe Pickled Tea Spicy 30g (1x30 Streamer),450,streamer,142.5,DC-YGN01,00120251204122843807
00120251204010355800,12/5/2025,"TGI Branch - MR  ( No . 1 )  , For MR ",WT-TGI01,157.2,C,001,5379391,8379390,C00130318,TGI Branch - MR,4201111007,Phwer Htwe Pickled Tea Spicy 30g (1x30 Streamer),60,streamer,19,DC-YGN01,00120251204122422243
00120251204055234630,12/5/2025,TLN/KT SHOP-11,VO99113,43.87,C,001,5379732,8379731,C00801630,????????????,4201111009,Phwer Htwe Pickeld Tea Leaves Classic 36g (1x10x30),5,streamer,1.966667,DC-YGN01,00120251204035345010
00120251204055234630,12/5/2025,TLN/KT SHOP-11,VO99113,43.87,C,001,5379737,8379736,C00800515,???????????,4201111009,Phwer Htwe Pickeld Tea Leaves Classic 36g (1x10x30),1,streamer,0.393333,DC-YGN01,00120251204041152170
01620251204041102773,12/5/2025,"Inv-14, Bago, WAW",VO99083,207.85,C,016,5379565,8379564,C01601212,??????????,4201111009,Phwer Htwe Pickeld Tea Leaves Classic 36g (1x10x30),2,streamer,0.786667,WH-BGO99,01620251204022950617
01620251204041102773,12/5/2025,"Inv-14, Bago, WAW",VO99083,207.85,C,016,5379707,8379706,C01603670,????????,4201111009,Phwer Htwe Pickeld Tea Leaves Classic 36g (1x10x30),1,streamer,0.393333,WH-BGO99,01620251204033005610
00120251204055312437,12/5/2025,HL/KMY                  Inv;21,VO99032,71.52,C,001,5379705,8379704,C00149825,??????????????,4201111009,Phwer Htwe Pickeld Tea Leaves Classic 36g (1x10x30),10,streamer,3.933333,DC-YGN01,00120251204032858467
00220251204030419380,12/5/2025,INV(12),VO99016,49.15,C,002,5379473,8379472,C00212196,??????????????????,4201111009,Phwer Htwe Pickeld Tea Leaves Classic 36g (1x10x30),2,streamer,0.786667,WH-MDY01,00220251204013209490
01620251204035823093,12/5/2025,"Inv-18, Bago, Thatnatpin, Minywar",VO99082,101.93,C,016,5379546,8379545,C01603842,?????????????,4201111009,Phwer Htwe Pickeld Tea Leaves Classic 36g (1x10x30),1,streamer,0.393333,WH-BGO99,01620251204021744437
00120251204055312437,12/5/2025,HL/KMY                  Inv;21,VO99032,71.52,C,001,5379527,8379526,C00132440,????????,4201111009,Phwer Htwe Pickeld Tea Leaves Classic 36g (1x10x30),3,streamer,1.18,DC-YGN01,00120251204021135987
01620251204035823093,12/5/2025,"Inv-18, Bago, Thatnatpin, Minywar",VO99082,101.93,C,016,5379512,8379511,C01603856,?????,4201111009,Phwer Htwe Pickeld Tea Leaves Classic 36g (1x10x30),1,streamer,0.393333,WH-BGO99,01620251204015932680
01620251204041102773,12/5/2025,"Inv-14, Bago, WAW",VO99083,207.85,C,016,5379502,8379501,C01601251,Sky Waw,4201111009,Phwer Htwe Pickeld Tea Leaves Classic 36g (1x10x30),5,streamer,1.966667,WH-BGO99,01620251204014727240
00120251204055312437,12/5/2025,HL/KMY                  Inv;21,VO99032,71.52,C,001,5379183,8379182,C00131117,????????,4201111009,Phwer Htwe Pickeld Tea Leaves Classic 36g (1x10x30),1,streamer,0.393333,DC-YGN01,00120251204111630263
00120251204055150310,12/5/2025,AL/BH/KMD/SC                         Inv;17,VO99004,207.16,C,001,5379241,8379240,C00104768,Spirit,4201111009,Phwer Htwe Pickeld Tea Leaves Classic 36g (1x10x30),2,streamer,0.786667,DC-YGN01,00120251204112910483
00120251204055355003,12/5/2025,MGLD SHOP-11,VO99061,170.32,C,001,5379301,8379300,C00127664,????????????,4201111009,Phwer Htwe Pickeld Tea Leaves Classic 36g (1x10x30),3,streamer,1.18,DC-YGN01,00120251204114135443
01620251204041102773,12/5/2025,"Inv-14, Bago, WAW",VO99083,207.85,C,016,5379383,8379382,C01603618,Ma Htet Htet(1),4201111009,Phwer Htwe Pickeld Tea Leaves Classic 36g (1x10x30),30,streamer,11.8,WH-BGO99,01620251204121941917
00120251204055150310,12/5/2025,AL/BH/KMD/SC                         Inv;17,VO99004,207.16,C,001,5379381,8379380,C00102542,Grace Mart,4201111009,Phwer Htwe Pickeld Tea Leaves Classic 36g (1x10x30),2,streamer,0.786667,DC-YGN01,00120251204121848673
01620251204035823093,12/5/2025,"Inv-18, Bago, Thatnatpin, Minywar",VO99082,101.93,C,016,5379360,8379359,C01601258,Ta Yote Gyi,4201111009,Phwer Htwe Pickeld Tea Leaves Classic 36g (1x10x30),10,streamer,3.933333,WH-BGO99,01620251204121040410
01620251204035823093,12/5/2025,"Inv-18, Bago, Thatnatpin, Minywar",VO99082,101.93,C,016,5379323,8379322,C01601696,????????????,4201111009,Phwer Htwe Pickeld Tea Leaves Classic 36g (1x10x30),2,streamer,0.786667,WH-BGO99,01620251204115217870
00220251204030542770,12/5/2025,INV(21),VO99019,74.42,C,002,5379310,8379309,C00200291,?????????,4201111009,Phwer Htwe Pickeld Tea Leaves Classic 36g (1x10x30),2,streamer,0.786667,WH-MDY01,00220251204114650000
00120251204055520713,12/5/2025,NOKL SHOP-44,VO99045,173.34,C,001,5378993,8378992,C00126492,???????,4201111009,Phwer Htwe Pickeld Tea Leaves Classic 36g (1x10x30),1,streamer,0.393333,DC-YGN01,00120251204103711087
00220251204030447237,12/5/2025,INV(24),VO99017,270.54,C,002,5379058,8379057,C00201258,?????????,4201111009,Phwer Htwe Pickeld Tea Leaves Classic 36g (1x10x30),1,streamer,0.393333,WH-MDY01,00220251204105140963
00720251204041153110,12/5/2025,inv 16,VO99052,117.9,C,007,5379170,8379169,C00700039,?????????????,4201111009,Phwer Htwe Pickeld Tea Leaves Classic 36g (1x10x30),30,streamer,11.8,WH-PTN01,00720251204111246433
00120251204055453930,12/5/2025,NDG/EDG                 Inv;19,VO99043,65.06,C,001,5379124,8379123,C00129171,????????,4201111009,Phwer Htwe Pickeld Tea Leaves Classic 36g (1x10x30),3,streamer,1.18,DC-YGN01,00120251204110334380
00620251204032832147,12/5/2025,V54(1),VO99054,31.89,C,006,5379090,8379089,C00600383,??????,4201111009,Phwer Htwe Pickeld Tea Leaves Classic 36g (1x10x30),1,streamer,0.393333,WH-TGI02,00620251204105737463
01820251204030452237,12/5/2025,Down Town Invo-10 SML,VO99068,50.09,C,018,5379091,8379090,C01800346,????,4201111009,Phwer Htwe Pickeld Tea Leaves Classic 36g (1x10x30),2,streamer,0.786667,WH-TGU01,01820251204105739653
00120251204055303940,12/5/2025,TGG SHOP-29,VO99106,118.32,C,001,5378868,8378867,C00139869,?????????,4201111009,Phwer Htwe Pickeld Tea Leaves Classic 36g (1x10x30),2,streamer,0.786667,DC-YGN01,00120251204100518573
01620251204041102773,12/5/2025,"Inv-14, Bago, WAW",VO99083,207.85,C,016,5378624,8378623,C01603846,?????????,4201111009,Phwer Htwe Pickeld Tea Leaves Classic 36g (1x10x30),1,streamer,0.393333,WH-BGO99,01620251203113728470
00520251204025521037,12/5/2025,TPK Inv [ 10 ] ,VO99038,66.72,C,005,5378652,8378651,C00500667,??????????,4201111009,Phwer Htwe Pickeld Tea Leaves Classic 36g (1x10x30),10,streamer,3.933333,WH-NPT01,00520251203111406963
00120251204115926893,12/5/2025,"Pakokku  ( INV - 1 ) , All Producrs ",VO99014,187,C,001,5379043,8379042,C00202760,SD-MDY-Pakokku,4301111001,Nagar Pyan 3in1 Tea mix 30's 200g(1x32),32,pack,21,WH-MDY01,00120251204104848533
00120251204125303150,12/5/2025,MDY  Branch ( No . 1 ) ,WT-MDY01,1089.74,C,001,5379375,8379374,C00125994,MDY Branch,4301111001,Nagar Pyan 3in1 Tea mix 30's 200g(1x32),160,pack,105,DC-YGN01,00120251204121633380
00220251204030447237,12/5/2025,INV(24),VO99017,270.54,C,002,5378960,8378959,C00211242,???????????,4501111002,Excel Care Dish Washing Liquid Lemon 480ml  (1x24),5,pcs,2.7,WH-MDY01,00220251204103243633
00420251204040854267,12/5/2025,VO99098  ocean  ,VO99098,88.36,C,004,5378840,8378839,C00404138,Ocean - MLM,4501111003,Excel Care Dish Washing Liquid Lemon 5liter  (1x4),4,pcs,20.44,WH-MLM01,00420251204095845833
00120251204052410797,12/5/2025,CPT-Exp SC     INV--2,VO99113,5.67,C,001,5378655,8378654,C00802251,Capital Express SC,4501111005,Excel Care Dish Washing Liquid Lemon 1Liter (1x12),3,pcs,3.5975,DC-YGN01,00120251204090407377
00220251204030542770,12/5/2025,INV(21),VO99019,74.42,C,002,5378248,8378247,C00200862,????????,4501111005,Excel Care Dish Washing Liquid Lemon 1Liter (1x12),12,pcs,14.39,WH-MDY01,00220251203020128823
00220251204030542770,12/5/2025,INV(21),VO99019,74.42,C,002,5378248,8378247,C00200862,????????,4501111005,Excel Care Dish Washing Liquid Lemon 1Liter (1x12),1,pcs,1.199167,WH-MDY01,00220251203020128823
00220251204030447237,12/5/2025,INV(24),VO99017,270.54,C,002,5378905,8378904,C00206042,?????????,4501111006,Excel Care Dish Washing Liquid Lemon 2Liter with Toilet Cleaner 575ml (1x5pcs),3,pcs,7.2,WH-MDY01,00220251204101604333
00120251204055433497,12/5/2025,TKT-PZD                  Inv;35,VO99042,125.77,C,001,5379003,8379002,C00143656,??????????,4501111006,Excel Care Dish Washing Liquid Lemon 2Liter with Toilet Cleaner 575ml (1x5pcs),2,pcs,4.8,DC-YGN01,00120251204103732963
00120251204125303150,12/5/2025,MDY  Branch ( No . 1 ) ,WT-MDY01,1089.74,C,001,5379375,8379374,C00125994,MDY Branch,4501111006,Excel Care Dish Washing Liquid Lemon 2Liter with Toilet Cleaner 575ml (1x5pcs),10,pcs,24,DC-YGN01,00120251204121633380
00120251204010355800,12/5/2025,"TGI Branch - MR  ( No . 1 )  , For MR ",WT-TGI01,157.2,C,001,5379391,8379390,C00130318,TGI Branch - MR,4501111006,Excel Care Dish Washing Liquid Lemon 2Liter with Toilet Cleaner 575ml (1x5pcs),10,pcs,24,DC-YGN01,00120251204122422243
00120251204055234630,12/5/2025,TLN/KT SHOP-11,VO99113,43.87,C,001,5379259,8379258,C00800031,???????,4501111008,Excel Care Dish Washing Liquid Lemon 2Liter (1x6 pcs),1,pcs,2.286667,DC-YGN01,00120251204113220580
00120251204055150310,12/5/2025,AL/BH/KMD/SC                         Inv;17,VO99004,207.16,C,001,5379188,8379187,C00105684,????,4501121001,Excel Care Disinfected Surface Cleaner Pine 1100ml (1x10pcs),2,pcs,1.24,DC-YGN01,00120251204111635610
00120251204055411300,12/5/2025,INS                  Inv;41,VO99039,207.42,C,001,5379023,8379022,C00136257,?????????,4501121001,Excel Care Disinfected Surface Cleaner Pine 1100ml (1x10pcs),5,pcs,3.1,DC-YGN01,00120251204104407390
00220251204030447237,12/5/2025,INV(24),VO99017,270.54,C,002,5378960,8378959,C00211242,???????????,4501121001,Excel Care Disinfected Surface Cleaner Pine 1100ml (1x10pcs),1,pcs,0.62,WH-MDY01,00220251204103243633
00220251204030542770,12/5/2025,INV(21),VO99019,74.42,C,002,5378664,8378663,C00200533,????????,4501121001,Excel Care Disinfected Surface Cleaner Pine 1100ml (1x10pcs),10,pcs,6.2,WH-MDY01,00220251204091202917
00220251204030447237,12/5/2025,INV(24),VO99017,270.54,C,002,5378960,8378959,C00211242,???????????,4501121002,Excel Care Disinfected Surface Cleaner Levender 1100ml (1x10pcs),1,pcs,0.62,WH-MDY01,00220251204103243633
00120251204055411300,12/5/2025,INS                  Inv;41,VO99039,207.42,C,001,5379023,8379022,C00136257,?????????,4501121002,Excel Care Disinfected Surface Cleaner Levender 1100ml (1x10pcs),5,pcs,3.1,DC-YGN01,00120251204104407390
00120251204055150310,12/5/2025,AL/BH/KMD/SC                         Inv;17,VO99004,207.16,C,001,5379188,8379187,C00105684,????,4501121002,Excel Care Disinfected Surface Cleaner Levender 1100ml (1x10pcs),1,pcs,0.62,DC-YGN01,00120251204111635610
00120251204055455197,12/5/2025,"SOKL,YK SHOP-20",VO99046,139.57,C,001,5379289,8379288,C00139988,?????????????????,4501121002,Excel Care Disinfected Surface Cleaner Levender 1100ml (1x10pcs),1,pcs,0.62,DC-YGN01,00120251204113828953
00420251204041020073,12/5/2025,VO99023   inv:  19,VO99023,192.56,C,004,5379494,8379493,C00401145,???????????,4501121002,Excel Care Disinfected Surface Cleaner Levender 1100ml (1x10pcs),12,pcs,7.44,WH-MLM01,00420251204014423093
00120251204125303150,12/5/2025,MDY  Branch ( No . 1 ) ,WT-MDY01,1089.74,C,001,5379375,8379374,C00125994,MDY Branch,4501121002,Excel Care Disinfected Surface Cleaner Levender 1100ml (1x10pcs),30,pcs,18.6,DC-YGN01,00120251204121633380
00120251204125303150,12/5/2025,MDY  Branch ( No . 1 ) ,WT-MDY01,1089.74,C,001,5379375,8379374,C00125994,MDY Branch,4501121003,Excel Care Disinfected Surface Cleaner Lavender 5000ml (1x4pcs),12,pcs,60,DC-YGN01,00120251204121633380
00120251204023615330,12/5/2025,Pro1-EDG     INV--1,VO99002,40,C,001,5379045,8379044,C00139835,Pro1-East Dagon,4501121004,Excel Care Disinfected Surface Cleaner Pine 5000ml (1x4pcs),8,pcs,40,DC-YGN01,00120251204104954077
01620251204041102773,12/5/2025,"Inv-14, Bago, WAW",VO99083,207.85,C,016,5378941,8378940,C01602886,?????,4501131001,Excel Care Acidic Toilet Cleaner Colorless 1000ml (1x15pcs),2,pcs,1.2,WH-BGO99,01620251204102213037
00120251204115840633,12/5/2025,"Letpadan  ( INV - 1 ) , All Producrs ",VO99014,254.71,C,001,5379133,8379132,C00108770,SD-YGN-Letpadan,4501131001,Excel Care Acidic Toilet Cleaner Colorless 1000ml (1x15pcs),60,pcs,36,WH-MLM01,00120251204110405923
00120251204115907770,12/5/2025,"Taikkyi  ( INV - 1 ) , All Producrs ",VO99014,208.43,C,001,5379142,8379141,C00126192,SD-YGN-Taikkyi,4501131001,Excel Care Acidic Toilet Cleaner Colorless 1000ml (1x15pcs),15,pcs,9,WH-MLM01,00120251204110551400
00120251204055433497,12/5/2025,TKT-PZD                  Inv;35,VO99042,125.77,C,001,5378744,8378743,C00101693,?????????,4501131001,Excel Care Acidic Toilet Cleaner Colorless 1000ml (1x15pcs),1,pcs,0.6,DC-YGN01,00120251204093713853
00120251204055411300,12/5/2025,INS                  Inv;41,VO99039,207.42,C,001,5379487,8379486,C00111984,???????,4501131001,Excel Care Acidic Toilet Cleaner Colorless 1000ml (1x15pcs),2,pcs,1.2,DC-YGN01,00120251204014114020
00220251204030516657,12/5/2025,INV(27),VO99018,210.62,C,002,5379509,8379508,C00200867,?????????,4501131001,Excel Care Acidic Toilet Cleaner Colorless 1000ml (1x15pcs),30,pcs,18,WH-MDY01,00220251204015919483
00520251204025551447,12/5/2025,OT Inv [ 6 ] ,VO99038,74.49,C,005,5379264,8379263,C00501662,Ocean-NPT-OTTR,4501131001,Excel Care Acidic Toilet Cleaner Colorless 1000ml (1x15pcs),15,pcs,9,WH-NPT01,00520251204113340567
01620251204035823093,12/5/2025,"Inv-18, Bago, Thatnatpin, Minywar",VO99082,101.93,C,016,5379323,8379322,C01601696,????????????,4501131001,Excel Care Acidic Toilet Cleaner Colorless 1000ml (1x15pcs),3,pcs,1.8,WH-BGO99,01620251204115217870
01620251204035823093,12/5/2025,"Inv-18, Bago, Thatnatpin, Minywar",VO99082,101.93,C,016,5379415,8379414,C01603853,???????,4501131001,Excel Care Acidic Toilet Cleaner Colorless 1000ml (1x15pcs),1,pcs,0.6,WH-BGO99,01620251204123201633
00520251204025447907,12/5/2025,"MMZ ,KS Inv [ 31 ]",VO99028,156.27,C,005,5379398,8379397,C00503625,??????,4501131001,Excel Care Acidic Toilet Cleaner Colorless 1000ml (1x15pcs),15,pcs,9,WH-NPT01,00520251204122551863
00120251204125303150,12/5/2025,MDY  Branch ( No . 1 ) ,WT-MDY01,1089.74,C,001,5379375,8379374,C00125994,MDY Branch,4501131001,Excel Care Acidic Toilet Cleaner Colorless 1000ml (1x15pcs),60,pcs,36,DC-YGN01,00120251204121633380
00120251204125303150,12/5/2025,MDY  Branch ( No . 1 ) ,WT-MDY01,1089.74,C,001,5379375,8379374,C00125994,MDY Branch,4501131002,Excel Care Acidic Toilet Cleaner Magic Clean 1000ml (1x15pcs),165,pcs,99,DC-YGN01,00120251204121633380
00120251204010355800,12/5/2025,"TGI Branch - MR  ( No . 1 )  , For MR ",WT-TGI01,157.2,C,001,5379391,8379390,C00130318,TGI Branch - MR,4501131002,Excel Care Acidic Toilet Cleaner Magic Clean 1000ml (1x15pcs),30,pcs,18,DC-YGN01,00120251204122422243
00520251204025447907,12/5/2025,"MMZ ,KS Inv [ 31 ]",VO99028,156.27,C,005,5379398,8379397,C00503625,??????,4501131002,Excel Care Acidic Toilet Cleaner Magic Clean 1000ml (1x15pcs),15,pcs,9,WH-NPT01,00520251204122551863
00520251204025551447,12/5/2025,OT Inv [ 6 ] ,VO99038,74.49,C,005,5379264,8379263,C00501662,Ocean-NPT-OTTR,4501131002,Excel Care Acidic Toilet Cleaner Magic Clean 1000ml (1x15pcs),15,pcs,9,WH-NPT01,00520251204113340567
00220251204030516657,12/5/2025,INV(27),VO99018,210.62,C,002,5379509,8379508,C00200867,?????????,4501131002,Excel Care Acidic Toilet Cleaner Magic Clean 1000ml (1x15pcs),45,pcs,27,WH-MDY01,00220251204015919483
00120251204055234630,12/5/2025,TLN/KT SHOP-11,VO99113,43.87,C,001,5379682,8379681,C00802099,?????????????,4501131002,Excel Care Acidic Toilet Cleaner Magic Clean 1000ml (1x15pcs),2,pcs,1.2,DC-YGN01,00120251204031329167
00120251204055433497,12/5/2025,TKT-PZD                  Inv;35,VO99042,125.77,C,001,5378744,8378743,C00101693,?????????,4501131002,Excel Care Acidic Toilet Cleaner Magic Clean 1000ml (1x15pcs),2,pcs,1.2,DC-YGN01,00120251204093713853
00620251204025412317,12/5/2025,V54(Yatsauk),VO99054,45,C,006,5378792,8378791,C00602665,SD-YGN-Yatsauk,4501131002,Excel Care Acidic Toilet Cleaner Magic Clean 1000ml (1x15pcs),75,pcs,45,WH-TGI01,00620251204094954393
00120251204115907770,12/5/2025,"Taikkyi  ( INV - 1 ) , All Producrs ",VO99014,208.43,C,001,5379142,8379141,C00126192,SD-YGN-Taikkyi,4501131002,Excel Care Acidic Toilet Cleaner Magic Clean 1000ml (1x15pcs),45,pcs,27,WH-MLM01,00120251204110551400
00120251204115840633,12/5/2025,"Letpadan  ( INV - 1 ) , All Producrs ",VO99014,254.71,C,001,5379133,8379132,C00108770,SD-YGN-Letpadan,4501131002,Excel Care Acidic Toilet Cleaner Magic Clean 1000ml (1x15pcs),90,pcs,54,WH-MLM01,00120251204110405923
01820251204030452237,12/5/2025,Down Town Invo-10 SML,VO99068,50.09,C,018,5379091,8379090,C01800346,????,4501131002,Excel Care Acidic Toilet Cleaner Magic Clean 1000ml (1x15pcs),5,pcs,3,WH-TGU01,01820251204105739653
00120251204055303940,12/5/2025,TGG SHOP-29,VO99106,118.32,C,001,5379084,8379083,C00106077,Ko Zaw,4501131002,Excel Care Acidic Toilet Cleaner Magic Clean 1000ml (1x15pcs),15,pcs,9,DC-YGN01,00120251204105705177
01620251204041102773,12/5/2025,"Inv-14, Bago, WAW",VO99083,207.85,C,016,5378941,8378940,C01602886,?????,4501131002,Excel Care Acidic Toilet Cleaner Magic Clean 1000ml (1x15pcs),2,pcs,1.2,WH-BGO99,01620251204102213037
00120251204115926893,12/5/2025,"Pakokku  ( INV - 1 ) , All Producrs ",VO99014,187,C,001,5379043,8379042,C00202760,SD-MDY-Pakokku,4501131002,Excel Care Acidic Toilet Cleaner Magic Clean 1000ml (1x15pcs),30,pcs,18,WH-MDY01,00120251204104848533
00120251204055234630,12/5/2025,TLN/KT SHOP-11,VO99113,43.87,C,001,5378997,8378996,C00801459,?????????,4501131002,Excel Care Acidic Toilet Cleaner Magic Clean 1000ml (1x15pcs),6,pcs,3.6,DC-YGN01,00120251204103723610
00520251204025551447,12/5/2025,OT Inv [ 6 ] ,VO99038,74.49,C,005,5379264,8379263,C00501662,Ocean-NPT-OTTR,4501141001,Excel Care Floor Cleaner Green Apple 1100ml (1x10pcs),10,pcs,6.2,WH-NPT01,00520251204113340567
00120251204010355800,12/5/2025,"TGI Branch - MR  ( No . 1 )  , For MR ",WT-TGI01,157.2,C,001,5379391,8379390,C00130318,TGI Branch - MR,4501141001,Excel Care Floor Cleaner Green Apple 1100ml (1x10pcs),10,pcs,6.2,DC-YGN01,00120251204122422243
00120251204125303150,12/5/2025,MDY  Branch ( No . 1 ) ,WT-MDY01,1089.74,C,001,5379375,8379374,C00125994,MDY Branch,4501141001,Excel Care Floor Cleaner Green Apple 1100ml (1x10pcs),20,pcs,12.4,DC-YGN01,00120251204121633380
00120251204125303150,12/5/2025,MDY  Branch ( No . 1 ) ,WT-MDY01,1089.74,C,001,5379375,8379374,C00125994,MDY Branch,4501141002,Excel Care Floor Cleaner Green Apple 5000ml (1x4pcs),8,pcs,40,DC-YGN01,00120251204121633380
00120251204024918017,12/5/2025,VO-VS INV;45,VO-VS02,14097.34,C,001,5379598,8379597,C00143500,Sam Par Oo-Consumer,4700000001,Sam Par Oo Purify Drinking Water 1LT (FOC),4,pack,24.72,DC-YGN01,00120251204023917593
00120251204034639237,12/5/2025,VO-VS INV;3,VO-VS02,1652.3,C,001,5379647,8379646,C00143500,Sam Par Oo-Consumer,4700000001,Sam Par Oo Purify Drinking Water 1LT (FOC),4,pack,24.72,DC-YGN01,00120251204025139787
00120251204034639237,12/5/2025,VO-VS INV;3,VO-VS02,1652.3,C,001,5379661,8379660,C00143500,Sam Par Oo-Consumer,4700000001,Sam Par Oo Purify Drinking Water 1LT (FOC),25,pack,154.5,DC-YGN01,00120251204030107340
00120251204024918017,12/5/2025,VO-VS INV;45,VO-VS02,14097.34,C,001,5379209,8379208,C00125604,??????????????,4700000001,Sam Par Oo Purify Drinking Water 1LT (FOC),4,pack,24.72,DC-YGN01,00120251204112251677
00120251204024918017,12/5/2025,VO-VS INV;45,VO-VS02,14097.34,C,001,5379004,8379003,C00144886,Kiss,4700000001,Sam Par Oo Purify Drinking Water 1LT (FOC),10,pack,61.8,DC-YGN01,00120251204103739140
00120251204024918017,12/5/2025,VO-VS INV;45,VO-VS02,14097.34,C,001,5379030,8379029,C00136257,?????????,4700000001,Sam Par Oo Purify Drinking Water 1LT (FOC),4,pack,24.72,DC-YGN01,00120251204104715057
00120251204024918017,12/5/2025,VO-VS INV;45,VO-VS02,14097.34,C,001,5378973,8378972,C00101811,Khant Zaw,4700000001,Sam Par Oo Purify Drinking Water 1LT (FOC),4,pack,24.72,DC-YGN01,00120251204103342353
00120251204024918017,12/5/2025,VO-VS INV;45,VO-VS02,14097.34,C,001,5379166,8379165,C00143500,Sam Par Oo-Consumer,4700000001,Sam Par Oo Purify Drinking Water 1LT (FOC),4,pack,24.72,DC-YGN01,00120251204111012730
00120251204024918017,12/5/2025,VO-VS INV;45,VO-VS02,14097.34,C,001,5378788,8378787,C00114349,?????????,4700000001,Sam Par Oo Purify Drinking Water 1LT (FOC),4,pack,24.72,DC-YGN01,00120251204094941317
00120251204024918017,12/5/2025,VO-VS INV;45,VO-VS02,14097.34,C,001,5378661,8378660,C00114775,??????????,4700000001,Sam Par Oo Purify Drinking Water 1LT (FOC),4,pack,24.72,DC-YGN01,00120251204090857580
00120251204034639237,12/5/2025,VO-VS INV;3,VO-VS02,1652.3,C,001,5379647,8379646,C00143500,Sam Par Oo-Consumer,4700000002,Sam Par Oo Purify Drinking Water 550ML (FOC),2,pack,13.98,DC-YGN01,00120251204025139787
00120251204024918017,12/5/2025,VO-VS INV;45,VO-VS02,14097.34,C,001,5379544,8379543,C00142503,????,4700000002,Sam Par Oo Purify Drinking Water 550ML (FOC),2,pack,13.98,DC-YGN01,00120251204021742383
00120251204024918017,12/5/2025,VO-VS INV;45,VO-VS02,14097.34,C,001,5379544,8379543,C00142503,????,4700000003,Sam Par Oo Purify Drinking Water 300ML (FOC),2,pack,7.36,DC-YGN01,00120251204021742383
00120251204024918017,12/5/2025,VO-VS INV;45,VO-VS02,14097.34,C,001,5379522,8379521,C00143500,Sam Par Oo-Consumer,4700000003,Sam Par Oo Purify Drinking Water 300ML (FOC),2,pack,7.36,DC-YGN01,00120251204020832733
00120251204024918017,12/5/2025,VO-VS INV;45,VO-VS02,14097.34,C,001,5379489,8379488,C00143312,???????????????????????????????,4700000003,Sam Par Oo Purify Drinking Water 300ML (FOC),5,pack,18.4,DC-YGN01,00120251204014116963
00120251204024918017,12/5/2025,VO-VS INV;45,VO-VS02,14097.34,C,001,5379515,8379514,C00143500,Sam Par Oo-Consumer,4700000003,Sam Par Oo Purify Drinking Water 300ML (FOC),15,pack,55.2,DC-YGN01,00120251204020226753
00120251204024918017,12/5/2025,VO-VS INV;45,VO-VS02,14097.34,C,001,5379552,8379551,C00143188,B-Equal (Game Shop),4700000003,Sam Par Oo Purify Drinking Water 300ML (FOC),15,pack,55.2,DC-YGN01,00120251204022043890
00120251204024918017,12/5/2025,VO-VS INV;45,VO-VS02,14097.34,C,001,5379573,8379572,C00142509,????????????,4700000003,Sam Par Oo Purify Drinking Water 300ML (FOC),45,pack,165.6,DC-YGN01,00120251204023000800
00120251204024918017,12/5/2025,VO-VS INV;45,VO-VS02,14097.34,C,001,5379480,8379479,C00127910,???(????????),4700000003,Sam Par Oo Purify Drinking Water 300ML (FOC),15,pack,55.2,DC-YGN01,00120251204013810723
00120251204034639237,12/5/2025,VO-VS INV;3,VO-VS02,1652.3,C,001,5379679,8379678,C00125010,????????,4700000003,Sam Par Oo Purify Drinking Water 300ML (FOC),15,pack,55.2,DC-YGN01,00120251204031019800
00120251204024918017,12/5/2025,VO-VS INV;45,VO-VS02,14097.34,C,001,5377277,8377276,C00143500,Sam Par Oo-Consumer,4700000003,Sam Par Oo Purify Drinking Water 300ML (FOC),5,pack,18.4,DC-YGN01,00120251202013306210
00120251204024918017,12/5/2025,VO-VS INV;45,VO-VS02,14097.34,C,001,5377732,8377731,C00145617,5 Corner Mobile,4700000003,Sam Par Oo Purify Drinking Water 300ML (FOC),2,pack,7.36,DC-YGN01,00120251203102851407
00120251204024918017,12/5/2025,VO-VS INV;45,VO-VS02,14097.34,C,001,5378568,8378567,C00143067,City Dental,4700000003,Sam Par Oo Purify Drinking Water 300ML (FOC),2,pack,7.36,DC-YGN01,00120251203034328183
00120251204024918017,12/5/2025,VO-VS INV;45,VO-VS02,14097.34,C,001,5378690,8378689,C00145071,???????????,4700000003,Sam Par Oo Purify Drinking Water 300ML (FOC),15,pack,55.2,DC-YGN01,00120251204091845243
00120251204024918017,12/5/2025,VO-VS INV;45,VO-VS02,14097.34,C,001,5378772,8378771,C00142461,???????????,4700000003,Sam Par Oo Purify Drinking Water 300ML (FOC),15,pack,55.2,DC-YGN01,00120251204094637603
00120251204024918017,12/5/2025,VO-VS INV;45,VO-VS02,14097.34,C,001,5378820,8378819,C00143500,Sam Par Oo-Consumer,4700000003,Sam Par Oo Purify Drinking Water 300ML (FOC),15,pack,55.2,DC-YGN01,00120251204095547400
00120251204024918017,12/5/2025,VO-VS INV;45,VO-VS02,14097.34,C,001,5378807,8378806,C00143181,Ma Khaing Zar,4700000003,Sam Par Oo Purify Drinking Water 300ML (FOC),5,pack,18.4,DC-YGN01,00120251204095246013
00120251204024918017,12/5/2025,VO-VS INV;45,VO-VS02,14097.34,C,001,5378890,8378889,C00142985,Olymic Hotel(Susan Shao),4700000003,Sam Par Oo Purify Drinking Water 300ML (FOC),15,pack,55.2,DC-YGN01,00120251204101132930
00120251204024918017,12/5/2025,VO-VS INV;45,VO-VS02,14097.34,C,001,5378866,8378865,C00107424,?????????,4700000003,Sam Par Oo Purify Drinking Water 300ML (FOC),5,pack,18.4,DC-YGN01,00120251204100516520
00120251204024918017,12/5/2025,VO-VS INV;45,VO-VS02,14097.34,C,001,5378869,8378868,C00150095,????????????????,4700000003,Sam Par Oo Purify Drinking Water 300ML (FOC),2,pack,7.36,DC-YGN01,00120251204100519913
00120251204024918017,12/5/2025,VO-VS INV;45,VO-VS02,14097.34,C,001,5378856,8378855,C00145012,"Mg Thant Zin Family Com.,Ltd",4700000003,Sam Par Oo Purify Drinking Water 300ML (FOC),2,pack,7.36,DC-YGN01,00120251204100211787
00120251204024918017,12/5/2025,VO-VS INV;45,VO-VS02,14097.34,C,001,5379167,8379166,C00110610,???????????????,4700000003,Sam Par Oo Purify Drinking Water 300ML (FOC),15,pack,55.2,DC-YGN01,00120251204111015180
00120251204024918017,12/5/2025,VO-VS INV;45,VO-VS02,14097.34,C,001,5379123,8379122,C00133041,???????????,4700000003,Sam Par Oo Purify Drinking Water 300ML (FOC),5,pack,18.4,DC-YGN01,00120251204110333300
00120251204024918017,12/5/2025,VO-VS INV;45,VO-VS02,14097.34,C,001,5379129,8379128,C00144025,Ta Gar Ni Gold Shop,4700000003,Sam Par Oo Purify Drinking Water 300ML (FOC),5,pack,18.4,DC-YGN01,00120251204110342193
00120251204024918017,12/5/2025,VO-VS INV;45,VO-VS02,14097.34,C,001,5379085,8379084,C00150108,S4C (Auto Mobile)-Insein,4700000003,Sam Par Oo Purify Drinking Water 300ML (FOC),2,pack,7.36,DC-YGN01,00120251204105707083
00120251204024918017,12/5/2025,VO-VS INV;45,VO-VS02,14097.34,C,001,5379103,8379102,C00112829,??????????,4700000003,Sam Par Oo Purify Drinking Water 300ML (FOC),5,pack,18.4,DC-YGN01,00120251204110021823
00120251204024918017,12/5/2025,VO-VS INV;45,VO-VS02,14097.34,C,001,5378982,8378981,C00102242,Ma Latt,4700000003,Sam Par Oo Purify Drinking Water 300ML (FOC),15,pack,55.2,DC-YGN01,00120251204103404373
00120251204024918017,12/5/2025,VO-VS INV;45,VO-VS02,14097.34,C,001,5379038,8379037,C00149910,Hong Fa Plus (Junction City),4700000003,Sam Par Oo Purify Drinking Water 300ML (FOC),5,pack,18.4,DC-YGN01,00120251204104725317
00120251204024918017,12/5/2025,VO-VS INV;45,VO-VS02,14097.34,C,001,5379029,8379028,C00152542,????????,4700000003,Sam Par Oo Purify Drinking Water 300ML (FOC),2,pack,7.36,DC-YGN01,00120251204104713187
00120251204024918017,12/5/2025,VO-VS INV;45,VO-VS02,14097.34,C,001,5379279,8379278,C00150096,Mac Pro Mobile,4700000003,Sam Par Oo Purify Drinking Water 300ML (FOC),2,pack,7.36,DC-YGN01,00120251204113526797
00120251204024918017,12/5/2025,VO-VS INV;45,VO-VS02,14097.34,C,001,5379278,8379277,C00143500,Sam Par Oo-Consumer,4700000003,Sam Par Oo Purify Drinking Water 300ML (FOC),2,pack,7.36,DC-YGN01,00120251204113525497
00120251204024918017,12/5/2025,VO-VS INV;45,VO-VS02,14097.34,C,001,5379242,8379241,C00126358,???????????,4700000003,Sam Par Oo Purify Drinking Water 300ML (FOC),100,pack,368,DC-YGN01,00120251204112912087
00120251204024918017,12/5/2025,VO-VS INV;45,VO-VS02,14097.34,C,001,5379372,8379371,C00121159,?????????????,4700000003,Sam Par Oo Purify Drinking Water 300ML (FOC),5,pack,18.4,DC-YGN01,00120251204121541280
00120251204024918017,12/5/2025,VO-VS INV;45,VO-VS02,14097.34,C,001,5379382,8379381,C00113354,???????,4700000003,Sam Par Oo Purify Drinking Water 300ML (FOC),15,pack,55.2,DC-YGN01,00120251204121850060
00120251204024918017,12/5/2025,VO-VS INV;45,VO-VS02,14097.34,C,001,5379326,8379325,C00126189,??????????,4700000003,Sam Par Oo Purify Drinking Water 300ML (FOC),15,pack,55.2,DC-YGN01,00120251204115358567
00120251204024918017,12/5/2025,VO-VS INV;45,VO-VS02,14097.34,C,001,5379475,8379474,C00100476,????????????,4700000003,Sam Par Oo Purify Drinking Water 300ML (FOC),15,pack,55.2,DC-YGN01,00120251204013505577
00120251204024918017,12/5/2025,VO-VS INV;45,VO-VS02,14097.34,C,001,5379436,8379435,C00143500,Sam Par Oo-Consumer,4700000003,Sam Par Oo Purify Drinking Water 300ML (FOC),5,pack,18.4,DC-YGN01,00120251204125225370
00120251204024918017,12/5/2025,VO-VS INV;45,VO-VS02,14097.34,C,001,5379440,8379439,C00143928,Thein Than San,4700000003,Sam Par Oo Purify Drinking Water 300ML (FOC),2,pack,7.36,DC-YGN01,00120251204125529970
00120251204055455197,12/5/2025,"SOKL,YK SHOP-20",VO99046,139.57,C,001,5379433,8379432,C00138802,Gold Pill,4701111001,Sam Par Oo Purify Drinking Water 6p 1LT,5,pack,30.9,DC-YGN01,00120251204124922497
00120251204024854420,12/5/2025,VO-VS INV;8,VO-VS02,3969.1,C,001,5379470,8379469,C00133397,Carrefour Easy,4701111001,Sam Par Oo Purify Drinking Water 6p 1LT,100,pack,618,DC-YGN01,00120251204012924130
00120251204024854420,12/5/2025,VO-VS INV;8,VO-VS02,3969.1,C,001,5379474,8379473,C00149913,Capital CRDC WH,4701111001,Sam Par Oo Purify Drinking Water 6p 1LT,90,pack,556.2,DC-YGN01,00120251204013259690
00120251204024854420,12/5/2025,VO-VS INV;8,VO-VS02,3969.1,C,001,5379532,8379531,C00126124,Marketplace - 6.5Mile,4701111001,Sam Par Oo Purify Drinking Water 6p 1LT,70,pack,432.6,DC-YGN01,00120251204021142267
00120251204055455197,12/5/2025,"SOKL,YK SHOP-20",VO99046,139.57,C,001,5379337,8379336,C00135300,Owen's Mart,4701111001,Sam Par Oo Purify Drinking Water 6p 1LT,3,pack,18.54,DC-YGN01,00120251204120010497
00120251204024918017,12/5/2025,VO-VS INV;45,VO-VS02,14097.34,C,001,5379209,8379208,C00125604,??????????????,4701111001,Sam Par Oo Purify Drinking Water 6p 1LT,25,pack,154.5,DC-YGN01,00120251204112251677
00120251204055303940,12/5/2025,TGG SHOP-29,VO99106,118.32,C,001,5379189,8379188,C00132561,??????????,4701111001,Sam Par Oo Purify Drinking Water 6p 1LT,1,pack,6.18,DC-YGN01,00120251204111636770
00120251204024918017,12/5/2025,VO-VS INV;45,VO-VS02,14097.34,C,001,5379030,8379029,C00136257,?????????,4701111001,Sam Par Oo Purify Drinking Water 6p 1LT,25,pack,154.5,DC-YGN01,00120251204104715057
00120251204022108840,12/5/2025,Oc-PL     INV--5,VO99008,94.68,C,001,5379015,8379014,C00138678,Ocean-PL,4701111001,Sam Par Oo Purify Drinking Water 6p 1LT,11,pack,67.98,DC-YGN01,00120251204104103137
00120251204024918017,12/5/2025,VO-VS INV;45,VO-VS02,14097.34,C,001,5379004,8379003,C00144886,Kiss,4701111001,Sam Par Oo Purify Drinking Water 6p 1LT,60,pack,370.8,DC-YGN01,00120251204103739140
00120251204024918017,12/5/2025,VO-VS INV;45,VO-VS02,14097.34,C,001,5378973,8378972,C00101811,Khant Zaw,4701111001,Sam Par Oo Purify Drinking Water 6p 1LT,25,pack,154.5,DC-YGN01,00120251204103342353
00120251204021011277,12/5/2025,CM-FMI     INV--2,VO99010,84.08,C,001,5378930,8378929,C00100419,City Mart - FMI,4701111001,Sam Par Oo Purify Drinking Water 6p 1LT,1,pack,6.18,DC-YGN01,00120251204101900797
00120251204020957470,12/5/2025,Oc/CC-HTY     INV--5,VO99010,154.5,C,001,5379089,8379088,C00126567,Ocean-YGN-HTY,4701111001,Sam Par Oo Purify Drinking Water 6p 1LT,23,pack,142.14,DC-YGN01,00120251204105727837
00120251204024918017,12/5/2025,VO-VS INV;45,VO-VS02,14097.34,C,001,5379166,8379165,C00143500,Sam Par Oo-Consumer,4701111001,Sam Par Oo Purify Drinking Water 6p 1LT,25,pack,154.5,DC-YGN01,00120251204111012730
00120251204055150310,12/5/2025,AL/BH/KMD/SC                         Inv;17,VO99004,207.16,C,001,5378825,8378824,C00105685,?????????????? (?),4701111001,Sam Par Oo Purify Drinking Water 6p 1LT,10,pack,61.8,DC-YGN01,00120251204095555633
00120251204024918017,12/5/2025,VO-VS INV;45,VO-VS02,14097.34,C,001,5378843,8378842,C00143500,Sam Par Oo-Consumer,4701111001,Sam Par Oo Purify Drinking Water 6p 1LT,17,pack,105.06,DC-YGN01,00120251204095901450
00120251204024854420,12/5/2025,VO-VS INV;8,VO-VS02,3969.1,C,001,5378775,8378774,C00123502,Mi Thar Su - BYN,4701111001,Sam Par Oo Purify Drinking Water 6p 1LT,10,pack,61.8,DC-YGN01,00120251204094718277
00120251204024918017,12/5/2025,VO-VS INV;45,VO-VS02,14097.34,C,001,5378788,8378787,C00114349,?????????,4701111001,Sam Par Oo Purify Drinking Water 6p 1LT,25,pack,154.5,DC-YGN01,00120251204094941317
00120251204021829157,12/5/2025,CM-TM     INV--5,VO99001,85.48,C,001,5378801,8378800,C00110790,City Mart - TM,4701111001,Sam Par Oo Purify Drinking Water 6p 1LT,5,pack,30.9,DC-YGN01,00120251204095149677
00120251204055218913,12/5/2025,MGLTN/Tamwe                       Inv;23,VO99005,106.64,C,001,5377929,8377928,C00141179,??????? (?),4701111001,Sam Par Oo Purify Drinking Water 6p 1LT,5,pack,30.9,DC-YGN01,00120251203112339150
00120251204022557170,12/5/2025,Oc/CC-SJ     INV--4,VO99006,56.7,C,001,5378653,8378652,C00102388,Ocean-YGN-SJ,4701111001,Sam Par Oo Purify Drinking Water 6p 1LT,4,pack,24.72,DC-YGN01,00120251204090341000
00120251204024918017,12/5/2025,VO-VS INV;45,VO-VS02,14097.34,C,001,5378661,8378660,C00114775,??????????,4701111001,Sam Par Oo Purify Drinking Water 6p 1LT,25,pack,154.5,DC-YGN01,00120251204090857580
00120251204024918017,12/5/2025,VO-VS INV;45,VO-VS02,14097.34,C,001,5379598,8379597,C00143500,Sam Par Oo-Consumer,4701111001,Sam Par Oo Purify Drinking Water 6p 1LT,25,pack,154.5,DC-YGN01,00120251204023917593
00120251204034639237,12/5/2025,VO-VS INV;3,VO-VS02,1652.3,C,001,5379661,8379660,C00143500,Sam Par Oo-Consumer,4701111001,Sam Par Oo Purify Drinking Water 6p 1LT,120,pack,741.6,DC-YGN01,00120251204030107340
00120251204034639237,12/5/2025,VO-VS INV;3,VO-VS02,1652.3,C,001,5379647,8379646,C00143500,Sam Par Oo-Consumer,4701111001,Sam Par Oo Purify Drinking Water 6p 1LT,25,pack,154.5,DC-YGN01,00120251204025139787
00120251204034639237,12/5/2025,VO-VS INV;3,VO-VS02,1652.3,C,001,5379647,8379646,C00143500,Sam Par Oo-Consumer,4701111002,Sam Par Oo Purify Drinking Water 12p 550ML,20,pack,139.8,DC-YGN01,00120251204025139787
00120251204024918017,12/5/2025,VO-VS INV;45,VO-VS02,14097.34,C,001,5379544,8379543,C00142503,????,4701111002,Sam Par Oo Purify Drinking Water 12p 550ML,20,pack,139.8,DC-YGN01,00120251204021742383
00120251204022557170,12/5/2025,Oc/CC-SJ     INV--4,VO99006,56.7,C,001,5378653,8378652,C00102388,Ocean-YGN-SJ,4701111002,Sam Par Oo Purify Drinking Water 12p 550ML,1,pack,6.99,DC-YGN01,00120251204090341000
00120251204021534870,12/5/2025,Oc/CC-MGDTM     INV--6,VO99003,50.08,C,001,5378681,8378680,C00135956,Ocean-MGDTM,4701111002,Sam Par Oo Purify Drinking Water 12p 550ML,4,pack,27.96,DC-YGN01,00120251204091724700
00120251204021726967,12/5/2025,Oc-NP     INV--5,VO99010,18.19,C,001,5378710,8378709,C00101140,Ocean-YGN-NP,4701111002,Sam Par Oo Purify Drinking Water 12p 550ML,2,pack,13.98,DC-YGN01,00120251204092416427
00120251204021829157,12/5/2025,CM-TM     INV--5,VO99001,85.48,C,001,5378801,8378800,C00110790,City Mart - TM,4701111002,Sam Par Oo Purify Drinking Water 12p 550ML,2,pack,13.98,DC-YGN01,00120251204095149677
00120251204024854420,12/5/2025,VO-VS INV;8,VO-VS02,3969.1,C,001,5378799,8378798,C00113428,Ocean-YGN-SGD,4701111002,Sam Par Oo Purify Drinking Water 12p 550ML,3,pack,20.97,DC-YGN01,00120251204095130180
00120251204055150310,12/5/2025,AL/BH/KMD/SC                         Inv;17,VO99004,207.16,C,001,5378825,8378824,C00105685,?????????????? (?),4701111002,Sam Par Oo Purify Drinking Water 12p 550ML,10,pack,69.9,DC-YGN01,00120251204095555633
00120251204021603843,12/5/2025,CM-PLMGD     INV--4,VO99003,49.38,C,001,5379137,8379136,C00150224,City Mart - PLMGD,4701111002,Sam Par Oo Purify Drinking Water 12p 550ML,5,pack,34.95,DC-YGN01,00120251204110439923
00120251204021011277,12/5/2025,CM-FMI     INV--2,VO99010,84.08,C,001,5378930,8378929,C00100419,City Mart - FMI,4701111002,Sam Par Oo Purify Drinking Water 12p 550ML,10,pack,69.9,DC-YGN01,00120251204101900797
00120251204024854420,12/5/2025,VO-VS INV;8,VO-VS02,3969.1,C,001,5379532,8379531,C00126124,Marketplace - 6.5Mile,4701111002,Sam Par Oo Purify Drinking Water 12p 550ML,40,pack,279.6,DC-YGN01,00120251204021142267
00120251204024854420,12/5/2025,VO-VS INV;8,VO-VS02,3969.1,C,001,5379470,8379469,C00133397,Carrefour Easy,4701111002,Sam Par Oo Purify Drinking Water 12p 550ML,50,pack,349.5,DC-YGN01,00120251204012924130
00120251204024854420,12/5/2025,VO-VS INV;8,VO-VS02,3969.1,C,001,5379474,8379473,C00149913,Capital CRDC WH,4701111002,Sam Par Oo Purify Drinking Water 12p 550ML,25,pack,174.75,DC-YGN01,00120251204013259690
00120251204055455197,12/5/2025,"SOKL,YK SHOP-20",VO99046,139.57,C,001,5379433,8379432,C00138802,Gold Pill,4701111002,Sam Par Oo Purify Drinking Water 12p 550ML,5,pack,34.95,DC-YGN01,00120251204124922497
00120251204024918017,12/5/2025,VO-VS INV;45,VO-VS02,14097.34,C,001,5379436,8379435,C00143500,Sam Par Oo-Consumer,4701111003,Sam Par Oo Purify Drinking Water 12p 300ML,50,pack,184,DC-YGN01,00120251204125225370
00120251204024918017,12/5/2025,VO-VS INV;45,VO-VS02,14097.34,C,001,5379440,8379439,C00143928,Thein Than San,4701111003,Sam Par Oo Purify Drinking Water 12p 300ML,25,pack,92,DC-YGN01,00120251204125529970
00120251204024854420,12/5/2025,VO-VS INV;8,VO-VS02,3969.1,C,001,5379470,8379469,C00133397,Carrefour Easy,4701111003,Sam Par Oo Purify Drinking Water 12p 300ML,50,pack,184,DC-YGN01,00120251204012924130
00120251204024918017,12/5/2025,VO-VS INV;45,VO-VS02,14097.34,C,001,5379475,8379474,C00100476,????????????,4701111003,Sam Par Oo Purify Drinking Water 12p 300ML,100,pack,368,DC-YGN01,00120251204013505577
00120251204024918017,12/5/2025,VO-VS INV;45,VO-VS02,14097.34,C,001,5379480,8379479,C00127910,???(????????),4701111003,Sam Par Oo Purify Drinking Water 12p 300ML,100,pack,368,DC-YGN01,00120251204013810723
00120251204024854420,12/5/2025,VO-VS INV;8,VO-VS02,3969.1,C,001,5379528,8379527,C00149913,Capital CRDC WH,4701111003,Sam Par Oo Purify Drinking Water 12p 300ML,45,pack,165.6,DC-YGN01,00120251204021137317
00120251204024854420,12/5/2025,VO-VS INV;8,VO-VS02,3969.1,C,001,5379532,8379531,C00126124,Marketplace - 6.5Mile,4701111003,Sam Par Oo Purify Drinking Water 12p 300ML,20,pack,73.6,DC-YGN01,00120251204021142267
00120251204024918017,12/5/2025,VO-VS INV;45,VO-VS02,14097.34,C,001,5379242,8379241,C00126358,???????????,4701111003,Sam Par Oo Purify Drinking Water 12p 300ML,600,pack,2208,DC-YGN01,00120251204112912087
00120251204024918017,12/5/2025,VO-VS INV;45,VO-VS02,14097.34,C,001,5379279,8379278,C00150096,Mac Pro Mobile,4701111003,Sam Par Oo Purify Drinking Water 12p 300ML,25,pack,92,DC-YGN01,00120251204113526797
00120251204024918017,12/5/2025,VO-VS INV;45,VO-VS02,14097.34,C,001,5379278,8379277,C00143500,Sam Par Oo-Consumer,4701111003,Sam Par Oo Purify Drinking Water 12p 300ML,25,pack,92,DC-YGN01,00120251204113525497
00120251204024918017,12/5/2025,VO-VS INV;45,VO-VS02,14097.34,C,001,5379326,8379325,C00126189,??????????,4701111003,Sam Par Oo Purify Drinking Water 12p 300ML,100,pack,368,DC-YGN01,00120251204115358567
00120251204024918017,12/5/2025,VO-VS INV;45,VO-VS02,14097.34,C,001,5379382,8379381,C00113354,???????,4701111003,Sam Par Oo Purify Drinking Water 12p 300ML,100,pack,368,DC-YGN01,00120251204121850060
00120251204024918017,12/5/2025,VO-VS INV;45,VO-VS02,14097.34,C,001,5379372,8379371,C00121159,?????????????,4701111003,Sam Par Oo Purify Drinking Water 12p 300ML,50,pack,184,DC-YGN01,00120251204121541280
00120251204024918017,12/5/2025,VO-VS INV;45,VO-VS02,14097.34,C,001,5378982,8378981,C00102242,Ma Latt,4701111003,Sam Par Oo Purify Drinking Water 12p 300ML,100,pack,368,DC-YGN01,00120251204103404373
00120251204024918017,12/5/2025,VO-VS INV;45,VO-VS02,14097.34,C,001,5379029,8379028,C00152542,????????,4701111003,Sam Par Oo Purify Drinking Water 12p 300ML,25,pack,92,DC-YGN01,00120251204104713187
00120251204024918017,12/5/2025,VO-VS INV;45,VO-VS02,14097.34,C,001,5379038,8379037,C00149910,Hong Fa Plus (Junction City),4701111003,Sam Par Oo Purify Drinking Water 12p 300ML,50,pack,184,DC-YGN01,00120251204104725317
00120251204024918017,12/5/2025,VO-VS INV;45,VO-VS02,14097.34,C,001,5379129,8379128,C00144025,Ta Gar Ni Gold Shop,4701111003,Sam Par Oo Purify Drinking Water 12p 300ML,50,pack,184,DC-YGN01,00120251204110342193
00120251204024918017,12/5/2025,VO-VS INV;45,VO-VS02,14097.34,C,001,5379123,8379122,C00133041,???????????,4701111003,Sam Par Oo Purify Drinking Water 12p 300ML,50,pack,184,DC-YGN01,00120251204110333300
00120251204024854420,12/5/2025,VO-VS INV;8,VO-VS02,3969.1,C,001,5379116,8379115,C00104653,Day to Day,4701111003,Sam Par Oo Purify Drinking Water 12p 300ML,10,pack,36.8,DC-YGN01,00120251204110250590
00120251204024918017,12/5/2025,VO-VS INV;45,VO-VS02,14097.34,C,001,5379167,8379166,C00110610,???????????????,4701111003,Sam Par Oo Purify Drinking Water 12p 300ML,100,pack,368,DC-YGN01,00120251204111015180
00120251204024918017,12/5/2025,VO-VS INV;45,VO-VS02,14097.34,C,001,5379085,8379084,C00150108,S4C (Auto Mobile)-Insein,4701111003,Sam Par Oo Purify Drinking Water 12p 300ML,25,pack,92,DC-YGN01,00120251204105707083
00120251204024918017,12/5/2025,VO-VS INV;45,VO-VS02,14097.34,C,001,5379103,8379102,C00112829,??????????,4701111003,Sam Par Oo Purify Drinking Water 12p 300ML,50,pack,184,DC-YGN01,00120251204110021823
00120251204024918017,12/5/2025,VO-VS INV;45,VO-VS02,14097.34,C,001,5378820,8378819,C00143500,Sam Par Oo-Consumer,4701111003,Sam Par Oo Purify Drinking Water 12p 300ML,100,pack,368,DC-YGN01,00120251204095547400
00120251204024918017,12/5/2025,VO-VS INV;45,VO-VS02,14097.34,C,001,5378843,8378842,C00143500,Sam Par Oo-Consumer,4701111003,Sam Par Oo Purify Drinking Water 12p 300ML,10,pack,36.8,DC-YGN01,00120251204095901450
00120251204024854420,12/5/2025,VO-VS INV;8,VO-VS02,3969.1,C,001,5378799,8378798,C00113428,Ocean-YGN-SGD,4701111003,Sam Par Oo Purify Drinking Water 12p 300ML,66,pack,242.88,DC-YGN01,00120251204095130180
00120251204024918017,12/5/2025,VO-VS INV;45,VO-VS02,14097.34,C,001,5378807,8378806,C00143181,Ma Khaing Zar,4701111003,Sam Par Oo Purify Drinking Water 12p 300ML,50,pack,184,DC-YGN01,00120251204095246013
00120251204024854420,12/5/2025,VO-VS INV;8,VO-VS02,3969.1,C,001,5378775,8378774,C00123502,Mi Thar Su - BYN,4701111003,Sam Par Oo Purify Drinking Water 12p 300ML,10,pack,36.8,DC-YGN01,00120251204094718277
00120251204024918017,12/5/2025,VO-VS INV;45,VO-VS02,14097.34,C,001,5378772,8378771,C00142461,???????????,4701111003,Sam Par Oo Purify Drinking Water 12p 300ML,100,pack,368,DC-YGN01,00120251204094637603
00120251204024918017,12/5/2025,VO-VS INV;45,VO-VS02,14097.34,C,001,5378767,8378766,C00140399,?????????,4701111003,Sam Par Oo Purify Drinking Water 12p 300ML,10,pack,36.8,DC-YGN01,00120251204094335020
00120251204024918017,12/5/2025,VO-VS INV;45,VO-VS02,14097.34,C,001,5378856,8378855,C00145012,"Mg Thant Zin Family Com.,Ltd",4701111003,Sam Par Oo Purify Drinking Water 12p 300ML,25,pack,92,DC-YGN01,00120251204100211787
00120251204024918017,12/5/2025,VO-VS INV;45,VO-VS02,14097.34,C,001,5378869,8378868,C00150095,????????????????,4701111003,Sam Par Oo Purify Drinking Water 12p 300ML,25,pack,92,DC-YGN01,00120251204100519913
00120251204024854420,12/5/2025,VO-VS INV;8,VO-VS02,3969.1,C,001,5378875,8378874,C00138406,MAXI,4701111003,Sam Par Oo Purify Drinking Water 12p 300ML,200,pack,736,DC-YGN01,00120251204100817663
00120251204024918017,12/5/2025,VO-VS INV;45,VO-VS02,14097.34,C,001,5378866,8378865,C00107424,?????????,4701111003,Sam Par Oo Purify Drinking Water 12p 300ML,50,pack,184,DC-YGN01,00120251204100516520
00120251204024918017,12/5/2025,VO-VS INV;45,VO-VS02,14097.34,C,001,5378890,8378889,C00142985,Olymic Hotel(Susan Shao),4701111003,Sam Par Oo Purify Drinking Water 12p 300ML,100,pack,368,DC-YGN01,00120251204101132930
00120251204024918017,12/5/2025,VO-VS INV;45,VO-VS02,14097.34,C,001,5378690,8378689,C00145071,???????????,4701111003,Sam Par Oo Purify Drinking Water 12p 300ML,100,pack,368,DC-YGN01,00120251204091845243
00120251204055303940,12/5/2025,TGG SHOP-29,VO99106,118.32,C,001,5378745,8378744,C00153265,????? Pharmacy,4701111003,Sam Par Oo Purify Drinking Water 12p 300ML,5,pack,18.4,DC-YGN01,00120251204093715443
00120251204055218913,12/5/2025,MGLTN/Tamwe                       Inv;23,VO99005,106.64,C,001,5377929,8377928,C00141179,??????? (?),4701111003,Sam Par Oo Purify Drinking Water 12p 300ML,5,pack,18.4,DC-YGN01,00120251203112339150
00120251204024918017,12/5/2025,VO-VS INV;45,VO-VS02,14097.34,C,001,5377277,8377276,C00143500,Sam Par Oo-Consumer,4701111003,Sam Par Oo Purify Drinking Water 12p 300ML,60,pack,220.8,DC-YGN01,00120251202013306210
00120251204024918017,12/5/2025,VO-VS INV;45,VO-VS02,14097.34,C,001,5377732,8377731,C00145617,5 Corner Mobile,4701111003,Sam Par Oo Purify Drinking Water 12p 300ML,25,pack,92,DC-YGN01,00120251203102851407
00120251204024918017,12/5/2025,VO-VS INV;45,VO-VS02,14097.34,C,001,5378568,8378567,C00143067,City Dental,4701111003,Sam Par Oo Purify Drinking Water 12p 300ML,25,pack,92,DC-YGN01,00120251203034328183
00120251204024918017,12/5/2025,VO-VS INV;45,VO-VS02,14097.34,C,001,5379544,8379543,C00142503,????,4701111003,Sam Par Oo Purify Drinking Water 12p 300ML,25,pack,92,DC-YGN01,00120251204021742383
00120251204024918017,12/5/2025,VO-VS INV;45,VO-VS02,14097.34,C,001,5379552,8379551,C00143188,B-Equal (Game Shop),4701111003,Sam Par Oo Purify Drinking Water 12p 300ML,100,pack,368,DC-YGN01,00120251204022043890
00120251204024918017,12/5/2025,VO-VS INV;45,VO-VS02,14097.34,C,001,5379522,8379521,C00143500,Sam Par Oo-Consumer,4701111003,Sam Par Oo Purify Drinking Water 12p 300ML,25,pack,92,DC-YGN01,00120251204020832733
00120251204024918017,12/5/2025,VO-VS INV;45,VO-VS02,14097.34,C,001,5379515,8379514,C00143500,Sam Par Oo-Consumer,4701111003,Sam Par Oo Purify Drinking Water 12p 300ML,100,pack,368,DC-YGN01,00120251204020226753
00120251204024918017,12/5/2025,VO-VS INV;45,VO-VS02,14097.34,C,001,5379573,8379572,C00142509,????????????,4701111003,Sam Par Oo Purify Drinking Water 12p 300ML,300,pack,1104,DC-YGN01,00120251204023000800
00120251204024918017,12/5/2025,VO-VS INV;45,VO-VS02,14097.34,C,001,5379489,8379488,C00143312,???????????????????????????????,4701111003,Sam Par Oo Purify Drinking Water 12p 300ML,50,pack,184,DC-YGN01,00120251204014116963
00120251204034639237,12/5/2025,VO-VS INV;3,VO-VS02,1652.3,C,001,5379679,8379678,C00125010,????????,4701111003,Sam Par Oo Purify Drinking Water 12p 300ML,100,pack,368,DC-YGN01,00120251204031019800
00120251204125303150,12/5/2025,MDY  Branch ( No . 1 ) ,WT-MDY01,1089.74,C,001,5379375,8379374,C00125994,MDY Branch,4800000003,Pai Cheese Ring 35g - MT Pack (1x10pcsx12packs),12,pack,5.2,DC-YGN01,00120251204121633380
00120251204125303150,12/5/2025,MDY  Branch ( No . 1 ) ,WT-MDY01,1089.74,C,001,5379375,8379374,C00125994,MDY Branch,4800000004,Pai Cheese Ball 35g - MT Pack (1x10pcsx12packs),12,pack,5.2,DC-YGN01,00120251204121633380
00120251204125303150,12/5/2025,MDY  Branch ( No . 1 ) ,WT-MDY01,1089.74,C,001,5379375,8379374,C00125994,MDY Branch,4800000005,Pai Cheese Ball 10g - MT Pack (1x10x20 packs),20,pack,2,DC-YGN01,00120251204121633380
00120251204125303150,12/5/2025,MDY  Branch ( No . 1 ) ,WT-MDY01,1089.74,C,001,5379375,8379374,C00125994,MDY Branch,4800000006,Pai Cheese Ring 10g - MT Pack (1x10x20 packs),60,pack,6,DC-YGN01,00120251204121633380
00120251204010355800,12/5/2025,"TGI Branch - MR  ( No . 1 )  , For MR ",WT-TGI01,157.2,C,001,5379391,8379390,C00130318,TGI Branch - MR,4801111001,Pai Cheese Ring 10g (10pcsx20packs),200,pcs,2,DC-YGN01,00120251204122422243
00120251204125303150,12/5/2025,MDY  Branch ( No . 1 ) ,WT-MDY01,1089.74,C,001,5379375,8379374,C00125994,MDY Branch,4801111001,Pai Cheese Ring 10g (10pcsx20packs),2004,pcs,20.04,DC-YGN01,00120251204121633380
00120251204010325710,12/5/2025,BGO Branch ( No . 1 ) ,WT-BGO,304.96,C,001,5379406,8379405,C00152774,BGO Branch,4801111001,Pai Cheese Ring 10g (10pcsx20packs),200,pcs,2,DC-YGN01,00120251204122843807
00120251204055234630,12/5/2025,TLN/KT SHOP-11,VO99113,43.87,C,001,5379737,8379736,C00800515,???????????,4801111001,Pai Cheese Ring 10g (10pcsx20packs),10,pcs,0.1,DC-YGN01,00120251204041152170
00120251204055520713,12/5/2025,NOKL SHOP-44,VO99045,173.34,C,001,5379735,8379734,C00125169,??????????????,4801111001,Pai Cheese Ring 10g (10pcsx20packs),20,pcs,0.2,DC-YGN01,00120251204035648753
00220251204040225557,12/5/2025,INV(2),VO99040,2.4,C,002,5379731,8379730,C00203969,???,4801111001,Pai Cheese Ring 10g (10pcsx20packs),20,pcs,0.2,WH-MDY01,00220251204035131580
00720251204052110033,12/5/2025,Inv 8,VO99052,94.34,C,007,5379757,8379756,C00702281,?????????,4801111001,Pai Cheese Ring 10g (10pcsx20packs),20,pcs,0.2,WH-PTN01,00720251204045434177
01120251204025619813,12/5/2025,"TKS,PHM,Inv-15",VO99071,50.42,C,011,5378197,8378196,C01100327,??????????,4801111001,Pai Cheese Ring 10g (10pcsx20packs),10,pcs,0.1,WH-MGW01,01120251203013927253
00120251204055455197,12/5/2025,"SOKL,YK SHOP-20",VO99046,139.57,C,001,5378125,8378124,C00139826,???????????,4801111001,Pai Cheese Ring 10g (10pcsx20packs),10,pcs,0.1,DC-YGN01,00120251203124217877
00120251204055520713,12/5/2025,NOKL SHOP-44,VO99045,173.34,C,001,5378630,8378629,C00140253,BA ?????,4801111001,Pai Cheese Ring 10g (10pcsx20packs),10,pcs,0.1,DC-YGN01,00120251203105811173
00120251204021024050,12/5/2025,SGH-HTY     INV--1,VO99010,8.18,C,001,5378647,8378646,C00127887,Sein Gay Har - HTY,4801111001,Pai Cheese Ring 10g (10pcsx20packs),10,pcs,0.1,DC-YGN01,00120251204090142110
00120251204055312437,12/5/2025,HL/KMY                  Inv;21,VO99032,71.52,C,001,5378687,8378686,C00144038,????,4801111001,Pai Cheese Ring 10g (10pcsx20packs),30,pcs,0.3,DC-YGN01,00120251204091843137
00220251204030608007,12/5/2025,INV(19),VO99040,140.01,C,002,5378676,8378675,C00204561,???????,4801111001,Pai Cheese Ring 10g (10pcsx20packs),20,pcs,0.2,WH-MDY01,00220251204091504437
00120251204055331843,12/5/2025,HTY SHOP-40,VO99063,172.61,C,001,5378669,8378668,C00145234,?????????,4801111001,Pai Cheese Ring 10g (10pcsx20packs),30,pcs,0.3,DC-YGN01,00120251204091240990
00120251204055411300,12/5/2025,INS                  Inv;41,VO99039,207.42,C,001,5378666,8378665,C00107974,?????????,4801111001,Pai Cheese Ring 10g (10pcsx20packs),10,pcs,0.1,DC-YGN01,00120251204091236520
00120251204055312437,12/5/2025,HL/KMY                  Inv;21,VO99032,71.52,C,001,5378731,8378730,C00121724,?????,4801111001,Pai Cheese Ring 10g (10pcsx20packs),10,pcs,0.1,DC-YGN01,00120251204093110130
00220251204030608007,12/5/2025,INV(19),VO99040,140.01,C,002,5378734,8378733,C00212351,???????????,4801111001,Pai Cheese Ring 10g (10pcsx20packs),20,pcs,0.2,WH-MDY01,00220251204093320793
00120251204055331843,12/5/2025,HTY SHOP-40,VO99063,172.61,C,001,5378754,8378753,C00134046,?????????????????,4801111001,Pai Cheese Ring 10g (10pcsx20packs),40,pcs,0.4,DC-YGN01,00120251204094026230
00120251204023254810,12/5/2025,CPT-Baho     INV--1,VO99006,2.67,C,001,5378761,8378760,C00100015,Mi Thar Su - Baho,4801111001,Pai Cheese Ring 10g (10pcsx20packs),10,pcs,0.1,DC-YGN01,00120251204094302680
00120251204023317740,12/5/2025,MTS-TGG     INV--1,VO99106,12.83,C,001,5378768,8378767,C00111943,Mi Thar Su - TGG,4801111001,Pai Cheese Ring 10g (10pcsx20packs),20,pcs,0.2,DC-YGN01,00120251204094515000
00220251204030608007,12/5/2025,INV(19),VO99040,140.01,C,002,5378696,8378695,C00206617,??????????,4801111001,Pai Cheese Ring 10g (10pcsx20packs),10,pcs,0.1,WH-MDY01,00220251204092107467
00120251204052341003,12/5/2025,CPT-SPT4     INV--1,VO99037,0.92,C,001,5378697,8378696,C00145317,Capital SPT4,4801111001,Pai Cheese Ring 10g (10pcsx20packs),20,pcs,0.2,DC-YGN01,00120251204092110123
00120251204055411300,12/5/2025,INS                  Inv;41,VO99039,207.42,C,001,5378712,8378711,C00127087,???????????(????????????),4801111001,Pai Cheese Ring 10g (10pcsx20packs),20,pcs,0.2,DC-YGN01,00120251204092447720
00520251204025551447,12/5/2025,OT Inv [ 6 ] ,VO99038,74.49,C,005,5378698,8378697,C00504703,1 Stop Mart Supermarket (Nay Pyi Taw),4801111001,Pai Cheese Ring 10g (10pcsx20packs),60,pcs,0.6,WH-NPT01,00520251204092110987
00120251204023205507,12/5/2025,CPT-ZGM     INV--2,VO99008,4.74,C,001,5378718,8378717,C00144791,Capital-ZGM,4801111001,Pai Cheese Ring 10g (10pcsx20packs),100,pcs,1,DC-YGN01,00120251204092529923
00220251204030608007,12/5/2025,INV(19),VO99040,140.01,C,002,5378720,8378719,C00208046,????,4801111001,Pai Cheese Ring 10g (10pcsx20packs),10,pcs,0.1,WH-MDY01,00220251204092716233
00220251204030516657,12/5/2025,INV(27),VO99018,210.62,C,002,5378721,8378720,C00211829,????????,4801111001,Pai Cheese Ring 10g (10pcsx20packs),20,pcs,0.2,WH-MDY01,00220251204092717510
00220251204030447237,12/5/2025,INV(24),VO99017,270.54,C,002,5378905,8378904,C00206042,?????????,4801111001,Pai Cheese Ring 10g (10pcsx20packs),10,pcs,0.1,WH-MDY01,00220251204101604333
00120251204055355003,12/5/2025,MGLD SHOP-11,VO99061,170.32,C,001,5378920,8378919,C00140931,???? Mini Mart,4801111001,Pai Cheese Ring 10g (10pcsx20packs),20,pcs,0.2,DC-YGN01,00120251204101750863
00120251204055411300,12/5/2025,INS                  Inv;41,VO99039,207.42,C,001,5378887,8378886,C00127418,?????????????,4801111001,Pai Cheese Ring 10g (10pcsx20packs),10,pcs,0.1,DC-YGN01,00120251204101128360
00120251204055350787,12/5/2025,SPT                 Inv;24,VO99037,152.53,C,001,5378878,8378877,C00153256,Happy Mini Mart,4801111001,Pai Cheese Ring 10g (10pcsx20packs),100,pcs,1,DC-YGN01,00120251204100823407
00120251204055425190,12/5/2025,S.DGN/SEIKKAN SHOP-26,VO99060,84.41,C,001,5378880,8378879,C00137363,????,4801111001,Pai Cheese Ring 10g (10pcsx20packs),50,pcs,0.5,DC-YGN01,00120251204100825993
00120251204055433497,12/5/2025,TKT-PZD                  Inv;35,VO99042,125.77,C,001,5378888,8378887,C00111931,??????????,4801111001,Pai Cheese Ring 10g (10pcsx20packs),200,pcs,2,DC-YGN01,00120251204101130523
00220251204030516657,12/5/2025,INV(27),VO99018,210.62,C,002,5378864,8378863,C00217727,MK Mini Market,4801111001,Pai Cheese Ring 10g (10pcsx20packs),20,pcs,0.2,WH-MDY01,00220251204100354120
00420251204041020073,12/5/2025,VO99023   inv:  19,VO99023,192.56,C,004,5378862,8378861,C00404977,K MART,4801111001,Pai Cheese Ring 10g (10pcsx20packs),50,pcs,0.5,WH-MLM01,00420251204100345057
00120251204055433497,12/5/2025,TKT-PZD                  Inv;35,VO99042,125.77,C,001,5378855,8378854,C00116721,??????,4801111001,Pai Cheese Ring 10g (10pcsx20packs),20,pcs,0.2,DC-YGN01,00120251204100210210
00220251204030542770,12/5/2025,INV(21),VO99019,74.42,C,002,5378778,8378777,C00200680,?????????????,4801111001,Pai Cheese Ring 10g (10pcsx20packs),20,pcs,0.2,WH-MDY01,00220251204094826730
00120251204055218913,12/5/2025,MGLTN/Tamwe                       Inv;23,VO99005,106.64,C,001,5378786,8378785,C00124156,??????????????,4801111001,Pai Cheese Ring 10g (10pcsx20packs),20,pcs,0.2,DC-YGN01,00120251204094938947
00120251204055425190,12/5/2025,S.DGN/SEIKKAN SHOP-26,VO99060,84.41,C,001,5378806,8378805,C00136843,JJ Store,4801111001,Pai Cheese Ring 10g (10pcsx20packs),10,pcs,0.1,DC-YGN01,00120251204095244620
00220251204030608007,12/5/2025,INV(19),VO99040,140.01,C,002,5378798,8378797,C00202649,????????????????????,4801111001,Pai Cheese Ring 10g (10pcsx20packs),10,pcs,0.1,WH-MDY01,00220251204095129407
00120251204021916270,12/5/2025,GDWS-WH     INV--1    (To TGG),VO99033,13.69,C,001,5378802,8378801,C00109566,Gandamar Wholesales - YGN,4801111001,Pai Cheese Ring 10g (10pcsx20packs),10,pcs,0.1,DC-YGN01,00120251204095156433
00620251204025351630,12/5/2025,V54(AungPan),VO99054,69.24,C,006,5378836,8378835,C00110334,SD-YGN-Aungpan,4801111001,Pai Cheese Ring 10g (10pcsx20packs),200,pcs,2,WH-TGI01,00620251204095746863
00220251204030516657,12/5/2025,INV(27),VO99018,210.62,C,002,5378829,8378828,C00214804,Oasis Mini Mart,4801111001,Pai Cheese Ring 10g (10pcsx20packs),20,pcs,0.2,WH-MDY01,00220251204095732033
00620251204032832147,12/5/2025,V54(1),VO99054,31.89,C,006,5378813,8378812,C00603980,??????? ????????????,4801111001,Pai Cheese Ring 10g (10pcsx20packs),20,pcs,0.2,WH-TGI02,00620251204095439633
00520251204025447907,12/5/2025,"MMZ ,KS Inv [ 31 ]",VO99028,156.27,C,005,5378812,8378811,C00500010,???????????,4801111001,Pai Cheese Ring 10g (10pcsx20packs),60,pcs,0.6,WH-NPT01,00520251204095437977
00120251204055411300,12/5/2025,INS                  Inv;41,VO99039,207.42,C,001,5378822,8378821,C00113799,?????????,4801111001,Pai Cheese Ring 10g (10pcsx20packs),10,pcs,0.1,DC-YGN01,00120251204095549870
00120251204055331843,12/5/2025,HTY SHOP-40,VO99063,172.61,C,001,5379104,8379103,C00112829,??????????,4801111001,Pai Cheese Ring 10g (10pcsx20packs),10,pcs,0.1,DC-YGN01,00120251204110022900
00120251204032000647,12/5/2025,Day To Day     INV--2,VO99033,14.25,C,001,5379108,8379107,C00104653,Day to Day,4801111001,Pai Cheese Ring 10g (10pcsx20packs),50,pcs,0.5,DC-YGN01,00120251204110055767
00620251204032832147,12/5/2025,V54(1),VO99054,31.89,C,006,5379090,8379089,C00600383,??????,4801111001,Pai Cheese Ring 10g (10pcsx20packs),20,pcs,0.2,WH-TGI02,00620251204105737463
00120251204055433497,12/5/2025,TKT-PZD                  Inv;35,VO99042,125.77,C,001,5379098,8379097,C00102705,???????,4801111001,Pai Cheese Ring 10g (10pcsx20packs),50,pcs,0.5,DC-YGN01,00120251204110014650
00220251204030608007,12/5/2025,INV(19),VO99040,140.01,C,002,5379082,8379081,C00211376,Top One,4801111001,Pai Cheese Ring 10g (10pcsx20packs),10,pcs,0.1,WH-MDY01,00220251204105523597
00120251204055218913,12/5/2025,MGLTN/Tamwe                       Inv;23,VO99005,106.64,C,001,5379053,8379052,C00124266,???????????,4801111001,Pai Cheese Ring 10g (10pcsx20packs),20,pcs,0.2,DC-YGN01,00120251204105038343
00120251204055333027,12/5/2025,MYG                Inv;23,VO99035,88.27,C,001,5379075,8379074,C00130523,Shop & Shop,4801111001,Pai Cheese Ring 10g (10pcsx20packs),50,pcs,0.5,DC-YGN01,00120251204105353100
00120251204055333027,12/5/2025,MYG                Inv;23,VO99035,88.27,C,001,5379173,8379172,C00112859,?????????,4801111001,Pai Cheese Ring 10g (10pcsx20packs),10,pcs,0.1,DC-YGN01,00120251204111317870
00120251204055411300,12/5/2025,INS                  Inv;41,VO99039,207.42,C,001,5379174,8379173,C00124408,???????????,4801111001,Pai Cheese Ring 10g (10pcsx20packs),20,pcs,0.2,DC-YGN01,00120251204111319423
00220251204030447237,12/5/2025,INV(24),VO99017,270.54,C,002,5379169,8379168,C00209059,?????,4801111001,Pai Cheese Ring 10g (10pcsx20packs),10,pcs,0.1,WH-MDY01,00220251204111035563
00120251204055433497,12/5/2025,TKT-PZD                  Inv;35,VO99042,125.77,C,001,5379162,8379161,C00103684,????(?????),4801111001,Pai Cheese Ring 10g (10pcsx20packs),20,pcs,0.2,DC-YGN01,00120251204111007340
00120251204055331843,12/5/2025,HTY SHOP-40,VO99063,172.61,C,001,5379161,8379160,C00131237,???? ?????,4801111001,Pai Cheese Ring 10g (10pcsx20packs),20,pcs,0.2,DC-YGN01,00120251204111005590
00120251204055453930,12/5/2025,NDG/EDG                 Inv;19,VO99043,65.06,C,001,5379124,8379123,C00129171,????????,4801111001,Pai Cheese Ring 10g (10pcsx20packs),20,pcs,0.2,DC-YGN01,00120251204110334380
00120251204055411300,12/5/2025,INS                  Inv;41,VO99039,207.42,C,001,5379121,8379120,C00107179,???????,4801111001,Pai Cheese Ring 10g (10pcsx20packs),10,pcs,0.1,DC-YGN01,00120251204110329600
00120251204055218913,12/5/2025,MGLTN/Tamwe                       Inv;23,VO99005,106.64,C,001,5379031,8379030,C00103347,????????,4801111001,Pai Cheese Ring 10g (10pcsx20packs),10,pcs,0.1,DC-YGN01,00120251204104716037
00120251204055355003,12/5/2025,MGLD SHOP-11,VO99061,170.32,C,001,5379035,8379034,C00102556,?????,4801111001,Pai Cheese Ring 10g (10pcsx20packs),20,pcs,0.2,DC-YGN01,00120251204104721960
00120251204115926893,12/5/2025,"Pakokku  ( INV - 1 ) , All Producrs ",VO99014,187,C,001,5379043,8379042,C00202760,SD-MDY-Pakokku,4801111001,Pai Cheese Ring 10g (10pcsx20packs),400,pcs,4,WH-MDY01,00120251204104848533
00120251204055425190,12/5/2025,S.DGN/SEIKKAN SHOP-26,VO99060,84.41,C,001,5379049,8379048,C00152843,???????????????????????????????????,4801111001,Pai Cheese Ring 10g (10pcsx20packs),20,pcs,0.2,DC-YGN01,00120251204105030997
00220251204030447237,12/5/2025,INV(24),VO99017,270.54,C,002,5379058,8379057,C00201258,?????????,4801111001,Pai Cheese Ring 10g (10pcsx20packs),10,pcs,0.1,WH-MDY01,00220251204105140963
00120251204055425190,12/5/2025,S.DGN/SEIKKAN SHOP-26,VO99060,84.41,C,001,5379052,8379051,C00103363,??????????,4801111001,Pai Cheese Ring 10g (10pcsx20packs),10,pcs,0.1,DC-YGN01,00120251204105037030
00220251204030608007,12/5/2025,INV(19),VO99040,140.01,C,002,5379021,8379020,C00201673,??????????,4801111001,Pai Cheese Ring 10g (10pcsx20packs),10,pcs,0.1,WH-MDY01,00220251204104223197
00120251204055333027,12/5/2025,MYG                Inv;23,VO99035,88.27,C,001,5379024,8379023,C00136496,4 You,4801111001,Pai Cheese Ring 10g (10pcsx20packs),20,pcs,0.2,DC-YGN01,00120251204104408613
00120251204055433497,12/5/2025,TKT-PZD                  Inv;35,VO99042,125.77,C,001,5379005,8379004,C00110768,?????,4801111001,Pai Cheese Ring 10g (10pcsx20packs),20,pcs,0.2,DC-YGN01,00120251204103740140
00120251204055425190,12/5/2025,S.DGN/SEIKKAN SHOP-26,VO99060,84.41,C,001,5378981,8378980,C00135197,???????,4801111001,Pai Cheese Ring 10g (10pcsx20packs),50,pcs,0.5,DC-YGN01,00120251204103403227
00120251204055455197,12/5/2025,"SOKL,YK SHOP-20",VO99046,139.57,C,001,5378983,8378982,C00138910,Nan Convenience Store,4801111001,Pai Cheese Ring 10g (10pcsx20packs),30,pcs,0.3,DC-YGN01,00120251204103405963
00120251204055520713,12/5/2025,NOKL SHOP-44,VO99045,173.34,C,001,5378993,8378992,C00126492,???????,4801111001,Pai Cheese Ring 10g (10pcsx20packs),10,pcs,0.1,DC-YGN01,00120251204103711087
00120251204055425190,12/5/2025,S.DGN/SEIKKAN SHOP-26,VO99060,84.41,C,001,5378994,8378993,C00138431,Lamin ?????,4801111001,Pai Cheese Ring 10g (10pcsx20packs),10,pcs,0.1,DC-YGN01,00120251204103719947
00120251204055331843,12/5/2025,HTY SHOP-40,VO99063,172.61,C,001,5378979,8378978,C00109542,?????,4801111001,Pai Cheese Ring 10g (10pcsx20packs),10,pcs,0.1,DC-YGN01,00120251204103400693
00120251204055218913,12/5/2025,MGLTN/Tamwe                       Inv;23,VO99005,106.64,C,001,5378932,8378931,C00133128,?????????,4801111001,Pai Cheese Ring 10g (10pcsx20packs),10,pcs,0.1,DC-YGN01,00120251204102102193
00120251204022125123,12/5/2025,Maxi     INV--3,VO99002,23.87,C,001,5378935,8378934,C00138406,MAXI,4801111001,Pai Cheese Ring 10g (10pcsx20packs),240,pcs,2.4,DC-YGN01,00120251204102131920
00120251204055350787,12/5/2025,SPT                 Inv;24,VO99037,152.53,C,001,5379364,8379363,C00145051,???????,4801111001,Pai Cheese Ring 10g (10pcsx20packs),10,pcs,0.1,DC-YGN01,00120251204121231380
00120251204055411300,12/5/2025,INS                  Inv;41,VO99039,207.42,C,001,5379379,8379378,C00137123,????????,4801111001,Pai Cheese Ring 10g (10pcsx20packs),10,pcs,0.1,DC-YGN01,00120251204121846177
00120251204055333027,12/5/2025,MYG                Inv;23,VO99035,88.27,C,001,5379393,8379392,C00130755,SB Baby Shop (5)- MYG,4801111001,Pai Cheese Ring 10g (10pcsx20packs),30,pcs,0.3,DC-YGN01,00120251204122454407
00520251204025447907,12/5/2025,"MMZ ,KS Inv [ 31 ]",VO99028,156.27,C,005,5379407,8379406,C00501020,????????,4801111001,Pai Cheese Ring 10g (10pcsx20packs),100,pcs,1,WH-NPT01,00520251204122857123
00520251204025447907,12/5/2025,"MMZ ,KS Inv [ 31 ]",VO99028,156.27,C,005,5379400,8379399,C00500623,Shwe Kaung Kin,4801111001,Pai Cheese Ring 10g (10pcsx20packs),50,pcs,0.5,WH-NPT01,00520251204122554193
01620251204035823093,12/5/2025,"Inv-18, Bago, Thatnatpin, Minywar",VO99082,101.93,C,016,5379415,8379414,C01603853,???????,4801111001,Pai Cheese Ring 10g (10pcsx20packs),20,pcs,0.2,WH-BGO99,01620251204123201633
00120251204055453930,12/5/2025,NDG/EDG                 Inv;19,VO99043,65.06,C,001,5379416,8379415,C00110251,???????????,4801111001,Pai Cheese Ring 10g (10pcsx20packs),100,pcs,1,DC-YGN01,00120251204123705363
00120251204055150310,12/5/2025,AL/BH/KMD/SC                         Inv;17,VO99004,207.16,C,001,5379413,8379412,C00114007,?????????????????,4801111001,Pai Cheese Ring 10g (10pcsx20packs),30,pcs,0.3,DC-YGN01,00120251204123103087
00120251204055303940,12/5/2025,TGG SHOP-29,VO99106,118.32,C,001,5379425,8379424,C00127575,SB Baby Shop (1) - TGG,4801111001,Pai Cheese Ring 10g (10pcsx20packs),30,pcs,0.3,DC-YGN01,00120251204124312183
01120251204025619813,12/5/2025,"TKS,PHM,Inv-15",VO99071,50.42,C,011,5379322,8379321,C01101250,?????????,4801111001,Pai Cheese Ring 10g (10pcsx20packs),20,pcs,0.2,WH-MGW01,01120251204115216083
00120251204055150310,12/5/2025,AL/BH/KMD/SC                         Inv;17,VO99004,207.16,C,001,5379331,8379330,C00137536,Buy & GO,4801111001,Pai Cheese Ring 10g (10pcsx20packs),10,pcs,0.1,DC-YGN01,00120251204115703210
00220251204030542770,12/5/2025,INV(21),VO99019,74.42,C,002,5379310,8379309,C00200291,?????????,4801111001,Pai Cheese Ring 10g (10pcsx20packs),20,pcs,0.2,WH-MDY01,00220251204114650000
00120251204055333027,12/5/2025,MYG                Inv;23,VO99035,88.27,C,001,5379312,8379311,C00132948,???????????,4801111001,Pai Cheese Ring 10g (10pcsx20packs),20,pcs,0.2,DC-YGN01,00120251204114741090
00120251204055331843,12/5/2025,HTY SHOP-40,VO99063,172.61,C,001,5379317,8379316,C00107962,??????????,4801111001,Pai Cheese Ring 10g (10pcsx20packs),20,pcs,0.2,DC-YGN01,00120251204114748043
00120251204055455197,12/5/2025,"SOKL,YK SHOP-20",VO99046,139.57,C,001,5379318,8379317,C00131132,Glorious Myanmar Mini Mart,4801111001,Pai Cheese Ring 10g (10pcsx20packs),10,pcs,0.1,DC-YGN01,00120251204114749250
00220251204030608007,12/5/2025,INV(19),VO99040,140.01,C,002,5379343,8379342,C00209803,?????????,4801111001,Pai Cheese Ring 10g (10pcsx20packs),30,pcs,0.3,WH-MDY01,00220251204120151940
00120251204055312437,12/5/2025,HL/KMY                  Inv;21,VO99032,71.52,C,001,5379355,8379354,C00149854,?????????,4801111001,Pai Cheese Ring 10g (10pcsx20packs),10,pcs,0.1,DC-YGN01,00120251204120922780
01820251204030452237,12/5/2025,Down Town Invo-10 SML,VO99068,50.09,C,018,5379358,8379357,C01800074,?????????,4801111001,Pai Cheese Ring 10g (10pcsx20packs),10,pcs,0.1,WH-TGU01,01820251204121038183
01120251204025619813,12/5/2025,"TKS,PHM,Inv-15",VO99071,50.42,C,011,5379296,8379295,C01100233,???????????,4801111001,Pai Cheese Ring 10g (10pcsx20packs),20,pcs,0.2,WH-MGW01,01120251204114009463
00220251204030447237,12/5/2025,INV(24),VO99017,270.54,C,002,5379305,8379304,C00200865,????????,4801111001,Pai Cheese Ring 10g (10pcsx20packs),100,pcs,1,WH-MDY01,00220251204114348510
00120251204055150310,12/5/2025,AL/BH/KMD/SC                         Inv;17,VO99004,207.16,C,001,5379241,8379240,C00104768,Spirit,4801111001,Pai Cheese Ring 10g (10pcsx20packs),10,pcs,0.1,DC-YGN01,00120251204112910483
00120251204055331843,12/5/2025,HTY SHOP-40,VO99063,172.61,C,001,5379239,8379238,C00104682,??????????,4801111001,Pai Cheese Ring 10g (10pcsx20packs),10,pcs,0.1,DC-YGN01,00120251204112908207
00120251204055312437,12/5/2025,HL/KMY                  Inv;21,VO99032,71.52,C,001,5379256,8379255,C00139855,?????????????? ?????,4801111001,Pai Cheese Ring 10g (10pcsx20packs),10,pcs,0.1,DC-YGN01,00120251204113217290
00520251204025551447,12/5/2025,OT Inv [ 6 ] ,VO99038,74.49,C,005,5379255,8379254,C00501662,Ocean-NPT-OTTR,4801111001,Pai Cheese Ring 10g (10pcsx20packs),250,pcs,2.5,WH-NPT01,00520251204113210687
01120251204025619813,12/5/2025,"TKS,PHM,Inv-15",VO99071,50.42,C,011,5379248,8379247,C01100487,????,4801111001,Pai Cheese Ring 10g (10pcsx20packs),20,pcs,0.2,WH-MGW01,01120251204113103670
00120251204055350787,12/5/2025,SPT                 Inv;24,VO99037,152.53,C,001,5379186,8379185,C00151014,??????????,4801111001,Pai Cheese Ring 10g (10pcsx20packs),10,pcs,0.1,DC-YGN01,00120251204111633463
00120251204055453930,12/5/2025,NDG/EDG                 Inv;19,VO99043,65.06,C,001,5379190,8379189,C00126810,?????????,4801111001,Pai Cheese Ring 10g (10pcsx20packs),30,pcs,0.3,DC-YGN01,00120251204111637920
00220251204030419380,12/5/2025,INV(12),VO99016,49.15,C,002,5379197,8379196,C00211403,?????????,4801111001,Pai Cheese Ring 10g (10pcsx20packs),20,pcs,0.2,WH-MDY01,00220251204111939357
00120251204055411300,12/5/2025,INS                  Inv;41,VO99039,207.42,C,001,5379208,8379207,C00124595,T&C,4801111001,Pai Cheese Ring 10g (10pcsx20packs),20,pcs,0.2,DC-YGN01,00120251204112250327
00720251204041153110,12/5/2025,inv 16,VO99052,117.9,C,007,5379214,8379213,C00700369,???????,4801111001,Pai Cheese Ring 10g (10pcsx20packs),10,pcs,0.1,WH-PTN01,00720251204112457460
01120251204025619813,12/5/2025,"TKS,PHM,Inv-15",VO99071,50.42,C,011,5379215,8379214,C01105470,??? ?????,4801111001,Pai Cheese Ring 10g (10pcsx20packs),20,pcs,0.2,WH-MGW01,01120251204112459487
00120251204055355003,12/5/2025,MGLD SHOP-11,VO99061,170.32,C,001,5379236,8379235,C00128507,???????,4801111001,Pai Cheese Ring 10g (10pcsx20packs),20,pcs,0.2,DC-YGN01,00120251204112905917
00120251204055303940,12/5/2025,TGG SHOP-29,VO99106,118.32,C,001,5379530,8379529,C00129110,?????,4801111001,Pai Cheese Ring 10g (10pcsx20packs),10,pcs,0.1,DC-YGN01,00120251204021139060
00220251204030419380,12/5/2025,INV(12),VO99016,49.15,C,002,5379540,8379539,C00201174,??????????????,4801111001,Pai Cheese Ring 10g (10pcsx20packs),10,pcs,0.1,WH-MDY01,00220251204021729697
00220251204030542770,12/5/2025,INV(21),VO99019,74.42,C,002,5379538,8379537,C00200158,City Hospital,4801111001,Pai Cheese Ring 10g (10pcsx20packs),30,pcs,0.3,WH-MDY01,00220251204021727617
00120251204055312437,12/5/2025,HL/KMY                  Inv;21,VO99032,71.52,C,001,5379527,8379526,C00132440,????????,4801111001,Pai Cheese Ring 10g (10pcsx20packs),10,pcs,0.1,DC-YGN01,00120251204021135987
00120251204055455197,12/5/2025,"SOKL,YK SHOP-20",VO99046,139.57,C,001,5379521,8379520,C00105995,????????,4801111001,Pai Cheese Ring 10g (10pcsx20packs),20,pcs,0.2,DC-YGN01,00120251204020831770
00120251204055303940,12/5/2025,TGG SHOP-29,VO99106,118.32,C,001,5379516,8379515,C00145228,?????????,4801111001,Pai Cheese Ring 10g (10pcsx20packs),10,pcs,0.1,DC-YGN01,00120251204020227627
00220251204030516657,12/5/2025,INV(27),VO99018,210.62,C,002,5379485,8379484,C00200928,Shwe Moe,4801111001,Pai Cheese Ring 10g (10pcsx20packs),100,pcs,1,WH-MDY01,00220251204014112397
00220251204030516657,12/5/2025,INV(27),VO99018,210.62,C,002,5379500,8379499,C00204639,??????????,4801111001,Pai Cheese Ring 10g (10pcsx20packs),20,pcs,0.2,WH-MDY01,00220251204014716270
00120251204043440913,12/5/2025,K Mart-SDG     INV--1,VO99002,3.2,C,001,5379464,8379463,C00153085,K Mart(SDG),4801111001,Pai Cheese Ring 10g (10pcsx20packs),20,pcs,0.2,DC-YGN01,00120251204012502247
00120251204032927827,12/5/2025,K Mart-HTY     INV--1,VO99010,1.9,C,001,5379463,8379462,C00152921,K Mart Supermarket -HTY,4801111001,Pai Cheese Ring 10g (10pcsx20packs),30,pcs,0.3,DC-YGN01,00120251204012049030
00120251204055411300,12/5/2025,INS                  Inv;41,VO99039,207.42,C,001,5379461,8379460,C00103064,?????????,4801111001,Pai Cheese Ring 10g (10pcsx20packs),10,pcs,0.1,DC-YGN01,00120251204011654827
00120251204055303940,12/5/2025,TGG SHOP-29,VO99106,118.32,C,001,5379457,8379456,C00134261,????????????,4801111001,Pai Cheese Ring 10g (10pcsx20packs),10,pcs,0.1,DC-YGN01,00120251204011050333
00120251204055433497,12/5/2025,TKT-PZD                  Inv;35,VO99042,125.77,C,001,5379455,8379454,C00102235,??????,4801111001,Pai Cheese Ring 10g (10pcsx20packs),20,pcs,0.2,DC-YGN01,00120251204010747610
00120251204055331843,12/5/2025,HTY SHOP-40,VO99063,172.61,C,001,5379449,8379448,C00152798,???????,4801111001,Pai Cheese Ring 10g (10pcsx20packs),20,pcs,0.2,DC-YGN01,00120251204010737823
00220251204030608007,12/5/2025,INV(19),VO99040,140.01,C,002,5379441,8379440,C00209844,??????????,4801111001,Pai Cheese Ring 10g (10pcsx20packs),40,pcs,0.4,WH-MDY01,00220251204125603517
00120251204055411300,12/5/2025,INS                  Inv;41,VO99039,207.42,C,001,5379445,8379444,C00140664,???????????,4801111001,Pai Cheese Ring 10g (10pcsx20packs),10,pcs,0.1,DC-YGN01,00120251204010733747
00120251204055333027,12/5/2025,MYG                Inv;23,VO99035,88.27,C,001,5379451,8379450,C00141015,SB Baby Shop (21) - MYG,4801111001,Pai Cheese Ring 10g (10pcsx20packs),30,pcs,0.3,DC-YGN01,00120251204010740040
00120251204055433497,12/5/2025,TKT-PZD                  Inv;35,VO99042,125.77,C,001,5379453,8379452,C00143637,SB Baby Shop (23) - Dawbon,4801111001,Pai Cheese Ring 10g (10pcsx20packs),60,pcs,0.6,DC-YGN01,00120251204010743023
00120251204055455197,12/5/2025,"SOKL,YK SHOP-20",VO99046,139.57,C,001,5379452,8379451,C00135779,SB Baby Shop (16) -YK,4801111001,Pai Cheese Ring 10g (10pcsx20packs),60,pcs,0.6,DC-YGN01,00120251204010741650
00120251204055433497,12/5/2025,TKT-PZD                  Inv;35,VO99042,125.77,C,001,5379454,8379453,C00127655,??????,4801111001,Pai Cheese Ring 10g (10pcsx20packs),20,pcs,0.2,DC-YGN01,00120251204010746427
00120251204055520713,12/5/2025,NOKL SHOP-44,VO99045,173.34,C,001,5379437,8379436,C00136028,?????????,4801111001,Pai Cheese Ring 10g (10pcsx20packs),10,pcs,0.1,DC-YGN01,00120251204125526500
00120251204055150310,12/5/2025,AL/BH/KMD/SC                         Inv;17,VO99004,207.16,C,001,5379430,8379429,C00124538,Diamond Mini Mart,4801111001,Pai Cheese Ring 10g (10pcsx20packs),10,pcs,0.1,DC-YGN01,00120251204124617870
00120251204055520713,12/5/2025,NOKL SHOP-44,VO99045,173.34,C,001,5379665,8379664,C00124653,??????,4801111001,Pai Cheese Ring 10g (10pcsx20packs),10,pcs,0.1,DC-YGN01,00120251204030410833
00220251204030542770,12/5/2025,INV(21),VO99019,74.42,C,002,5379652,8379651,C00208599,??????????,4801111001,Pai Cheese Ring 10g (10pcsx20packs),10,pcs,0.1,WH-MDY01,00220251204025358920
00120251204055333027,12/5/2025,MYG                Inv;23,VO99035,88.27,C,001,5379655,8379654,C00153066,?????,4801111001,Pai Cheese Ring 10g (10pcsx20packs),10,pcs,0.1,DC-YGN01,00120251204025445713
00220251204035656017,12/5/2025,INV(3),VO99019,5.07,C,002,5379658,8379657,C00208903,Golden City,4801111001,Pai Cheese Ring 10g (10pcsx20packs),20,pcs,0.2,WH-MDY01,00220251204030009567
00120251204055312437,12/5/2025,HL/KMY                  Inv;21,VO99032,71.52,C,001,5379705,8379704,C00149825,??????????????,4801111001,Pai Cheese Ring 10g (10pcsx20packs),10,pcs,0.1,DC-YGN01,00120251204032858467
00120251204055425190,12/5/2025,S.DGN/SEIKKAN SHOP-26,VO99060,84.41,C,001,5379701,8379700,C00141006,SB Baby Shop (20) -  DGSK,4801111001,Pai Cheese Ring 10g (10pcsx20packs),30,pcs,0.3,DC-YGN01,00120251204032555300
00120251204055234630,12/5/2025,TLN/KT SHOP-11,VO99113,43.87,C,001,5379713,8379712,C00800920,????????,4801111001,Pai Cheese Ring 10g (10pcsx20packs),20,pcs,0.2,DC-YGN01,00120251204033503643
00120251204055312437,12/5/2025,HL/KMY                  Inv;21,VO99032,71.52,C,001,5379714,8379713,C00141090,????? ?????????????????????????,4801111001,Pai Cheese Ring 10g (10pcsx20packs),10,pcs,0.1,DC-YGN01,00120251204033505230
00720251204041153110,12/5/2025,inv 16,VO99052,117.9,C,007,5379720,8379719,C00702811,Mayor(??????????? ?????),4801111001,Pai Cheese Ring 10g (10pcsx20packs),10,pcs,0.1,WH-PTN01,00720251204034209727
01620251204041102773,12/5/2025,"Inv-14, Bago, WAW",VO99083,207.85,C,016,5379565,8379564,C01601212,??????????,4801111001,Pai Cheese Ring 10g (10pcsx20packs),20,pcs,0.2,WH-BGO99,01620251204022950617
00120251204055433497,12/5/2025,TKT-PZD                  Inv;35,VO99042,125.77,C,001,5379557,8379556,C00145062,?????????,4801111001,Pai Cheese Ring 10g (10pcsx20packs),20,pcs,0.2,DC-YGN01,00120251204022347223
00120251204055455197,12/5/2025,"SOKL,YK SHOP-20",VO99046,139.57,C,001,5379566,8379565,C00145137,SB Baby Shop(24) -YK,4801111001,Pai Cheese Ring 10g (10pcsx20packs),30,pcs,0.3,DC-YGN01,00120251204022952823
00120251204055218913,12/5/2025,MGLTN/Tamwe                       Inv;23,VO99005,106.64,C,001,5379572,8379571,C00102633,?????????,4801111001,Pai Cheese Ring 10g (10pcsx20packs),10,pcs,0.1,DC-YGN01,00120251204022959657
00120251204043017587,12/5/2025,Carrefour Easy     INV--2,VO99002,105.23,C,001,5379592,8379591,C00133397,Carrefour Easy,4801111001,Pai Cheese Ring 10g (10pcsx20packs),240,pcs,2.4,DC-YGN01,00120251204023807613
00220251204030516657,12/5/2025,INV(27),VO99018,210.62,C,002,5379617,8379616,C00206360,?????????????,4801111001,Pai Cheese Ring 10g (10pcsx20packs),10,pcs,0.1,WH-MDY01,00220251204024440430
00220251204030516657,12/5/2025,INV(27),VO99018,210.62,C,002,5379625,8379624,C00206209,?????????,4801111001,Pai Cheese Ring 10g (10pcsx20packs),10,pcs,0.1,WH-MDY01,00220251204024450983
00120251204055453930,12/5/2025,NDG/EDG                 Inv;19,VO99043,65.06,C,001,5379628,8379627,C00101489,????????,4801111001,Pai Cheese Ring 10g (10pcsx20packs),20,pcs,0.2,DC-YGN01,00120251204024523273
00120251204055252693,12/5/2025,LT/PBD/LMD                 Inv;22,VO99012,81.7,C,001,5379646,8379645,C00113685,?????????,4801111001,Pai Cheese Ring 10g (10pcsx20packs),400,pcs,4,DC-YGN01,00120251204025138580
00120251204055303940,12/5/2025,TGG SHOP-29,VO99106,118.32,C,001,5379649,8379648,C00139515,SB Baby Shop (19) -TWN,4801111001,Pai Cheese Ring 10g (10pcsx20packs),60,pcs,0.6,DC-YGN01,00120251204025142560
00120251204055303940,12/5/2025,TGG SHOP-29,VO99106,118.32,C,001,5379649,8379648,C00139515,SB Baby Shop (19) -TWN,4801111002,Pai Cheese Ball 10g (10pcsx20packs),60,pcs,0.6,DC-YGN01,00120251204025142560
00120251204055303940,12/5/2025,TGG SHOP-29,VO99106,118.32,C,001,5379648,8379647,C00128212,SB Baby Shop (2) - TGG,4801111002,Pai Cheese Ball 10g (10pcsx20packs),30,pcs,0.3,DC-YGN01,00120251204025140983
00120251204055252693,12/5/2025,LT/PBD/LMD                 Inv;22,VO99012,81.7,C,001,5379646,8379645,C00113685,?????????,4801111002,Pai Cheese Ball 10g (10pcsx20packs),400,pcs,4,DC-YGN01,00120251204025138580
00120251204055453930,12/5/2025,NDG/EDG                 Inv;19,VO99043,65.06,C,001,5379628,8379627,C00101489,????????,4801111002,Pai Cheese Ball 10g (10pcsx20packs),20,pcs,0.2,DC-YGN01,00120251204024523273
00120251204055520713,12/5/2025,NOKL SHOP-44,VO99045,173.34,C,001,5379640,8379639,C00135972,??????????????????,4801111002,Pai Cheese Ball 10g (10pcsx20packs),20,pcs,0.2,DC-YGN01,00120251204024831433
00220251204030516657,12/5/2025,INV(27),VO99018,210.62,C,002,5379625,8379624,C00206209,?????????,4801111002,Pai Cheese Ball 10g (10pcsx20packs),10,pcs,0.1,WH-MDY01,00220251204024450983
01120251204025619813,12/5/2025,"TKS,PHM,Inv-15",VO99071,50.42,C,011,5379602,8379601,C01100767,No -10 Store,4801111002,Pai Cheese Ball 10g (10pcsx20packs),1,pcs,0.01,WH-MGW01,01120251204024153797
00220251204030608007,12/5/2025,INV(19),VO99040,140.01,C,002,5379613,8379612,C00211477,??????????,4801111002,Pai Cheese Ball 10g (10pcsx20packs),10,pcs,0.1,WH-MDY01,00220251204024435470
00120251204055218913,12/5/2025,MGLTN/Tamwe                       Inv;23,VO99005,106.64,C,001,5379572,8379571,C00102633,?????????,4801111002,Pai Cheese Ball 10g (10pcsx20packs),10,pcs,0.1,DC-YGN01,00120251204022959657
00120251204055455197,12/5/2025,"SOKL,YK SHOP-20",VO99046,139.57,C,001,5379566,8379565,C00145137,SB Baby Shop(24) -YK,4801111002,Pai Cheese Ball 10g (10pcsx20packs),30,pcs,0.3,DC-YGN01,00120251204022952823
00120251204055433497,12/5/2025,TKT-PZD                  Inv;35,VO99042,125.77,C,001,5379557,8379556,C00145062,?????????,4801111002,Pai Cheese Ball 10g (10pcsx20packs),50,pcs,0.5,DC-YGN01,00120251204022347223
00120251204055433497,12/5/2025,TKT-PZD                  Inv;35,VO99042,125.77,C,001,5379556,8379555,C00102233,Ko Mg Win,4801111002,Pai Cheese Ball 10g (10pcsx20packs),50,pcs,0.5,DC-YGN01,00120251204022346263
01620251204041102773,12/5/2025,"Inv-14, Bago, WAW",VO99083,207.85,C,016,5379565,8379564,C01601212,??????????,4801111002,Pai Cheese Ball 10g (10pcsx20packs),10,pcs,0.1,WH-BGO99,01620251204022950617
00720251204041153110,12/5/2025,inv 16,VO99052,117.9,C,007,5379720,8379719,C00702811,Mayor(??????????? ?????),4801111002,Pai Cheese Ball 10g (10pcsx20packs),10,pcs,0.1,WH-PTN01,00720251204034209727
00120251204055312437,12/5/2025,HL/KMY                  Inv;21,VO99032,71.52,C,001,5379714,8379713,C00141090,????? ?????????????????????????,4801111002,Pai Cheese Ball 10g (10pcsx20packs),10,pcs,0.1,DC-YGN01,00120251204033505230
00120251204055234630,12/5/2025,TLN/KT SHOP-11,VO99113,43.87,C,001,5379713,8379712,C00800920,????????,4801111002,Pai Cheese Ball 10g (10pcsx20packs),20,pcs,0.2,DC-YGN01,00120251204033503643
00120251204055425190,12/5/2025,S.DGN/SEIKKAN SHOP-26,VO99060,84.41,C,001,5379701,8379700,C00141006,SB Baby Shop (20) -  DGSK,4801111002,Pai Cheese Ball 10g (10pcsx20packs),30,pcs,0.3,DC-YGN01,00120251204032555300
00120251204055312437,12/5/2025,HL/KMY                  Inv;21,VO99032,71.52,C,001,5379705,8379704,C00149825,??????????????,4801111002,Pai Cheese Ball 10g (10pcsx20packs),10,pcs,0.1,DC-YGN01,00120251204032858467
00220251204035656017,12/5/2025,INV(3),VO99019,5.07,C,002,5379658,8379657,C00208903,Golden City,4801111002,Pai Cheese Ball 10g (10pcsx20packs),20,pcs,0.2,WH-MDY01,00220251204030009567
00120251204055333027,12/5/2025,MYG                Inv;23,VO99035,88.27,C,001,5379655,8379654,C00153066,?????,4801111002,Pai Cheese Ball 10g (10pcsx20packs),10,pcs,0.1,DC-YGN01,00120251204025445713
00120251204055520713,12/5/2025,NOKL SHOP-44,VO99045,173.34,C,001,5379665,8379664,C00124653,??????,4801111002,Pai Cheese Ball 10g (10pcsx20packs),10,pcs,0.1,DC-YGN01,00120251204030410833
00120251204055333027,12/5/2025,MYG                Inv;23,VO99035,88.27,C,001,5379668,8379667,C00144400,???,4801111002,Pai Cheese Ball 10g (10pcsx20packs),20,pcs,0.2,DC-YGN01,00120251204030713887
00120251204055150310,12/5/2025,AL/BH/KMD/SC                         Inv;17,VO99004,207.16,C,001,5379430,8379429,C00124538,Diamond Mini Mart,4801111002,Pai Cheese Ball 10g (10pcsx20packs),10,pcs,0.1,DC-YGN01,00120251204124617870
00120251204055411300,12/5/2025,INS                  Inv;41,VO99039,207.42,C,001,5379431,8379430,C00142752,??????,4801111002,Pai Cheese Ball 10g (10pcsx20packs),10,pcs,0.1,DC-YGN01,00120251204124919630
00120251204055520713,12/5/2025,NOKL SHOP-44,VO99045,173.34,C,001,5379437,8379436,C00136028,?????????,4801111002,Pai Cheese Ball 10g (10pcsx20packs),10,pcs,0.1,DC-YGN01,00120251204125526500
00120251204055433497,12/5/2025,TKT-PZD                  Inv;35,VO99042,125.77,C,001,5379454,8379453,C00127655,??????,4801111002,Pai Cheese Ball 10g (10pcsx20packs),20,pcs,0.2,DC-YGN01,00120251204010746427
00120251204055455197,12/5/2025,"SOKL,YK SHOP-20",VO99046,139.57,C,001,5379452,8379451,C00135779,SB Baby Shop (16) -YK,4801111002,Pai Cheese Ball 10g (10pcsx20packs),30,pcs,0.3,DC-YGN01,00120251204010741650
00120251204055411300,12/5/2025,INS                  Inv;41,VO99039,207.42,C,001,5379445,8379444,C00140664,???????????,4801111002,Pai Cheese Ball 10g (10pcsx20packs),10,pcs,0.1,DC-YGN01,00120251204010733747
00120251204055331843,12/5/2025,HTY SHOP-40,VO99063,172.61,C,001,5379449,8379448,C00152798,???????,4801111002,Pai Cheese Ball 10g (10pcsx20packs),20,pcs,0.2,DC-YGN01,00120251204010737823
00120251204055303940,12/5/2025,TGG SHOP-29,VO99106,118.32,C,001,5379457,8379456,C00134261,????????????,4801111002,Pai Cheese Ball 10g (10pcsx20packs),10,pcs,0.1,DC-YGN01,00120251204011050333
00120251204055411300,12/5/2025,INS                  Inv;41,VO99039,207.42,C,001,5379461,8379460,C00103064,?????????,4801111002,Pai Cheese Ball 10g (10pcsx20packs),10,pcs,0.1,DC-YGN01,00120251204011654827
00120251204055331843,12/5/2025,HTY SHOP-40,VO99063,172.61,C,001,5379460,8379459,C00130758,SB Baby Shop (6) - HTY,4801111002,Pai Cheese Ball 10g (10pcsx20packs),60,pcs,0.6,DC-YGN01,00120251204011352893
00120251204032927827,12/5/2025,K Mart-HTY     INV--1,VO99010,1.9,C,001,5379463,8379462,C00152921,K Mart Supermarket -HTY,4801111002,Pai Cheese Ball 10g (10pcsx20packs),30,pcs,0.3,DC-YGN01,00120251204012049030
00220251204030516657,12/5/2025,INV(27),VO99018,210.62,C,002,5379500,8379499,C00204639,??????????,4801111002,Pai Cheese Ball 10g (10pcsx20packs),50,pcs,0.5,WH-MDY01,00220251204014716270
00120251204055411300,12/5/2025,INS                  Inv;41,VO99039,207.42,C,001,5379487,8379486,C00111984,???????,4801111002,Pai Cheese Ball 10g (10pcsx20packs),10,pcs,0.1,DC-YGN01,00120251204014114020
00220251204030419380,12/5/2025,INV(12),VO99016,49.15,C,002,5379499,8379498,C00204366,?????????????,4801111002,Pai Cheese Ball 10g (10pcsx20packs),10,pcs,0.1,WH-MDY01,00220251204014715147
00120251204055303940,12/5/2025,TGG SHOP-29,VO99106,118.32,C,001,5379516,8379515,C00145228,?????????,4801111002,Pai Cheese Ball 10g (10pcsx20packs),20,pcs,0.2,DC-YGN01,00120251204020227627
00120251204055455197,12/5/2025,"SOKL,YK SHOP-20",VO99046,139.57,C,001,5379521,8379520,C00105995,????????,4801111002,Pai Cheese Ball 10g (10pcsx20packs),20,pcs,0.2,DC-YGN01,00120251204020831770
00120251204055312437,12/5/2025,HL/KMY                  Inv;21,VO99032,71.52,C,001,5379527,8379526,C00132440,????????,4801111002,Pai Cheese Ball 10g (10pcsx20packs),10,pcs,0.1,DC-YGN01,00120251204021135987
00220251204030542770,12/5/2025,INV(21),VO99019,74.42,C,002,5379538,8379537,C00200158,City Hospital,4801111002,Pai Cheese Ball 10g (10pcsx20packs),30,pcs,0.3,WH-MDY01,00220251204021727617
00220251204030419380,12/5/2025,INV(12),VO99016,49.15,C,002,5379539,8379538,C00200992,????????,4801111002,Pai Cheese Ball 10g (10pcsx20packs),20,pcs,0.2,WH-MDY01,00220251204021728710
00220251204030419380,12/5/2025,INV(12),VO99016,49.15,C,002,5379540,8379539,C00201174,??????????????,4801111002,Pai Cheese Ball 10g (10pcsx20packs),10,pcs,0.1,WH-MDY01,00220251204021729697
00120251204055303940,12/5/2025,TGG SHOP-29,VO99106,118.32,C,001,5379530,8379529,C00129110,?????,4801111002,Pai Cheese Ball 10g (10pcsx20packs),30,pcs,0.3,DC-YGN01,00120251204021139060
00120251204055355003,12/5/2025,MGLD SHOP-11,VO99061,170.32,C,001,5379236,8379235,C00128507,???????,4801111002,Pai Cheese Ball 10g (10pcsx20packs),20,pcs,0.2,DC-YGN01,00120251204112905917
01120251204025619813,12/5/2025,"TKS,PHM,Inv-15",VO99071,50.42,C,011,5379215,8379214,C01105470,??? ?????,4801111002,Pai Cheese Ball 10g (10pcsx20packs),20,pcs,0.2,WH-MGW01,01120251204112459487
00720251204041153110,12/5/2025,inv 16,VO99052,117.9,C,007,5379214,8379213,C00700369,???????,4801111002,Pai Cheese Ball 10g (10pcsx20packs),10,pcs,0.1,WH-PTN01,00720251204112457460
00120251204055411300,12/5/2025,INS                  Inv;41,VO99039,207.42,C,001,5379208,8379207,C00124595,T&C,4801111002,Pai Cheese Ball 10g (10pcsx20packs),20,pcs,0.2,DC-YGN01,00120251204112250327
00120251204055333027,12/5/2025,MYG                Inv;23,VO99035,88.27,C,001,5379204,8379203,C00101132,?????,4801111002,Pai Cheese Ball 10g (10pcsx20packs),10,pcs,0.1,DC-YGN01,00120251204112243750
00220251204030419380,12/5/2025,INV(12),VO99016,49.15,C,002,5379197,8379196,C00211403,?????????,4801111002,Pai Cheese Ball 10g (10pcsx20packs),10,pcs,0.1,WH-MDY01,00220251204111939357
00120251204055453930,12/5/2025,NDG/EDG                 Inv;19,VO99043,65.06,C,001,5379190,8379189,C00126810,?????????,4801111002,Pai Cheese Ball 10g (10pcsx20packs),10,pcs,0.1,DC-YGN01,00120251204111637920
00120251204055350787,12/5/2025,SPT                 Inv;24,VO99037,152.53,C,001,5379186,8379185,C00151014,??????????,4801111002,Pai Cheese Ball 10g (10pcsx20packs),10,pcs,0.1,DC-YGN01,00120251204111633463
00120251204055520713,12/5/2025,NOKL SHOP-44,VO99045,173.34,C,001,5379172,8379171,C00123810,??????????,4801111002,Pai Cheese Ball 10g (10pcsx20packs),10,pcs,0.1,DC-YGN01,00120251204111316460
00120251204055455197,12/5/2025,"SOKL,YK SHOP-20",VO99046,139.57,C,001,5379184,8379183,C00105840,?????,4801111002,Pai Cheese Ball 10g (10pcsx20packs),30,pcs,0.3,DC-YGN01,00120251204111631480
01120251204025619813,12/5/2025,"TKS,PHM,Inv-15",VO99071,50.42,C,011,5379248,8379247,C01100487,????,4801111002,Pai Cheese Ball 10g (10pcsx20packs),20,pcs,0.2,WH-MGW01,01120251204113103670
00520251204025551447,12/5/2025,OT Inv [ 6 ] ,VO99038,74.49,C,005,5379255,8379254,C00501662,Ocean-NPT-OTTR,4801111002,Pai Cheese Ball 10g (10pcsx20packs),200,pcs,2,WH-NPT01,00520251204113210687
00120251204055312437,12/5/2025,HL/KMY                  Inv;21,VO99032,71.52,C,001,5379256,8379255,C00139855,?????????????? ?????,4801111002,Pai Cheese Ball 10g (10pcsx20packs),10,pcs,0.1,DC-YGN01,00120251204113217290
00120251204055331843,12/5/2025,HTY SHOP-40,VO99063,172.61,C,001,5379239,8379238,C00104682,??????????,4801111002,Pai Cheese Ball 10g (10pcsx20packs),10,pcs,0.1,DC-YGN01,00120251204112908207
00120251204055150310,12/5/2025,AL/BH/KMD/SC                         Inv;17,VO99004,207.16,C,001,5379241,8379240,C00104768,Spirit,4801111002,Pai Cheese Ball 10g (10pcsx20packs),10,pcs,0.1,DC-YGN01,00120251204112910483
00220251204030447237,12/5/2025,INV(24),VO99017,270.54,C,002,5379305,8379304,C00200865,????????,4801111002,Pai Cheese Ball 10g (10pcsx20packs),100,pcs,1,WH-MDY01,00220251204114348510
01120251204025619813,12/5/2025,"TKS,PHM,Inv-15",VO99071,50.42,C,011,5379296,8379295,C01100233,???????????,4801111002,Pai Cheese Ball 10g (10pcsx20packs),20,pcs,0.2,WH-MGW01,01120251204114009463
00220251204030447237,12/5/2025,INV(24),VO99017,270.54,C,002,5379297,8379296,C00202916,?????????,4801111002,Pai Cheese Ball 10g (10pcsx20packs),200,pcs,2,WH-MDY01,00220251204114046300
01820251204030452237,12/5/2025,Down Town Invo-10 SML,VO99068,50.09,C,018,5379358,8379357,C01800074,?????????,4801111002,Pai Cheese Ball 10g (10pcsx20packs),10,pcs,0.1,WH-TGU01,01820251204121038183
00120251204055312437,12/5/2025,HL/KMY                  Inv;21,VO99032,71.52,C,001,5379355,8379354,C00149854,?????????,4801111002,Pai Cheese Ball 10g (10pcsx20packs),10,pcs,0.1,DC-YGN01,00120251204120922780
00220251204030608007,12/5/2025,INV(19),VO99040,140.01,C,002,5379343,8379342,C00209803,?????????,4801111002,Pai Cheese Ball 10g (10pcsx20packs),30,pcs,0.3,WH-MDY01,00220251204120151940
00120251204055455197,12/5/2025,"SOKL,YK SHOP-20",VO99046,139.57,C,001,5379318,8379317,C00131132,Glorious Myanmar Mini Mart,4801111002,Pai Cheese Ball 10g (10pcsx20packs),10,pcs,0.1,DC-YGN01,00120251204114749250
00120251204055331843,12/5/2025,HTY SHOP-40,VO99063,172.61,C,001,5379317,8379316,C00107962,??????????,4801111002,Pai Cheese Ball 10g (10pcsx20packs),20,pcs,0.2,DC-YGN01,00120251204114748043
00120251204055333027,12/5/2025,MYG                Inv;23,VO99035,88.27,C,001,5379312,8379311,C00132948,???????????,4801111002,Pai Cheese Ball 10g (10pcsx20packs),20,pcs,0.2,DC-YGN01,00120251204114741090
00220251204030542770,12/5/2025,INV(21),VO99019,74.42,C,002,5379310,8379309,C00200291,?????????,4801111002,Pai Cheese Ball 10g (10pcsx20packs),20,pcs,0.2,WH-MDY01,00220251204114650000
00120251204055150310,12/5/2025,AL/BH/KMD/SC                         Inv;17,VO99004,207.16,C,001,5379331,8379330,C00137536,Buy & GO,4801111002,Pai Cheese Ball 10g (10pcsx20packs),10,pcs,0.1,DC-YGN01,00120251204115703210
01120251204025619813,12/5/2025,"TKS,PHM,Inv-15",VO99071,50.42,C,011,5379322,8379321,C01101250,?????????,4801111002,Pai Cheese Ball 10g (10pcsx20packs),20,pcs,0.2,WH-MGW01,01120251204115216083
00120251204055303940,12/5/2025,TGG SHOP-29,VO99106,118.32,C,001,5379425,8379424,C00127575,SB Baby Shop (1) - TGG,4801111002,Pai Cheese Ball 10g (10pcsx20packs),30,pcs,0.3,DC-YGN01,00120251204124312183
00120251204055150310,12/5/2025,AL/BH/KMD/SC                         Inv;17,VO99004,207.16,C,001,5379413,8379412,C00114007,?????????????????,4801111002,Pai Cheese Ball 10g (10pcsx20packs),30,pcs,0.3,DC-YGN01,00120251204123103087
00120251204055453930,12/5/2025,NDG/EDG                 Inv;19,VO99043,65.06,C,001,5379416,8379415,C00110251,???????????,4801111002,Pai Cheese Ball 10g (10pcsx20packs),100,pcs,1,DC-YGN01,00120251204123705363
01620251204035823093,12/5/2025,"Inv-18, Bago, Thatnatpin, Minywar",VO99082,101.93,C,016,5379415,8379414,C01603853,???????,4801111002,Pai Cheese Ball 10g (10pcsx20packs),20,pcs,0.2,WH-BGO99,01620251204123201633
00520251204025447907,12/5/2025,"MMZ ,KS Inv [ 31 ]",VO99028,156.27,C,005,5379400,8379399,C00500623,Shwe Kaung Kin,4801111002,Pai Cheese Ball 10g (10pcsx20packs),50,pcs,0.5,WH-NPT01,00520251204122554193
00120251204055331843,12/5/2025,HTY SHOP-40,VO99063,172.61,C,001,5379402,8379401,C00145440,??????????,4801111002,Pai Cheese Ball 10g (10pcsx20packs),10,pcs,0.1,DC-YGN01,00120251204122756470
00520251204025447907,12/5/2025,"MMZ ,KS Inv [ 31 ]",VO99028,156.27,C,005,5379407,8379406,C00501020,????????,4801111002,Pai Cheese Ball 10g (10pcsx20packs),100,pcs,1,WH-NPT01,00520251204122857123
00120251204055333027,12/5/2025,MYG                Inv;23,VO99035,88.27,C,001,5379393,8379392,C00130755,SB Baby Shop (5)- MYG,4801111002,Pai Cheese Ball 10g (10pcsx20packs),30,pcs,0.3,DC-YGN01,00120251204122454407
00120251204055350787,12/5/2025,SPT                 Inv;24,VO99037,152.53,C,001,5379364,8379363,C00145051,???????,4801111002,Pai Cheese Ball 10g (10pcsx20packs),10,pcs,0.1,DC-YGN01,00120251204121231380
00120251204022125123,12/5/2025,Maxi     INV--3,VO99002,23.87,C,001,5378935,8378934,C00138406,MAXI,4801111002,Pai Cheese Ball 10g (10pcsx20packs),240,pcs,2.4,DC-YGN01,00120251204102131920
00120251204055218913,12/5/2025,MGLTN/Tamwe                       Inv;23,VO99005,106.64,C,001,5378932,8378931,C00133128,?????????,4801111002,Pai Cheese Ball 10g (10pcsx20packs),10,pcs,0.1,DC-YGN01,00120251204102102193
00120251204055433497,12/5/2025,TKT-PZD                  Inv;35,VO99042,125.77,C,001,5378923,8378922,C00152589,????????,4801111002,Pai Cheese Ball 10g (10pcsx20packs),20,pcs,0.2,DC-YGN01,00120251204101756557
00120251204055331843,12/5/2025,HTY SHOP-40,VO99063,172.61,C,001,5378979,8378978,C00109542,?????,4801111002,Pai Cheese Ball 10g (10pcsx20packs),10,pcs,0.1,DC-YGN01,00120251204103400693
00120251204055425190,12/5/2025,S.DGN/SEIKKAN SHOP-26,VO99060,84.41,C,001,5378994,8378993,C00138431,Lamin ?????,4801111002,Pai Cheese Ball 10g (10pcsx20packs),10,pcs,0.1,DC-YGN01,00120251204103719947
00120251204055520713,12/5/2025,NOKL SHOP-44,VO99045,173.34,C,001,5378993,8378992,C00126492,???????,4801111002,Pai Cheese Ball 10g (10pcsx20packs),10,pcs,0.1,DC-YGN01,00120251204103711087
00120251204055433497,12/5/2025,TKT-PZD                  Inv;35,VO99042,125.77,C,001,5379005,8379004,C00110768,?????,4801111002,Pai Cheese Ball 10g (10pcsx20packs),20,pcs,0.2,DC-YGN01,00120251204103740140
00120251204055333027,12/5/2025,MYG                Inv;23,VO99035,88.27,C,001,5379024,8379023,C00136496,4 You,4801111002,Pai Cheese Ball 10g (10pcsx20packs),20,pcs,0.2,DC-YGN01,00120251204104408613
00220251204030608007,12/5/2025,INV(19),VO99040,140.01,C,002,5379021,8379020,C00201673,??????????,4801111002,Pai Cheese Ball 10g (10pcsx20packs),10,pcs,0.1,WH-MDY01,00220251204104223197
01120251204025619813,12/5/2025,"TKS,PHM,Inv-15",VO99071,50.42,C,011,5379027,8379026,C01100281,????,4801111002,Pai Cheese Ball 10g (10pcsx20packs),10,pcs,0.1,WH-MGW01,01120251204104530677
00120251204055425190,12/5/2025,S.DGN/SEIKKAN SHOP-26,VO99060,84.41,C,001,5379052,8379051,C00103363,??????????,4801111002,Pai Cheese Ball 10g (10pcsx20packs),10,pcs,0.1,DC-YGN01,00120251204105037030
00120251204055425190,12/5/2025,S.DGN/SEIKKAN SHOP-26,VO99060,84.41,C,001,5379049,8379048,C00152843,???????????????????????????????????,4801111002,Pai Cheese Ball 10g (10pcsx20packs),20,pcs,0.2,DC-YGN01,00120251204105030997
00120251204055355003,12/5/2025,MGLD SHOP-11,VO99061,170.32,C,001,5379035,8379034,C00102556,?????,4801111002,Pai Cheese Ball 10g (10pcsx20packs),20,pcs,0.2,DC-YGN01,00120251204104721960
00120251204055218913,12/5/2025,MGLTN/Tamwe                       Inv;23,VO99005,106.64,C,001,5379031,8379030,C00103347,????????,4801111002,Pai Cheese Ball 10g (10pcsx20packs),10,pcs,0.1,DC-YGN01,00120251204104716037
00120251204115926893,12/5/2025,"Pakokku  ( INV - 1 ) , All Producrs ",VO99014,187,C,001,5379043,8379042,C00202760,SD-MDY-Pakokku,4801111002,Pai Cheese Ball 10g (10pcsx20packs),400,pcs,4,WH-MDY01,00120251204104848533
00120251204055411300,12/5/2025,INS                  Inv;41,VO99039,207.42,C,001,5379121,8379120,C00107179,???????,4801111002,Pai Cheese Ball 10g (10pcsx20packs),10,pcs,0.1,DC-YGN01,00120251204110329600
00120251204055453930,12/5/2025,NDG/EDG                 Inv;19,VO99043,65.06,C,001,5379124,8379123,C00129171,????????,4801111002,Pai Cheese Ball 10g (10pcsx20packs),20,pcs,0.2,DC-YGN01,00120251204110334380
00120251204055331843,12/5/2025,HTY SHOP-40,VO99063,172.61,C,001,5379161,8379160,C00131237,???? ?????,4801111002,Pai Cheese Ball 10g (10pcsx20packs),20,pcs,0.2,DC-YGN01,00120251204111005590
00120251204055433497,12/5/2025,TKT-PZD                  Inv;35,VO99042,125.77,C,001,5379162,8379161,C00103684,????(?????),4801111002,Pai Cheese Ball 10g (10pcsx20packs),20,pcs,0.2,DC-YGN01,00120251204111007340
00220251204030447237,12/5/2025,INV(24),VO99017,270.54,C,002,5379169,8379168,C00209059,?????,4801111002,Pai Cheese Ball 10g (10pcsx20packs),10,pcs,0.1,WH-MDY01,00220251204111035563
00120251204055411300,12/5/2025,INS                  Inv;41,VO99039,207.42,C,001,5379174,8379173,C00124408,???????????,4801111002,Pai Cheese Ball 10g (10pcsx20packs),20,pcs,0.2,DC-YGN01,00120251204111319423
00120251204055333027,12/5/2025,MYG                Inv;23,VO99035,88.27,C,001,5379173,8379172,C00112859,?????????,4801111002,Pai Cheese Ball 10g (10pcsx20packs),10,pcs,0.1,DC-YGN01,00120251204111317870
00120251204055333027,12/5/2025,MYG                Inv;23,VO99035,88.27,C,001,5379075,8379074,C00130523,Shop & Shop,4801111002,Pai Cheese Ball 10g (10pcsx20packs),50,pcs,0.5,DC-YGN01,00120251204105353100
00120251204055218913,12/5/2025,MGLTN/Tamwe                       Inv;23,VO99005,106.64,C,001,5379053,8379052,C00124266,???????????,4801111002,Pai Cheese Ball 10g (10pcsx20packs),20,pcs,0.2,DC-YGN01,00120251204105038343
00220251204030447237,12/5/2025,INV(24),VO99017,270.54,C,002,5379063,8379062,C00212182,??????????,4801111002,Pai Cheese Ball 10g (10pcsx20packs),30,pcs,0.3,WH-MDY01,00220251204105218570
00220251204030608007,12/5/2025,INV(19),VO99040,140.01,C,002,5379082,8379081,C00211376,Top One,4801111002,Pai Cheese Ball 10g (10pcsx20packs),10,pcs,0.1,WH-MDY01,00220251204105523597
00120251204055433497,12/5/2025,TKT-PZD                  Inv;35,VO99042,125.77,C,001,5379098,8379097,C00102705,???????,4801111002,Pai Cheese Ball 10g (10pcsx20packs),50,pcs,0.5,DC-YGN01,00120251204110014650
00120251204032000647,12/5/2025,Day To Day     INV--2,VO99033,14.25,C,001,5379108,8379107,C00104653,Day to Day,4801111002,Pai Cheese Ball 10g (10pcsx20packs),30,pcs,0.3,DC-YGN01,00120251204110055767
00120251204055331843,12/5/2025,HTY SHOP-40,VO99063,172.61,C,001,5379104,8379103,C00112829,??????????,4801111002,Pai Cheese Ball 10g (10pcsx20packs),10,pcs,0.1,DC-YGN01,00120251204110022900
00120251204055411300,12/5/2025,INS                  Inv;41,VO99039,207.42,C,001,5378822,8378821,C00113799,?????????,4801111002,Pai Cheese Ball 10g (10pcsx20packs),10,pcs,0.1,DC-YGN01,00120251204095549870
00520251204025447907,12/5/2025,"MMZ ,KS Inv [ 31 ]",VO99028,156.27,C,005,5378812,8378811,C00500010,???????????,4801111002,Pai Cheese Ball 10g (10pcsx20packs),140,pcs,1.4,WH-NPT01,00520251204095437977
00220251204030516657,12/5/2025,INV(27),VO99018,210.62,C,002,5378829,8378828,C00214804,Oasis Mini Mart,4801111002,Pai Cheese Ball 10g (10pcsx20packs),20,pcs,0.2,WH-MDY01,00220251204095732033
00620251204025351630,12/5/2025,V54(AungPan),VO99054,69.24,C,006,5378836,8378835,C00110334,SD-YGN-Aungpan,4801111002,Pai Cheese Ball 10g (10pcsx20packs),200,pcs,2,WH-TGI01,00620251204095746863
00120251204021916270,12/5/2025,GDWS-WH     INV--1    (To TGG),VO99033,13.69,C,001,5378802,8378801,C00109566,Gandamar Wholesales - YGN,4801111002,Pai Cheese Ball 10g (10pcsx20packs),10,pcs,0.1,DC-YGN01,00120251204095156433
00220251204030608007,12/5/2025,INV(19),VO99040,140.01,C,002,5378798,8378797,C00202649,????????????????????,4801111002,Pai Cheese Ball 10g (10pcsx20packs),10,pcs,0.1,WH-MDY01,00220251204095129407
00120251204055425190,12/5/2025,S.DGN/SEIKKAN SHOP-26,VO99060,84.41,C,001,5378806,8378805,C00136843,JJ Store,4801111002,Pai Cheese Ball 10g (10pcsx20packs),10,pcs,0.1,DC-YGN01,00120251204095244620
00220251204030542770,12/5/2025,INV(21),VO99019,74.42,C,002,5378778,8378777,C00200680,?????????????,4801111002,Pai Cheese Ball 10g (10pcsx20packs),20,pcs,0.2,WH-MDY01,00220251204094826730
00120251204021843243,12/5/2025,MTS-BYN     INV--1,VO99001,2.07,C,001,5378773,8378772,C00123502,Mi Thar Su - BYN,4801111002,Pai Cheese Ball 10g (10pcsx20packs),10,pcs,0.1,DC-YGN01,00120251204094647993
00120251204055433497,12/5/2025,TKT-PZD                  Inv;35,VO99042,125.77,C,001,5378855,8378854,C00116721,??????,4801111002,Pai Cheese Ball 10g (10pcsx20packs),20,pcs,0.2,DC-YGN01,00120251204100210210
00420251204041020073,12/5/2025,VO99023   inv:  19,VO99023,192.56,C,004,5378862,8378861,C00404977,K MART,4801111002,Pai Cheese Ball 10g (10pcsx20packs),50,pcs,0.5,WH-MLM01,00420251204100345057
00120251204055411300,12/5/2025,INS                  Inv;41,VO99039,207.42,C,001,5378841,8378840,C00100510,Ko Mg Sein,4801111002,Pai Cheese Ball 10g (10pcsx20packs),200,pcs,2,DC-YGN01,00120251204095859013
00220251204030516657,12/5/2025,INV(27),VO99018,210.62,C,002,5378864,8378863,C00217727,MK Mini Market,4801111002,Pai Cheese Ball 10g (10pcsx20packs),20,pcs,0.2,WH-MDY01,00220251204100354120
00120251204055433497,12/5/2025,TKT-PZD                  Inv;35,VO99042,125.77,C,001,5378888,8378887,C00111931,??????????,4801111002,Pai Cheese Ball 10g (10pcsx20packs),200,pcs,2,DC-YGN01,00120251204101130523
00120251204055425190,12/5/2025,S.DGN/SEIKKAN SHOP-26,VO99060,84.41,C,001,5378880,8378879,C00137363,????,4801111002,Pai Cheese Ball 10g (10pcsx20packs),50,pcs,0.5,DC-YGN01,00120251204100825993
00120251204055350787,12/5/2025,SPT                 Inv;24,VO99037,152.53,C,001,5378878,8378877,C00153256,Happy Mini Mart,4801111002,Pai Cheese Ball 10g (10pcsx20packs),100,pcs,1,DC-YGN01,00120251204100823407
00120251204055411300,12/5/2025,INS                  Inv;41,VO99039,207.42,C,001,5378887,8378886,C00127418,?????????????,4801111002,Pai Cheese Ball 10g (10pcsx20packs),10,pcs,0.1,DC-YGN01,00120251204101128360
00120251204055355003,12/5/2025,MGLD SHOP-11,VO99061,170.32,C,001,5378920,8378919,C00140931,???? Mini Mart,4801111002,Pai Cheese Ball 10g (10pcsx20packs),20,pcs,0.2,DC-YGN01,00120251204101750863
00120251204055425190,12/5/2025,S.DGN/SEIKKAN SHOP-26,VO99060,84.41,C,001,5378917,8378916,C00126997,??????????,4801111002,Pai Cheese Ball 10g (10pcsx20packs),20,pcs,0.2,DC-YGN01,00120251204101743340
00220251204030516657,12/5/2025,INV(27),VO99018,210.62,C,002,5378721,8378720,C00211829,????????,4801111002,Pai Cheese Ball 10g (10pcsx20packs),20,pcs,0.2,WH-MDY01,00220251204092717510
00220251204030608007,12/5/2025,INV(19),VO99040,140.01,C,002,5378720,8378719,C00208046,????,4801111002,Pai Cheese Ball 10g (10pcsx20packs),10,pcs,0.1,WH-MDY01,00220251204092716233
00120251204023205507,12/5/2025,CPT-ZGM     INV--2,VO99008,4.74,C,001,5378718,8378717,C00144791,Capital-ZGM,4801111002,Pai Cheese Ball 10g (10pcsx20packs),100,pcs,1,DC-YGN01,00120251204092529923
00520251204025551447,12/5/2025,OT Inv [ 6 ] ,VO99038,74.49,C,005,5378698,8378697,C00504703,1 Stop Mart Supermarket (Nay Pyi Taw),4801111002,Pai Cheese Ball 10g (10pcsx20packs),60,pcs,0.6,WH-NPT01,00520251204092110987
00220251204030608007,12/5/2025,INV(19),VO99040,140.01,C,002,5378696,8378695,C00206617,??????????,4801111002,Pai Cheese Ball 10g (10pcsx20packs),10,pcs,0.1,WH-MDY01,00220251204092107467
00120251204052341003,12/5/2025,CPT-SPT4     INV--1,VO99037,0.92,C,001,5378697,8378696,C00145317,Capital SPT4,4801111002,Pai Cheese Ball 10g (10pcsx20packs),20,pcs,0.2,DC-YGN01,00120251204092110123
00120251204023317740,12/5/2025,MTS-TGG     INV--1,VO99106,12.83,C,001,5378768,8378767,C00111943,Mi Thar Su - TGG,4801111002,Pai Cheese Ball 10g (10pcsx20packs),10,pcs,0.1,DC-YGN01,00120251204094515000
00120251204055411300,12/5/2025,INS                  Inv;41,VO99039,207.42,C,001,5378666,8378665,C00107974,?????????,4801111002,Pai Cheese Ball 10g (10pcsx20packs),10,pcs,0.1,DC-YGN01,00120251204091236520
00120251204055331843,12/5/2025,HTY SHOP-40,VO99063,172.61,C,001,5378669,8378668,C00145234,?????????,4801111002,Pai Cheese Ball 10g (10pcsx20packs),20,pcs,0.2,DC-YGN01,00120251204091240990
00220251204030608007,12/5/2025,INV(19),VO99040,140.01,C,002,5378676,8378675,C00204561,???????,4801111002,Pai Cheese Ball 10g (10pcsx20packs),20,pcs,0.2,WH-MDY01,00220251204091504437
00120251204023039640,12/5/2025,CPT-YMN Exp     INV--1,VO99042,12.18,C,001,5378682,8378681,C00143687,Capital-YMN Express,4801111002,Pai Cheese Ball 10g (10pcsx20packs),30,pcs,0.3,DC-YGN01,00120251204091725457
00120251204055312437,12/5/2025,HL/KMY                  Inv;21,VO99032,71.52,C,001,5378687,8378686,C00144038,????,4801111002,Pai Cheese Ball 10g (10pcsx20packs),30,pcs,0.3,DC-YGN01,00120251204091843137
00120251204021024050,12/5/2025,SGH-HTY     INV--1,VO99010,8.18,C,001,5378647,8378646,C00127887,Sein Gay Har - HTY,4801111002,Pai Cheese Ball 10g (10pcsx20packs),10,pcs,0.1,DC-YGN01,00120251204090142110
00120251204055520713,12/5/2025,NOKL SHOP-44,VO99045,173.34,C,001,5378630,8378629,C00140253,BA ?????,4801111002,Pai Cheese Ball 10g (10pcsx20packs),10,pcs,0.1,DC-YGN01,00120251203105811173
00120251204055455197,12/5/2025,"SOKL,YK SHOP-20",VO99046,139.57,C,001,5378125,8378124,C00139826,???????????,4801111002,Pai Cheese Ball 10g (10pcsx20packs),1,pcs,0.01,DC-YGN01,00120251203124217877
01120251204025619813,12/5/2025,"TKS,PHM,Inv-15",VO99071,50.42,C,011,5378197,8378196,C01100327,??????????,4801111002,Pai Cheese Ball 10g (10pcsx20packs),10,pcs,0.1,WH-MGW01,01120251203013927253
00720251204052110033,12/5/2025,Inv 8,VO99052,94.34,C,007,5379757,8379756,C00702281,?????????,4801111002,Pai Cheese Ball 10g (10pcsx20packs),20,pcs,0.2,WH-PTN01,00720251204045434177
00220251204040225557,12/5/2025,INV(2),VO99040,2.4,C,002,5379731,8379730,C00203969,???,4801111002,Pai Cheese Ball 10g (10pcsx20packs),20,pcs,0.2,WH-MDY01,00220251204035131580
00720251204041153110,12/5/2025,inv 16,VO99052,117.9,C,007,5379726,8379725,C00700273,????????????,4801111002,Pai Cheese Ball 10g (10pcsx20packs),10,pcs,0.1,WH-PTN01,00720251204034812307
00120251204055520713,12/5/2025,NOKL SHOP-44,VO99045,173.34,C,001,5379735,8379734,C00125169,??????????????,4801111002,Pai Cheese Ball 10g (10pcsx20packs),10,pcs,0.1,DC-YGN01,00120251204035648753
00520251205082827143,12/5/2025,Tpk inv ( 1 ),VO99038,2.57,C,005,5379740,8379739,C00500013,Gold City,4801111002,Pai Cheese Ball 10g (10pcsx20packs),10,pcs,0.1,WH-NPT01,00520251204041516830
00120251204010325710,12/5/2025,BGO Branch ( No . 1 ) ,WT-BGO,304.96,C,001,5379406,8379405,C00152774,BGO Branch,4801111002,Pai Cheese Ball 10g (10pcsx20packs),200,pcs,2,DC-YGN01,00120251204122843807
00120251204125303150,12/5/2025,MDY  Branch ( No . 1 ) ,WT-MDY01,1089.74,C,001,5379375,8379374,C00125994,MDY Branch,4801111002,Pai Cheese Ball 10g (10pcsx20packs),2200,pcs,22,DC-YGN01,00120251204121633380
00120251204010355800,12/5/2025,"TGI Branch - MR  ( No . 1 )  , For MR ",WT-TGI01,157.2,C,001,5379391,8379390,C00130318,TGI Branch - MR,4801111002,Pai Cheese Ball 10g (10pcsx20packs),200,pcs,2,DC-YGN01,00120251204122422243
00120251204010355800,12/5/2025,"TGI Branch - MR  ( No . 1 )  , For MR ",WT-TGI01,157.2,C,001,5379391,8379390,C00130318,TGI Branch - MR,4801111003,Pai Cheese Ring 35g (1x10pcsx12packs),120,pcs,5.2,DC-YGN01,00120251204122422243
00120251204125303150,12/5/2025,MDY  Branch ( No . 1 ) ,WT-MDY01,1089.74,C,001,5379375,8379374,C00125994,MDY Branch,4801111003,Pai Cheese Ring 35g (1x10pcsx12packs),720,pcs,31.2,DC-YGN01,00120251204121633380
00120251204010325710,12/5/2025,BGO Branch ( No . 1 ) ,WT-BGO,304.96,C,001,5379406,8379405,C00152774,BGO Branch,4801111003,Pai Cheese Ring 35g (1x10pcsx12packs),120,pcs,5.2,DC-YGN01,00120251204122843807
00520251205082827143,12/5/2025,Tpk inv ( 1 ),VO99038,2.57,C,005,5379740,8379739,C00500013,Gold City,4801111003,Pai Cheese Ring 35g (1x10pcsx12packs),10,pcs,0.433333,WH-NPT01,00520251204041516830
00120251204055455197,12/5/2025,"SOKL,YK SHOP-20",VO99046,139.57,C,001,5378125,8378124,C00139826,???????????,4801111003,Pai Cheese Ring 35g (1x10pcsx12packs),10,pcs,0.433333,DC-YGN01,00120251203124217877
00120251204021024050,12/5/2025,SGH-HTY     INV--1,VO99010,8.18,C,001,5378647,8378646,C00127887,Sein Gay Har - HTY,4801111003,Pai Cheese Ring 35g (1x10pcsx12packs),10,pcs,0.433333,DC-YGN01,00120251204090142110
00120251204023039640,12/5/2025,CPT-YMN Exp     INV--1,VO99042,12.18,C,001,5378682,8378681,C00143687,Capital-YMN Express,4801111003,Pai Cheese Ring 35g (1x10pcsx12packs),30,pcs,1.3,DC-YGN01,00120251204091725457
00120251204055333027,12/5/2025,MYG                Inv;23,VO99035,88.27,C,001,5378762,8378761,C00134136,Idea Mini Mart,4801111003,Pai Cheese Ring 35g (1x10pcsx12packs),20,pcs,0.866667,DC-YGN01,00120251204094328833
00520251204025447907,12/5/2025,"MMZ ,KS Inv [ 31 ]",VO99028,156.27,C,005,5378760,8378759,C00500003,???????????,4801111003,Pai Cheese Ring 35g (1x10pcsx12packs),10,pcs,0.433333,WH-NPT01,00520251204094226370
00520251204025551447,12/5/2025,OT Inv [ 6 ] ,VO99038,74.49,C,005,5378706,8378705,C00504703,1 Stop Mart Supermarket (Nay Pyi Taw),4801111003,Pai Cheese Ring 35g (1x10pcsx12packs),60,pcs,2.6,WH-NPT01,00520251204092303070
00220251204030516657,12/5/2025,INV(27),VO99018,210.62,C,002,5378721,8378720,C00211829,????????,4801111003,Pai Cheese Ring 35g (1x10pcsx12packs),10,pcs,0.433333,WH-MDY01,00220251204092717510
00220251204030516657,12/5/2025,INV(27),VO99018,210.62,C,002,5378864,8378863,C00217727,MK Mini Market,4801111003,Pai Cheese Ring 35g (1x10pcsx12packs),20,pcs,0.866667,WH-MDY01,00220251204100354120
00120251204055331843,12/5/2025,HTY SHOP-40,VO99063,172.61,C,001,5378844,8378843,C00103414,???????????,4801111003,Pai Cheese Ring 35g (1x10pcsx12packs),60,pcs,2.6,DC-YGN01,00120251204095902280
00120251204021916270,12/5/2025,GDWS-WH     INV--1    (To TGG),VO99033,13.69,C,001,5378802,8378801,C00109566,Gandamar Wholesales - YGN,4801111003,Pai Cheese Ring 35g (1x10pcsx12packs),10,pcs,0.433333,DC-YGN01,00120251204095156433
00620251204025351630,12/5/2025,V54(AungPan),VO99054,69.24,C,006,5378836,8378835,C00110334,SD-YGN-Aungpan,4801111003,Pai Cheese Ring 35g (1x10pcsx12packs),120,pcs,5.2,WH-TGI01,00620251204095746863
00520251204025447907,12/5/2025,"MMZ ,KS Inv [ 31 ]",VO99028,156.27,C,005,5378812,8378811,C00500010,???????????,4801111003,Pai Cheese Ring 35g (1x10pcsx12packs),50,pcs,2.166667,WH-NPT01,00520251204095437977
00220251204030608007,12/5/2025,INV(19),VO99040,140.01,C,002,5379082,8379081,C00211376,Top One,4801111003,Pai Cheese Ring 35g (1x10pcsx12packs),10,pcs,0.433333,WH-MDY01,00220251204105523597
00120251204055411300,12/5/2025,INS                  Inv;41,VO99039,207.42,C,001,5379174,8379173,C00124408,???????????,4801111003,Pai Cheese Ring 35g (1x10pcsx12packs),10,pcs,0.433333,DC-YGN01,00120251204111319423
00720251204041153110,12/5/2025,inv 16,VO99052,117.9,C,007,5379170,8379169,C00700039,?????????????,4801111003,Pai Cheese Ring 35g (1x10pcsx12packs),60,pcs,2.6,WH-PTN01,00720251204111246433
00120251204115907770,12/5/2025,"Taikkyi  ( INV - 1 ) , All Producrs ",VO99014,208.43,C,001,5379142,8379141,C00126192,SD-YGN-Taikkyi,4801111003,Pai Cheese Ring 35g (1x10pcsx12packs),120,pcs,5.2,WH-MLM01,00120251204110551400
00120251204055425190,12/5/2025,S.DGN/SEIKKAN SHOP-26,VO99060,84.41,C,001,5379049,8379048,C00152843,???????????????????????????????????,4801111003,Pai Cheese Ring 35g (1x10pcsx12packs),10,pcs,0.433333,DC-YGN01,00120251204105030997
00120251204055333027,12/5/2025,MYG                Inv;23,VO99035,88.27,C,001,5379024,8379023,C00136496,4 You,4801111003,Pai Cheese Ring 35g (1x10pcsx12packs),10,pcs,0.433333,DC-YGN01,00120251204104408613
00120251204055411300,12/5/2025,INS                  Inv;41,VO99039,207.42,C,001,5378995,8378994,C00137914,JNJ (Mart),4801111003,Pai Cheese Ring 35g (1x10pcsx12packs),20,pcs,0.866667,DC-YGN01,00120251204103721333
00120251204055455197,12/5/2025,"SOKL,YK SHOP-20",VO99046,139.57,C,001,5378983,8378982,C00138910,Nan Convenience Store,4801111003,Pai Cheese Ring 35g (1x10pcsx12packs),30,pcs,1.3,DC-YGN01,00120251204103405963
00120251204055411300,12/5/2025,INS                  Inv;41,VO99039,207.42,C,001,5378936,8378935,C00100575,?????(?),4801111003,Pai Cheese Ring 35g (1x10pcsx12packs),20,pcs,0.866667,DC-YGN01,00120251204102203540
00120251204055411300,12/5/2025,INS                  Inv;41,VO99039,207.42,C,001,5379379,8379378,C00137123,????????,4801111003,Pai Cheese Ring 35g (1x10pcsx12packs),10,pcs,0.433333,DC-YGN01,00120251204121846177
00520251204025447907,12/5/2025,"MMZ ,KS Inv [ 31 ]",VO99028,156.27,C,005,5379400,8379399,C00500623,Shwe Kaung Kin,4801111003,Pai Cheese Ring 35g (1x10pcsx12packs),30,pcs,1.3,WH-NPT01,00520251204122554193
00120251204055150310,12/5/2025,AL/BH/KMD/SC                         Inv;17,VO99004,207.16,C,001,5379413,8379412,C00114007,?????????????????,4801111003,Pai Cheese Ring 35g (1x10pcsx12packs),10,pcs,0.433333,DC-YGN01,00120251204123103087
00120251204055150310,12/5/2025,AL/BH/KMD/SC                         Inv;17,VO99004,207.16,C,001,5379331,8379330,C00137536,Buy & GO,4801111003,Pai Cheese Ring 35g (1x10pcsx12packs),10,pcs,0.433333,DC-YGN01,00120251204115703210
00220251204030542770,12/5/2025,INV(21),VO99019,74.42,C,002,5379310,8379309,C00200291,?????????,4801111003,Pai Cheese Ring 35g (1x10pcsx12packs),10,pcs,0.433333,WH-MDY01,00220251204114650000
00120251204055331843,12/5/2025,HTY SHOP-40,VO99063,172.61,C,001,5379362,8379361,C00136462,Kyan Sit Thar Mini Mart,4801111003,Pai Cheese Ring 35g (1x10pcsx12packs),10,pcs,0.433333,DC-YGN01,00120251204121228597
00120251204055331843,12/5/2025,HTY SHOP-40,VO99063,172.61,C,001,5379280,8379279,C00149974,MTC,4801111003,Pai Cheese Ring 35g (1x10pcsx12packs),10,pcs,0.433333,DC-YGN01,00120251204113527617
00120251204055453930,12/5/2025,NDG/EDG                 Inv;19,VO99043,65.06,C,001,5379290,8379289,C00130825,??????????,4801111003,Pai Cheese Ring 35g (1x10pcsx12packs),10,pcs,0.433333,DC-YGN01,00120251204113830450
00120251204055150310,12/5/2025,AL/BH/KMD/SC                         Inv;17,VO99004,207.16,C,001,5379241,8379240,C00104768,Spirit,4801111003,Pai Cheese Ring 35g (1x10pcsx12packs),10,pcs,0.433333,DC-YGN01,00120251204112910483
00120251204055331843,12/5/2025,HTY SHOP-40,VO99063,172.61,C,001,5379239,8379238,C00104682,??????????,4801111003,Pai Cheese Ring 35g (1x10pcsx12packs),10,pcs,0.433333,DC-YGN01,00120251204112908207
00120251204055411300,12/5/2025,INS                  Inv;41,VO99039,207.42,C,001,5379208,8379207,C00124595,T&C,4801111003,Pai Cheese Ring 35g (1x10pcsx12packs),10,pcs,0.433333,DC-YGN01,00120251204112250327
00120251204055453930,12/5/2025,NDG/EDG                 Inv;19,VO99043,65.06,C,001,5379205,8379204,C00103917,?????????,4801111003,Pai Cheese Ring 35g (1x10pcsx12packs),10,pcs,0.433333,DC-YGN01,00120251204112246490
00720251204041153110,12/5/2025,inv 16,VO99052,117.9,C,007,5379230,8379229,C00701836,City Baby Pathein,4801111003,Pai Cheese Ring 35g (1x10pcsx12packs),30,pcs,1.3,WH-PTN01,00720251204112802380
00120251204055312437,12/5/2025,HL/KMY                  Inv;21,VO99032,71.52,C,001,5379527,8379526,C00132440,????????,4801111003,Pai Cheese Ring 35g (1x10pcsx12packs),10,pcs,0.433333,DC-YGN01,00120251204021135987
00220251204030516657,12/5/2025,INV(27),VO99018,210.62,C,002,5379509,8379508,C00200867,?????????,4801111003,Pai Cheese Ring 35g (1x10pcsx12packs),120,pcs,5.2,WH-MDY01,00220251204015919483
01620251204041102773,12/5/2025,"Inv-14, Bago, WAW",VO99083,207.85,C,016,5379502,8379501,C01601251,Sky Waw,4801111003,Pai Cheese Ring 35g (1x10pcsx12packs),10,pcs,0.433333,WH-BGO99,01620251204014727240
00120251204032927827,12/5/2025,K Mart-HTY     INV--1,VO99010,1.9,C,001,5379463,8379462,C00152921,K Mart Supermarket -HTY,4801111003,Pai Cheese Ring 35g (1x10pcsx12packs),30,pcs,1.3,DC-YGN01,00120251204012049030
00120251204055331843,12/5/2025,HTY SHOP-40,VO99063,172.61,C,001,5379460,8379459,C00130758,SB Baby Shop (6) - HTY,4801111003,Pai Cheese Ring 35g (1x10pcsx12packs),10,pcs,0.433333,DC-YGN01,00120251204011352893
00120251204055455197,12/5/2025,"SOKL,YK SHOP-20",VO99046,139.57,C,001,5379452,8379451,C00135779,SB Baby Shop (16) -YK,4801111003,Pai Cheese Ring 35g (1x10pcsx12packs),10,pcs,0.433333,DC-YGN01,00120251204010741650
00120251204055433497,12/5/2025,TKT-PZD                  Inv;35,VO99042,125.77,C,001,5379453,8379452,C00143637,SB Baby Shop (23) - Dawbon,4801111003,Pai Cheese Ring 35g (1x10pcsx12packs),10,pcs,0.433333,DC-YGN01,00120251204010743023
00120251204055433497,12/5/2025,TKT-PZD                  Inv;35,VO99042,125.77,C,001,5379454,8379453,C00127655,??????,4801111003,Pai Cheese Ring 35g (1x10pcsx12packs),10,pcs,0.433333,DC-YGN01,00120251204010746427
00120251204055455197,12/5/2025,"SOKL,YK SHOP-20",VO99046,139.57,C,001,5379435,8379434,C00106863,???????????,4801111003,Pai Cheese Ring 35g (1x10pcsx12packs),1,pcs,0.043333,DC-YGN01,00120251204125224463
00220251204035632707,12/5/2025,SR,VO99019,0.5,C,002,5379700,8379699,C00213411,???????? ?????,4801111003,Pai Cheese Ring 35g (1x10pcsx12packs),1,pcs,0.043333,WH-MDY01,00220251204032420977
00120251204043017587,12/5/2025,Carrefour Easy     INV--2,VO99002,105.23,C,001,5379592,8379591,C00133397,Carrefour Easy,4801111003,Pai Cheese Ring 35g (1x10pcsx12packs),360,pcs,15.6,DC-YGN01,00120251204023807613
00120251204055303940,12/5/2025,TGG SHOP-29,VO99106,118.32,C,001,5379648,8379647,C00128212,SB Baby Shop (2) - TGG,4801111003,Pai Cheese Ring 35g (1x10pcsx12packs),10,pcs,0.433333,DC-YGN01,00120251204025140983
00120251204055303940,12/5/2025,TGG SHOP-29,VO99106,118.32,C,001,5379649,8379648,C00139515,SB Baby Shop (19) -TWN,4801111003,Pai Cheese Ring 35g (1x10pcsx12packs),10,pcs,0.433333,DC-YGN01,00120251204025142560
00220251204030542770,12/5/2025,INV(21),VO99019,74.42,C,002,5379555,8379554,C00206863,???????,4801111004,Pai Cheese Ball 35g (1x10pcsx12packs),10,pcs,0.433333,WH-MDY01,00220251204022330923
00120251204043017587,12/5/2025,Carrefour Easy     INV--2,VO99002,105.23,C,001,5379592,8379591,C00133397,Carrefour Easy,4801111004,Pai Cheese Ball 35g (1x10pcsx12packs),360,pcs,15.6,DC-YGN01,00120251204023807613
00220251204035639417,12/5/2025,SR,VO99018,0.18,C,002,5379660,8379659,C00211834,?????????????,4801111004,Pai Cheese Ball 35g (1x10pcsx12packs),1,pcs,0.043333,WH-MDY01,00220251204030014090
00220251204030419380,12/5/2025,INV(12),VO99016,49.15,C,002,5379651,8379650,C00209656,Snow Mart,4801111004,Pai Cheese Ball 35g (1x10pcsx12packs),10,pcs,0.433333,WH-MDY01,00220251204025354553
00120251204055455197,12/5/2025,"SOKL,YK SHOP-20",VO99046,139.57,C,001,5379435,8379434,C00106863,???????????,4801111004,Pai Cheese Ball 35g (1x10pcsx12packs),1,pcs,0.043333,DC-YGN01,00120251204125224463
00120251204055455197,12/5/2025,"SOKL,YK SHOP-20",VO99046,139.57,C,001,5379452,8379451,C00135779,SB Baby Shop (16) -YK,4801111004,Pai Cheese Ball 35g (1x10pcsx12packs),10,pcs,0.433333,DC-YGN01,00120251204010741650
00120251204055331843,12/5/2025,HTY SHOP-40,VO99063,172.61,C,001,5379460,8379459,C00130758,SB Baby Shop (6) - HTY,4801111004,Pai Cheese Ball 35g (1x10pcsx12packs),10,pcs,0.433333,DC-YGN01,00120251204011352893
01620251204041102773,12/5/2025,"Inv-14, Bago, WAW",VO99083,207.85,C,016,5379502,8379501,C01601251,Sky Waw,4801111004,Pai Cheese Ball 35g (1x10pcsx12packs),10,pcs,0.433333,WH-BGO99,01620251204014727240
00220251204030516657,12/5/2025,INV(27),VO99018,210.62,C,002,5379509,8379508,C00200867,?????????,4801111004,Pai Cheese Ball 35g (1x10pcsx12packs),120,pcs,5.2,WH-MDY01,00220251204015919483
00720251204041153110,12/5/2025,inv 16,VO99052,117.9,C,007,5379230,8379229,C00701836,City Baby Pathein,4801111004,Pai Cheese Ball 35g (1x10pcsx12packs),30,pcs,1.3,WH-PTN01,00720251204112802380
00120251204055453930,12/5/2025,NDG/EDG                 Inv;19,VO99043,65.06,C,001,5379205,8379204,C00103917,?????????,4801111004,Pai Cheese Ball 35g (1x10pcsx12packs),10,pcs,0.433333,DC-YGN01,00120251204112246490
00120251204055331843,12/5/2025,HTY SHOP-40,VO99063,172.61,C,001,5379239,8379238,C00104682,??????????,4801111004,Pai Cheese Ball 35g (1x10pcsx12packs),10,pcs,0.433333,DC-YGN01,00120251204112908207
00120251204055453930,12/5/2025,NDG/EDG                 Inv;19,VO99043,65.06,C,001,5379290,8379289,C00130825,??????????,4801111004,Pai Cheese Ball 35g (1x10pcsx12packs),10,pcs,0.433333,DC-YGN01,00120251204113830450
00120251204055331843,12/5/2025,HTY SHOP-40,VO99063,172.61,C,001,5379362,8379361,C00136462,Kyan Sit Thar Mini Mart,4801111004,Pai Cheese Ball 35g (1x10pcsx12packs),10,pcs,0.433333,DC-YGN01,00120251204121228597
00520251204025447907,12/5/2025,"MMZ ,KS Inv [ 31 ]",VO99028,156.27,C,005,5379400,8379399,C00500623,Shwe Kaung Kin,4801111004,Pai Cheese Ball 35g (1x10pcsx12packs),30,pcs,1.3,WH-NPT01,00520251204122554193
00120251204055312437,12/5/2025,HL/KMY                  Inv;21,VO99032,71.52,C,001,5379365,8379364,C00111124,????????,4801111004,Pai Cheese Ball 35g (1x10pcsx12packs),10,pcs,0.433333,DC-YGN01,00120251204121232690
00120251204055411300,12/5/2025,INS                  Inv;41,VO99039,207.42,C,001,5378995,8378994,C00137914,JNJ (Mart),4801111004,Pai Cheese Ball 35g (1x10pcsx12packs),20,pcs,0.866667,DC-YGN01,00120251204103721333
00120251204055333027,12/5/2025,MYG                Inv;23,VO99035,88.27,C,001,5379024,8379023,C00136496,4 You,4801111004,Pai Cheese Ball 35g (1x10pcsx12packs),10,pcs,0.433333,DC-YGN01,00120251204104408613
00120251204055425190,12/5/2025,S.DGN/SEIKKAN SHOP-26,VO99060,84.41,C,001,5379049,8379048,C00152843,???????????????????????????????????,4801111004,Pai Cheese Ball 35g (1x10pcsx12packs),10,pcs,0.433333,DC-YGN01,00120251204105030997
00120251204055331843,12/5/2025,HTY SHOP-40,VO99063,172.61,C,001,5379161,8379160,C00131237,???? ?????,4801111004,Pai Cheese Ball 35g (1x10pcsx12packs),10,pcs,0.433333,DC-YGN01,00120251204111005590
00720251204041153110,12/5/2025,inv 16,VO99052,117.9,C,007,5379170,8379169,C00700039,?????????????,4801111004,Pai Cheese Ball 35g (1x10pcsx12packs),60,pcs,2.6,WH-PTN01,00720251204111246433
00120251204055411300,12/5/2025,INS                  Inv;41,VO99039,207.42,C,001,5379174,8379173,C00124408,???????????,4801111004,Pai Cheese Ball 35g (1x10pcsx12packs),10,pcs,0.433333,DC-YGN01,00120251204111319423
00220251204030608007,12/5/2025,INV(19),VO99040,140.01,C,002,5379082,8379081,C00211376,Top One,4801111004,Pai Cheese Ball 35g (1x10pcsx12packs),10,pcs,0.433333,WH-MDY01,00220251204105523597
00520251204025447907,12/5/2025,"MMZ ,KS Inv [ 31 ]",VO99028,156.27,C,005,5378812,8378811,C00500010,???????????,4801111004,Pai Cheese Ball 35g (1x10pcsx12packs),70,pcs,3.033333,WH-NPT01,00520251204095437977
00620251204025351630,12/5/2025,V54(AungPan),VO99054,69.24,C,006,5378836,8378835,C00110334,SD-YGN-Aungpan,4801111004,Pai Cheese Ball 35g (1x10pcsx12packs),120,pcs,5.2,WH-TGI01,00620251204095746863
00120251204021916270,12/5/2025,GDWS-WH     INV--1    (To TGG),VO99033,13.69,C,001,5378802,8378801,C00109566,Gandamar Wholesales - YGN,4801111004,Pai Cheese Ball 35g (1x10pcsx12packs),10,pcs,0.433333,DC-YGN01,00120251204095156433
00220251204030516657,12/5/2025,INV(27),VO99018,210.62,C,002,5378864,8378863,C00217727,MK Mini Market,4801111004,Pai Cheese Ball 35g (1x10pcsx12packs),20,pcs,0.866667,WH-MDY01,00220251204100354120
00120251204055355003,12/5/2025,MGLD SHOP-11,VO99061,170.32,C,001,5378920,8378919,C00140931,???? Mini Mart,4801111004,Pai Cheese Ball 35g (1x10pcsx12packs),30,pcs,1.3,DC-YGN01,00120251204101750863
00520251204025551447,12/5/2025,OT Inv [ 6 ] ,VO99038,74.49,C,005,5378706,8378705,C00504703,1 Stop Mart Supermarket (Nay Pyi Taw),4801111004,Pai Cheese Ball 35g (1x10pcsx12packs),60,pcs,2.6,WH-NPT01,00520251204092303070
00120251204055333027,12/5/2025,MYG                Inv;23,VO99035,88.27,C,001,5378762,8378761,C00134136,Idea Mini Mart,4801111004,Pai Cheese Ball 35g (1x10pcsx12packs),20,pcs,0.866667,DC-YGN01,00120251204094328833
00120251204023317740,12/5/2025,MTS-TGG     INV--1,VO99106,12.83,C,001,5378768,8378767,C00111943,Mi Thar Su - TGG,4801111004,Pai Cheese Ball 35g (1x10pcsx12packs),5,pcs,0.216667,DC-YGN01,00120251204094515000
00120251204023039640,12/5/2025,CPT-YMN Exp     INV--1,VO99042,12.18,C,001,5378682,8378681,C00143687,Capital-YMN Express,4801111004,Pai Cheese Ball 35g (1x10pcsx12packs),30,pcs,1.3,DC-YGN01,00120251204091725457
00120251204021024050,12/5/2025,SGH-HTY     INV--1,VO99010,8.18,C,001,5378647,8378646,C00127887,Sein Gay Har - HTY,4801111004,Pai Cheese Ball 35g (1x10pcsx12packs),10,pcs,0.433333,DC-YGN01,00120251204090142110
00120251204055455197,12/5/2025,"SOKL,YK SHOP-20",VO99046,139.57,C,001,5378125,8378124,C00139826,???????????,4801111004,Pai Cheese Ball 35g (1x10pcsx12packs),10,pcs,0.433333,DC-YGN01,00120251203124217877
00520251205082827143,12/5/2025,Tpk inv ( 1 ),VO99038,2.57,C,005,5379740,8379739,C00500013,Gold City,4801111004,Pai Cheese Ball 35g (1x10pcsx12packs),10,pcs,0.433333,WH-NPT01,00520251204041516830
00120251204010325710,12/5/2025,BGO Branch ( No . 1 ) ,WT-BGO,304.96,C,001,5379406,8379405,C00152774,BGO Branch,4801111004,Pai Cheese Ball 35g (1x10pcsx12packs),120,pcs,5.2,DC-YGN01,00120251204122843807
00120251204010325710,12/5/2025,BGO Branch ( No . 1 ) ,WT-BGO,304.96,C,001,5379406,8379405,C00152774,BGO Branch,4801111005,Pai Prawn Cracker 17g (1x10pcsx12packs),240,pcs,6.2,DC-YGN01,00120251204122843807
00120251204010355800,12/5/2025,"TGI Branch - MR  ( No . 1 )  , For MR ",WT-TGI01,157.2,C,001,5379391,8379390,C00130318,TGI Branch - MR,4801111005,Pai Prawn Cracker 17g (1x10pcsx12packs),120,pcs,3.1,DC-YGN01,00120251204122422243
00120251204055520713,12/5/2025,NOKL SHOP-44,VO99045,173.34,C,001,5379735,8379734,C00125169,??????????????,4801111005,Pai Prawn Cracker 17g (1x10pcsx12packs),10,pcs,0.258333,DC-YGN01,00120251204035648753
00720251204052110033,12/5/2025,Inv 8,VO99052,94.34,C,007,5379756,8379755,C00703355,9 Star Mart,4801111005,Pai Prawn Cracker 17g (1x10pcsx12packs),10,pcs,0.258333,WH-PTN01,00720251204045132840
00720251204052110033,12/5/2025,Inv 8,VO99052,94.34,C,007,5379750,8379749,C00703106,????????,4801111005,Pai Prawn Cracker 17g (1x10pcsx12packs),10,pcs,0.258333,WH-PTN01,00720251204043324147
00120251204055411300,12/5/2025,INS                  Inv;41,VO99039,207.42,C,001,5378666,8378665,C00107974,?????????,4801111005,Pai Prawn Cracker 17g (1x10pcsx12packs),10,pcs,0.258333,DC-YGN01,00120251204091236520
00120251204052410797,12/5/2025,CPT-Exp SC     INV--2,VO99113,5.67,C,001,5378651,8378650,C00802251,Capital Express SC,4801111005,Pai Prawn Cracker 17g (1x10pcsx12packs),20,pcs,0.516667,DC-YGN01,00120251204090320817
00520251204025551447,12/5/2025,OT Inv [ 6 ] ,VO99038,74.49,C,005,5378706,8378705,C00504703,1 Stop Mart Supermarket (Nay Pyi Taw),4801111005,Pai Prawn Cracker 17g (1x10pcsx12packs),60,pcs,1.55,WH-NPT01,00520251204092303070
00120251204055411300,12/5/2025,INS                  Inv;41,VO99039,207.42,C,001,5378712,8378711,C00127087,???????????(????????????),4801111005,Pai Prawn Cracker 17g (1x10pcsx12packs),20,pcs,0.516667,DC-YGN01,00120251204092447720
00120251204052341003,12/5/2025,CPT-SPT4     INV--1,VO99037,0.92,C,001,5378697,8378696,C00145317,Capital SPT4,4801111005,Pai Prawn Cracker 17g (1x10pcsx12packs),20,pcs,0.516667,DC-YGN01,00120251204092110123
00120251204055350787,12/5/2025,SPT                 Inv;24,VO99037,152.53,C,001,5378878,8378877,C00153256,Happy Mini Mart,4801111005,Pai Prawn Cracker 17g (1x10pcsx12packs),100,pcs,2.583333,DC-YGN01,00120251204100823407
00220251204030516657,12/5/2025,INV(27),VO99018,210.62,C,002,5378864,8378863,C00217727,MK Mini Market,4801111005,Pai Prawn Cracker 17g (1x10pcsx12packs),20,pcs,0.516667,WH-MDY01,00220251204100354120
00520251204025521037,12/5/2025,TPK Inv [ 10 ] ,VO99038,66.72,C,005,5378863,8378862,C00502010,??????,4801111005,Pai Prawn Cracker 17g (1x10pcsx12packs),50,pcs,1.291667,WH-NPT01,00520251204100354463
00120251204055411300,12/5/2025,INS                  Inv;41,VO99039,207.42,C,001,5378876,8378875,C00139960,??????????,4801111005,Pai Prawn Cracker 17g (1x10pcsx12packs),14,pcs,0.361667,DC-YGN01,00120251204100820960
00120251204055433497,12/5/2025,TKT-PZD                  Inv;35,VO99042,125.77,C,001,5378855,8378854,C00116721,??????,4801111005,Pai Prawn Cracker 17g (1x10pcsx12packs),20,pcs,0.516667,DC-YGN01,00120251204100210210
00120251204021916270,12/5/2025,GDWS-WH     INV--1    (To TGG),VO99033,13.69,C,001,5378802,8378801,C00109566,Gandamar Wholesales - YGN,4801111005,Pai Prawn Cracker 17g (1x10pcsx12packs),24,pcs,0.62,DC-YGN01,00120251204095156433
00120251204040128550,12/5/2025,SR On Paper     INV--1,VO99032,0.48,C,001,5378771,8378770,C00135456,David-2,4801111005,Pai Prawn Cracker 17g (1x10pcsx12packs),1,pcs,0.025833,DC-YGN01,00120251204094636187
00620251204025351630,12/5/2025,V54(AungPan),VO99054,69.24,C,006,5378836,8378835,C00110334,SD-YGN-Aungpan,4801111005,Pai Prawn Cracker 17g (1x10pcsx12packs),240,pcs,6.2,WH-TGI01,00620251204095746863
00520251204025447907,12/5/2025,"MMZ ,KS Inv [ 31 ]",VO99028,156.27,C,005,5378812,8378811,C00500010,???????????,4801111005,Pai Prawn Cracker 17g (1x10pcsx12packs),120,pcs,3.1,WH-NPT01,00520251204095437977
00120251204055411300,12/5/2025,INS                  Inv;41,VO99039,207.42,C,001,5378822,8378821,C00113799,?????????,4801111005,Pai Prawn Cracker 17g (1x10pcsx12packs),10,pcs,0.258333,DC-YGN01,00120251204095549870
00120251204055411300,12/5/2025,INS                  Inv;41,VO99039,207.42,C,001,5379174,8379173,C00124408,???????????,4801111005,Pai Prawn Cracker 17g (1x10pcsx12packs),10,pcs,0.258333,DC-YGN01,00120251204111319423
00120251204115907770,12/5/2025,"Taikkyi  ( INV - 1 ) , All Producrs ",VO99014,208.43,C,001,5379142,8379141,C00126192,SD-YGN-Taikkyi,4801111005,Pai Prawn Cracker 17g (1x10pcsx12packs),120,pcs,3.1,WH-MLM01,00120251204110551400
00120251204021603843,12/5/2025,CM-PLMGD     INV--4,VO99003,49.38,C,001,5379109,8379108,C00150224,City Mart - PLMGD,4801111005,Pai Prawn Cracker 17g (1x10pcsx12packs),60,pcs,1.55,DC-YGN01,00120251204110116063
00120251204055411300,12/5/2025,INS                  Inv;41,VO99039,207.42,C,001,5379121,8379120,C00107179,???????,4801111005,Pai Prawn Cracker 17g (1x10pcsx12packs),10,pcs,0.258333,DC-YGN01,00120251204110329600
00120251204055355003,12/5/2025,MGLD SHOP-11,VO99061,170.32,C,001,5379035,8379034,C00102556,?????,4801111005,Pai Prawn Cracker 17g (1x10pcsx12packs),20,pcs,0.516667,DC-YGN01,00120251204104721960
00120251204055333027,12/5/2025,MYG                Inv;23,VO99035,88.27,C,001,5379024,8379023,C00136496,4 You,4801111005,Pai Prawn Cracker 17g (1x10pcsx12packs),20,pcs,0.516667,DC-YGN01,00120251204104408613
00120251204055433497,12/5/2025,TKT-PZD                  Inv;35,VO99042,125.77,C,001,5379005,8379004,C00110768,?????,4801111005,Pai Prawn Cracker 17g (1x10pcsx12packs),20,pcs,0.516667,DC-YGN01,00120251204103740140
00120251204055425190,12/5/2025,S.DGN/SEIKKAN SHOP-26,VO99060,84.41,C,001,5378994,8378993,C00138431,Lamin ?????,4801111005,Pai Prawn Cracker 17g (1x10pcsx12packs),10,pcs,0.258333,DC-YGN01,00120251204103719947
00120251204055331843,12/5/2025,HTY SHOP-40,VO99063,172.61,C,001,5379402,8379401,C00145440,??????????,4801111005,Pai Prawn Cracker 17g (1x10pcsx12packs),10,pcs,0.258333,DC-YGN01,00120251204122756470
00120251204055312437,12/5/2025,HL/KMY                  Inv;21,VO99032,71.52,C,001,5379355,8379354,C00149854,?????????,4801111005,Pai Prawn Cracker 17g (1x10pcsx12packs),10,pcs,0.258333,DC-YGN01,00120251204120922780
01120251204025619813,12/5/2025,"TKS,PHM,Inv-15",VO99071,50.42,C,011,5379322,8379321,C01101250,?????????,4801111005,Pai Prawn Cracker 17g (1x10pcsx12packs),50,pcs,1.291667,WH-MGW01,01120251204115216083
00220251204030419380,12/5/2025,INV(12),VO99016,49.15,C,002,5379197,8379196,C00211403,?????????,4801111005,Pai Prawn Cracker 17g (1x10pcsx12packs),10,pcs,0.258333,WH-MDY01,00220251204111939357
00220251204030516657,12/5/2025,INV(27),VO99018,210.62,C,002,5379509,8379508,C00200867,?????????,4801111005,Pai Prawn Cracker 17g (1x10pcsx12packs),60,pcs,1.55,WH-MDY01,00220251204015919483
00120251204055411300,12/5/2025,INS                  Inv;41,VO99039,207.42,C,001,5379487,8379486,C00111984,???????,4801111005,Pai Prawn Cracker 17g (1x10pcsx12packs),10,pcs,0.258333,DC-YGN01,00120251204014114020
00120251204055303940,12/5/2025,TGG SHOP-29,VO99106,118.32,C,001,5379457,8379456,C00134261,????????????,4801111005,Pai Prawn Cracker 17g (1x10pcsx12packs),10,pcs,0.258333,DC-YGN01,00120251204011050333
00120251204055433497,12/5/2025,TKT-PZD                  Inv;35,VO99042,125.77,C,001,5379455,8379454,C00102235,??????,4801111005,Pai Prawn Cracker 17g (1x10pcsx12packs),20,pcs,0.516667,DC-YGN01,00120251204010747610
00120251204055331843,12/5/2025,HTY SHOP-40,VO99063,172.61,C,001,5379449,8379448,C00152798,???????,4801111005,Pai Prawn Cracker 17g (1x10pcsx12packs),20,pcs,0.516667,DC-YGN01,00120251204010737823
00220251204035632707,12/5/2025,SR,VO99019,0.5,C,002,5379702,8379701,C00205910,??????,4801111005,Pai Prawn Cracker 17g (1x10pcsx12packs),9,pcs,0.2325,WH-MDY01,00220251204032722070
00220251204035632707,12/5/2025,SR,VO99019,0.5,C,002,5379703,8379702,C00214945,???? ????? ????? ?????????????,4801111005,Pai Prawn Cracker 17g (1x10pcsx12packs),7,pcs,0.180833,WH-MDY01,00220251204032723177
00120251204055312437,12/5/2025,HL/KMY                  Inv;21,VO99032,71.52,C,001,5379705,8379704,C00149825,??????????????,4801111005,Pai Prawn Cracker 17g (1x10pcsx12packs),10,pcs,0.258333,DC-YGN01,00120251204032858467
00720251204041153110,12/5/2025,inv 16,VO99052,117.9,C,007,5379709,8379708,C00702852,????????,4801111005,Pai Prawn Cracker 17g (1x10pcsx12packs),10,pcs,0.258333,WH-PTN01,00720251204033307690
00120251204055234630,12/5/2025,TLN/KT SHOP-11,VO99113,43.87,C,001,5379713,8379712,C00800920,????????,4801111005,Pai Prawn Cracker 17g (1x10pcsx12packs),10,pcs,0.258333,DC-YGN01,00120251204033503643
00120251204055312437,12/5/2025,HL/KMY                  Inv;21,VO99032,71.52,C,001,5379714,8379713,C00141090,????? ?????????????????????????,4801111005,Pai Prawn Cracker 17g (1x10pcsx12packs),10,pcs,0.258333,DC-YGN01,00120251204033505230
00120251204043017587,12/5/2025,Carrefour Easy     INV--2,VO99002,105.23,C,001,5379592,8379591,C00133397,Carrefour Easy,4801111005,Pai Prawn Cracker 17g (1x10pcsx12packs),60,pcs,1.55,DC-YGN01,00120251204023807613
01120251204025619813,12/5/2025,"TKS,PHM,Inv-15",VO99071,50.42,C,011,5379602,8379601,C01100767,No -10 Store,4801111005,Pai Prawn Cracker 17g (1x10pcsx12packs),1,pcs,0.025833,WH-MGW01,01120251204024153797
00120251204055333027,12/5/2025,MYG                Inv;23,VO99035,88.27,C,001,5379312,8379311,C00132948,???????????,5001111001,May Kha Lar Preserved 5 in 1 Sweet 45g (1x5x50pack),5,pcs,0.22,DC-YGN01,00120251204114741090
00120251204055218913,12/5/2025,MGLTN/Tamwe                       Inv;23,VO99005,106.64,C,001,5379053,8379052,C00124266,???????????,5001111001,May Kha Lar Preserved 5 in 1 Sweet 45g (1x5x50pack),5,pcs,0.22,DC-YGN01,00120251204105038343
00120251204055218913,12/5/2025,MGLTN/Tamwe                       Inv;23,VO99005,106.64,C,001,5379053,8379052,C00124266,???????????,5001111003,May Kha Lar Preserved Mango Slices Spicy 40g (1x5x70pack),5,pcs,0.2,DC-YGN01,00120251204105038343
00120251204055333027,12/5/2025,MYG                Inv;23,VO99035,88.27,C,001,5379312,8379311,C00132948,???????????,5001111007,May Kha Lar Preserved Mango Slices Spicy 40g (1x5x50pack),5,pcs,0.2,DC-YGN01,00120251204114741090
00120251204055333027,12/5/2025,MYG                Inv;23,VO99035,88.27,C,001,5379312,8379311,C00132948,???????????,5001111008,May Kha Lar Preserved Plum Seedless Sweet 65g (1x5x50pack),5,pcs,0.325,DC-YGN01,00120251204114741090
00120251204055333027,12/5/2025,MYG                Inv;23,VO99035,88.27,C,001,5379312,8379311,C00132948,???????????,5001111009,May Kha Lar Preserved Plum Seedless Spicy 65g (1x5x50pack),5,pcs,0.325,DC-YGN01,00120251204114741090
00120251204055433497,12/5/2025,TKT-PZD                  Inv;35,VO99042,125.77,C,001,5379319,8379318,C00102215,??????????????,5001121001,May Kha Lar Mango Toffee 125g (1x6pcsx32packs),48,pcs,6.25,DC-YGN01,00120251204114751780
00120251204055455197,12/5/2025,"SOKL,YK SHOP-20",VO99046,139.57,C,001,5379344,8379343,C00126317,??????,5001121001,May Kha Lar Mango Toffee 125g (1x6pcsx32packs),6,pcs,0.78125,DC-YGN01,00120251204120313780
00120251204055303940,12/5/2025,TGG SHOP-29,VO99106,118.32,C,001,5379345,8379344,C00144823,24 Hour,5001121001,May Kha Lar Mango Toffee 125g (1x6pcsx32packs),6,pcs,0.78125,DC-YGN01,00120251204120315120
00120251204055411300,12/5/2025,INS                  Inv;41,VO99039,207.42,C,001,5379349,8379348,C00107894,???????,5001121001,May Kha Lar Mango Toffee 125g (1x6pcsx32packs),6,pcs,0.78125,DC-YGN01,00120251204120616297
00120251204055411300,12/5/2025,INS                  Inv;41,VO99039,207.42,C,001,5379420,8379419,C00150248,???????? (?),5001121001,May Kha Lar Mango Toffee 125g (1x6pcsx32packs),30,pcs,3.90625,DC-YGN01,00120251204124006883
00120251204055331843,12/5/2025,HTY SHOP-40,VO99063,172.61,C,001,5379384,8379383,C00120998,???????????????????,5001121001,May Kha Lar Mango Toffee 125g (1x6pcsx32packs),6,pcs,0.78125,DC-YGN01,00120251204122151693
00120251204055453930,12/5/2025,NDG/EDG                 Inv;19,VO99043,65.06,C,001,5379392,8379391,C00106996,??????????,5001121001,May Kha Lar Mango Toffee 125g (1x6pcsx32packs),12,pcs,1.5625,DC-YGN01,00120251204122453067
00120251204055453930,12/5/2025,NDG/EDG                 Inv;19,VO99043,65.06,C,001,5379190,8379189,C00126810,?????????,5001121001,May Kha Lar Mango Toffee 125g (1x6pcsx32packs),6,pcs,0.78125,DC-YGN01,00120251204111637920
00120251204055150310,12/5/2025,AL/BH/KMD/SC                         Inv;17,VO99004,207.16,C,001,5379188,8379187,C00105684,????,5001121001,May Kha Lar Mango Toffee 125g (1x6pcsx32packs),6,pcs,0.78125,DC-YGN01,00120251204111635610
00120251204055455197,12/5/2025,"SOKL,YK SHOP-20",VO99046,139.57,C,001,5379226,8379225,C00132072,Central Mart,5001121001,May Kha Lar Mango Toffee 125g (1x6pcsx32packs),6,pcs,0.78125,DC-YGN01,00120251204112601820
00120251204055303940,12/5/2025,TGG SHOP-29,VO99106,118.32,C,001,5379276,8379275,C00139504,????-????????,5001121001,May Kha Lar Mango Toffee 125g (1x6pcsx32packs),6,pcs,0.78125,DC-YGN01,00120251204113524320
00120251204055331843,12/5/2025,HTY SHOP-40,VO99063,172.61,C,001,5379239,8379238,C00104682,??????????,5001121001,May Kha Lar Mango Toffee 125g (1x6pcsx32packs),12,pcs,1.5625,DC-YGN01,00120251204112908207
00120251204055234630,12/5/2025,TLN/KT SHOP-11,VO99113,43.87,C,001,5379259,8379258,C00800031,???????,5001121001,May Kha Lar Mango Toffee 125g (1x6pcsx32packs),6,pcs,0.78125,DC-YGN01,00120251204113220580
00120251204055333027,12/5/2025,MYG                Inv;23,VO99035,88.27,C,001,5379258,8379257,C00134320,?????,5001121001,May Kha Lar Mango Toffee 125g (1x6pcsx32packs),6,pcs,0.78125,DC-YGN01,00120251204113219300
00120251204055350787,12/5/2025,SPT                 Inv;24,VO99037,152.53,C,001,5379636,8379635,C00140843,??????? ????????,5001121001,May Kha Lar Mango Toffee 125g (1x6pcsx32packs),6,pcs,0.78125,DC-YGN01,00120251204024826660
00120251204055411300,12/5/2025,INS                  Inv;41,VO99039,207.42,C,001,5379578,8379577,C00139565,?????????,5001121001,May Kha Lar Mango Toffee 125g (1x6pcsx32packs),6,pcs,0.78125,DC-YGN01,00120251204023303467
00120251204055333027,12/5/2025,MYG                Inv;23,VO99035,88.27,C,001,5379560,8379559,C00152700,??????????,5001121001,May Kha Lar Mango Toffee 125g (1x6pcsx32packs),6,pcs,0.78125,DC-YGN01,00120251204022349223
00120251204055455197,12/5/2025,"SOKL,YK SHOP-20",VO99046,139.57,C,001,5379568,8379567,C00108446,??????????,5001121001,May Kha Lar Mango Toffee 125g (1x6pcsx32packs),6,pcs,0.78125,DC-YGN01,00120251204022955267
00120251204055312437,12/5/2025,HL/KMY                  Inv;21,VO99032,71.52,C,001,5379715,8379714,C00144448,?????????,5001121001,May Kha Lar Mango Toffee 125g (1x6pcsx32packs),12,pcs,1.5625,DC-YGN01,00120251204033506277
00120251204055312437,12/5/2025,HL/KMY                  Inv;21,VO99032,71.52,C,001,5379716,8379715,C00106715,?????????,5001121001,May Kha Lar Mango Toffee 125g (1x6pcsx32packs),12,pcs,1.5625,DC-YGN01,00120251204033507400
00120251204055520713,12/5/2025,NOKL SHOP-44,VO99045,173.34,C,001,5379665,8379664,C00124653,??????,5001121001,May Kha Lar Mango Toffee 125g (1x6pcsx32packs),6,pcs,0.78125,DC-YGN01,00120251204030410833
00120251204055520713,12/5/2025,NOKL SHOP-44,VO99045,173.34,C,001,5379687,8379686,C00128148,????????,5001121001,May Kha Lar Mango Toffee 125g (1x6pcsx32packs),12,pcs,1.5625,DC-YGN01,00120251204031637927
00120251204055411300,12/5/2025,INS                  Inv;41,VO99039,207.42,C,001,5379439,8379438,C00107903,?????????-?,5001121001,May Kha Lar Mango Toffee 125g (1x6pcsx32packs),12,pcs,1.5625,DC-YGN01,00120251204125528790
01620251204035823093,12/5/2025,"Inv-18, Bago, Thatnatpin, Minywar",VO99082,101.93,C,016,5379512,8379511,C01603856,?????,5001121001,May Kha Lar Mango Toffee 125g (1x6pcsx32packs),6,pcs,0.78125,WH-BGO99,01620251204015932680
01620251204035823093,12/5/2025,"Inv-18, Bago, Thatnatpin, Minywar",VO99082,101.93,C,016,5379517,8379516,C01600889,????????,5001121001,May Kha Lar Mango Toffee 125g (1x6pcsx32packs),6,pcs,0.78125,WH-BGO99,01620251204020234273
01620251204035823093,12/5/2025,"Inv-18, Bago, Thatnatpin, Minywar",VO99082,101.93,C,016,5379546,8379545,C01603842,?????????????,5001121001,May Kha Lar Mango Toffee 125g (1x6pcsx32packs),6,pcs,0.78125,WH-BGO99,01620251204021744437
01620251204035823093,12/5/2025,"Inv-18, Bago, Thatnatpin, Minywar",VO99082,101.93,C,016,5379548,8379547,C01602617,??????? ?????????,5001121001,May Kha Lar Mango Toffee 125g (1x6pcsx32packs),6,pcs,0.78125,WH-BGO99,01620251204021746603
00120251204055333027,12/5/2025,MYG                Inv;23,VO99035,88.27,C,001,5379075,8379074,C00130523,Shop & Shop,5001121001,May Kha Lar Mango Toffee 125g (1x6pcsx32packs),6,pcs,0.78125,DC-YGN01,00120251204105353100
00120251204055303940,12/5/2025,TGG SHOP-29,VO99106,118.32,C,001,5379084,8379083,C00106077,Ko Zaw,5001121001,May Kha Lar Mango Toffee 125g (1x6pcsx32packs),6,pcs,0.78125,DC-YGN01,00120251204105705177
00120251204055350787,12/5/2025,SPT                 Inv;24,VO99037,152.53,C,001,5379119,8379118,C00135485,????????,5001121001,May Kha Lar Mango Toffee 125g (1x6pcsx32packs),6,pcs,0.78125,DC-YGN01,00120251204110327020
00120251204055150310,12/5/2025,AL/BH/KMD/SC                         Inv;17,VO99004,207.16,C,001,5379083,8379082,C00130979,Health Link,5001121001,May Kha Lar Mango Toffee 125g (1x6pcsx32packs),6,pcs,0.78125,DC-YGN01,00120251204105703133
00120251204055411300,12/5/2025,INS                  Inv;41,VO99039,207.42,C,001,5379121,8379120,C00107179,???????,5001121001,May Kha Lar Mango Toffee 125g (1x6pcsx32packs),6,pcs,0.78125,DC-YGN01,00120251204110329600
00120251204055333027,12/5/2025,MYG                Inv;23,VO99035,88.27,C,001,5379148,8379147,C00129925,??????????,5001121001,May Kha Lar Mango Toffee 125g (1x6pcsx32packs),12,pcs,1.5625,DC-YGN01,00120251204110647727
00120251204055411300,12/5/2025,INS                  Inv;41,VO99039,207.42,C,001,5378984,8378983,C00106881,??????????,5001121001,May Kha Lar Mango Toffee 125g (1x6pcsx32packs),12,pcs,1.5625,DC-YGN01,00120251204103407500
00120251204055218913,12/5/2025,MGLTN/Tamwe                       Inv;23,VO99005,106.64,C,001,5378976,8378975,C00140731,?????,5001121001,May Kha Lar Mango Toffee 125g (1x6pcsx32packs),6,pcs,0.78125,DC-YGN01,00120251204103354900
00120251204055425190,12/5/2025,S.DGN/SEIKKAN SHOP-26,VO99060,84.41,C,001,5378938,8378937,C00136919,???????????,5001121001,May Kha Lar Mango Toffee 125g (1x6pcsx32packs),12,pcs,1.5625,DC-YGN01,00120251204102207700
00120251204055411300,12/5/2025,INS                  Inv;41,VO99039,207.42,C,001,5379002,8379001,C00133030,???????????,5001121001,May Kha Lar Mango Toffee 125g (1x6pcsx32packs),6,pcs,0.78125,DC-YGN01,00120251204103731617
00120251204055303940,12/5/2025,TGG SHOP-29,VO99106,118.32,C,001,5378868,8378867,C00139869,?????????,5001121001,May Kha Lar Mango Toffee 125g (1x6pcsx32packs),6,pcs,0.78125,DC-YGN01,00120251204100518573
00120251204055425190,12/5/2025,S.DGN/SEIKKAN SHOP-26,VO99060,84.41,C,001,5378880,8378879,C00137363,????,5001121001,May Kha Lar Mango Toffee 125g (1x6pcsx32packs),6,pcs,0.78125,DC-YGN01,00120251204100825993
00120251204055252693,12/5/2025,LT/PBD/LMD                 Inv;22,VO99012,81.7,C,001,5378897,8378896,C00101068,?????,5001121001,May Kha Lar Mango Toffee 125g (1x6pcsx32packs),6,pcs,0.78125,DC-YGN01,00120251204101442033
00120251204055331843,12/5/2025,HTY SHOP-40,VO99063,172.61,C,001,5378754,8378753,C00134046,?????????????????,5001121001,May Kha Lar Mango Toffee 125g (1x6pcsx32packs),18,pcs,2.34375,DC-YGN01,00120251204094026230
00120251204055218913,12/5/2025,MGLTN/Tamwe                       Inv;23,VO99005,106.64,C,001,5378748,8378747,C00132843,??????????,5001121001,May Kha Lar Mango Toffee 125g (1x6pcsx32packs),6,pcs,0.78125,DC-YGN01,00120251204093720137
00120251204055303940,12/5/2025,TGG SHOP-29,VO99106,118.32,C,001,5378745,8378744,C00153265,????? Pharmacy,5001121001,May Kha Lar Mango Toffee 125g (1x6pcsx32packs),6,pcs,0.78125,DC-YGN01,00120251204093715443
00120251204055425190,12/5/2025,S.DGN/SEIKKAN SHOP-26,VO99060,84.41,C,001,5378657,8378656,C00135803,?????????????,5001121001,May Kha Lar Mango Toffee 125g (1x6pcsx32packs),6,pcs,0.78125,DC-YGN01,00120251204090524903
00120251204055331843,12/5/2025,HTY SHOP-40,VO99063,172.61,C,001,5378669,8378668,C00145234,?????????,5001121001,May Kha Lar Mango Toffee 125g (1x6pcsx32packs),12,pcs,1.5625,DC-YGN01,00120251204091240990
00120251204055425190,12/5/2025,S.DGN/SEIKKAN SHOP-26,VO99060,84.41,C,001,5378657,8378656,C00135803,?????????????,5001121002,May Kha Lar Lemon Toffee 125g (1x6pcsx32packs),6,pcs,0.78125,DC-YGN01,00120251204090524903
00120251204055303940,12/5/2025,TGG SHOP-29,VO99106,118.32,C,001,5378745,8378744,C00153265,????? Pharmacy,5001121002,May Kha Lar Lemon Toffee 125g (1x6pcsx32packs),6,pcs,0.78125,DC-YGN01,00120251204093715443
00120251204055218913,12/5/2025,MGLTN/Tamwe                       Inv;23,VO99005,106.64,C,001,5378748,8378747,C00132843,??????????,5001121002,May Kha Lar Lemon Toffee 125g (1x6pcsx32packs),6,pcs,0.78125,DC-YGN01,00120251204093720137
00120251204055303940,12/5/2025,TGG SHOP-29,VO99106,118.32,C,001,5378732,8378731,C00126325,??????????,5001121002,May Kha Lar Lemon Toffee 125g (1x6pcsx32packs),6,pcs,0.78125,DC-YGN01,00120251204093111847
00120251204055252693,12/5/2025,LT/PBD/LMD                 Inv;22,VO99012,81.7,C,001,5378897,8378896,C00101068,?????,5001121002,May Kha Lar Lemon Toffee 125g (1x6pcsx32packs),6,pcs,0.78125,DC-YGN01,00120251204101442033
00120251204055425190,12/5/2025,S.DGN/SEIKKAN SHOP-26,VO99060,84.41,C,001,5378880,8378879,C00137363,????,5001121002,May Kha Lar Lemon Toffee 125g (1x6pcsx32packs),12,pcs,1.5625,DC-YGN01,00120251204100825993
00120251204055411300,12/5/2025,INS                  Inv;41,VO99039,207.42,C,001,5379002,8379001,C00133030,???????????,5001121002,May Kha Lar Lemon Toffee 125g (1x6pcsx32packs),6,pcs,0.78125,DC-YGN01,00120251204103731617
00120251204055411300,12/5/2025,INS                  Inv;41,VO99039,207.42,C,001,5379047,8379046,C00130585,????,5001121002,May Kha Lar Lemon Toffee 125g (1x6pcsx32packs),6,pcs,0.78125,DC-YGN01,00120251204105026937
00120251204055218913,12/5/2025,MGLTN/Tamwe                       Inv;23,VO99005,106.64,C,001,5378976,8378975,C00140731,?????,5001121002,May Kha Lar Lemon Toffee 125g (1x6pcsx32packs),6,pcs,0.78125,DC-YGN01,00120251204103354900
00120251204055411300,12/5/2025,INS                  Inv;41,VO99039,207.42,C,001,5378962,8378961,C00140518,????????????,5001121002,May Kha Lar Lemon Toffee 125g (1x6pcsx32packs),12,pcs,1.5625,DC-YGN01,00120251204103257873
00120251204055411300,12/5/2025,INS                  Inv;41,VO99039,207.42,C,001,5378984,8378983,C00106881,??????????,5001121002,May Kha Lar Lemon Toffee 125g (1x6pcsx32packs),12,pcs,1.5625,DC-YGN01,00120251204103407500
00120251204055425190,12/5/2025,S.DGN/SEIKKAN SHOP-26,VO99060,84.41,C,001,5378994,8378993,C00138431,Lamin ?????,5001121002,May Kha Lar Lemon Toffee 125g (1x6pcsx32packs),6,pcs,0.78125,DC-YGN01,00120251204103719947
00120251204055425190,12/5/2025,S.DGN/SEIKKAN SHOP-26,VO99060,84.41,C,001,5379152,8379151,C00107250,?????????????,5001121002,May Kha Lar Lemon Toffee 125g (1x6pcsx32packs),6,pcs,0.78125,DC-YGN01,00120251204110652810
00120251204055433497,12/5/2025,TKT-PZD                  Inv;35,VO99042,125.77,C,001,5379165,8379164,C00101723,??????????,5001121002,May Kha Lar Lemon Toffee 125g (1x6pcsx32packs),6,pcs,0.78125,DC-YGN01,00120251204111011287
00120251204055411300,12/5/2025,INS                  Inv;41,VO99039,207.42,C,001,5379121,8379120,C00107179,???????,5001121002,May Kha Lar Lemon Toffee 125g (1x6pcsx32packs),6,pcs,0.78125,DC-YGN01,00120251204110329600
00120251204055425190,12/5/2025,S.DGN/SEIKKAN SHOP-26,VO99060,84.41,C,001,5379130,8379129,C00106142,??????,5001121002,May Kha Lar Lemon Toffee 125g (1x6pcsx32packs),6,pcs,0.78125,DC-YGN01,00120251204110343320
00120251204055150310,12/5/2025,AL/BH/KMD/SC                         Inv;17,VO99004,207.16,C,001,5379083,8379082,C00130979,Health Link,5001121002,May Kha Lar Lemon Toffee 125g (1x6pcsx32packs),6,pcs,0.78125,DC-YGN01,00120251204105703133
00120251204055520713,12/5/2025,NOKL SHOP-44,VO99045,173.34,C,001,5379099,8379098,C00150137,?????,5001121002,May Kha Lar Lemon Toffee 125g (1x6pcsx32packs),12,pcs,1.5625,DC-YGN01,00120251204110015877
00120251204055350787,12/5/2025,SPT                 Inv;24,VO99037,152.53,C,001,5379119,8379118,C00135485,????????,5001121002,May Kha Lar Lemon Toffee 125g (1x6pcsx32packs),6,pcs,0.78125,DC-YGN01,00120251204110327020
00120251204055333027,12/5/2025,MYG                Inv;23,VO99035,88.27,C,001,5379075,8379074,C00130523,Shop & Shop,5001121002,May Kha Lar Lemon Toffee 125g (1x6pcsx32packs),6,pcs,0.78125,DC-YGN01,00120251204105353100
01620251204035823093,12/5/2025,"Inv-18, Bago, Thatnatpin, Minywar",VO99082,101.93,C,016,5379548,8379547,C01602617,??????? ?????????,5001121002,May Kha Lar Lemon Toffee 125g (1x6pcsx32packs),6,pcs,0.78125,WH-BGO99,01620251204021746603
01620251204035823093,12/5/2025,"Inv-18, Bago, Thatnatpin, Minywar",VO99082,101.93,C,016,5379546,8379545,C01603842,?????????????,5001121002,May Kha Lar Lemon Toffee 125g (1x6pcsx32packs),6,pcs,0.78125,WH-BGO99,01620251204021744437
01620251204035823093,12/5/2025,"Inv-18, Bago, Thatnatpin, Minywar",VO99082,101.93,C,016,5379517,8379516,C01600889,????????,5001121002,May Kha Lar Lemon Toffee 125g (1x6pcsx32packs),6,pcs,0.78125,WH-BGO99,01620251204020234273
01620251204035823093,12/5/2025,"Inv-18, Bago, Thatnatpin, Minywar",VO99082,101.93,C,016,5379512,8379511,C01603856,?????,5001121002,May Kha Lar Lemon Toffee 125g (1x6pcsx32packs),6,pcs,0.78125,WH-BGO99,01620251204015932680
00120251204055411300,12/5/2025,INS                  Inv;41,VO99039,207.42,C,001,5379439,8379438,C00107903,?????????-?,5001121002,May Kha Lar Lemon Toffee 125g (1x6pcsx32packs),12,pcs,1.5625,DC-YGN01,00120251204125528790
00120251204055150310,12/5/2025,AL/BH/KMD/SC                         Inv;17,VO99004,207.16,C,001,5379430,8379429,C00124538,Diamond Mini Mart,5001121002,May Kha Lar Lemon Toffee 125g (1x6pcsx32packs),12,pcs,1.5625,DC-YGN01,00120251204124617870
00120251204055303940,12/5/2025,TGG SHOP-29,VO99106,118.32,C,001,5379484,8379483,C00150103,???????????,5001121002,May Kha Lar Lemon Toffee 125g (1x6pcsx32packs),6,pcs,0.78125,DC-YGN01,00120251204014111990
00120251204055520713,12/5/2025,NOKL SHOP-44,VO99045,173.34,C,001,5379687,8379686,C00128148,????????,5001121002,May Kha Lar Lemon Toffee 125g (1x6pcsx32packs),12,pcs,1.5625,DC-YGN01,00120251204031637927
00120251204055520713,12/5/2025,NOKL SHOP-44,VO99045,173.34,C,001,5379665,8379664,C00124653,??????,5001121002,May Kha Lar Lemon Toffee 125g (1x6pcsx32packs),6,pcs,0.78125,DC-YGN01,00120251204030410833
00120251204055312437,12/5/2025,HL/KMY                  Inv;21,VO99032,71.52,C,001,5379716,8379715,C00106715,?????????,5001121002,May Kha Lar Lemon Toffee 125g (1x6pcsx32packs),12,pcs,1.5625,DC-YGN01,00120251204033507400
00120251204055312437,12/5/2025,HL/KMY                  Inv;21,VO99032,71.52,C,001,5379715,8379714,C00144448,?????????,5001121002,May Kha Lar Lemon Toffee 125g (1x6pcsx32packs),12,pcs,1.5625,DC-YGN01,00120251204033506277
00120251204055455197,12/5/2025,"SOKL,YK SHOP-20",VO99046,139.57,C,001,5379568,8379567,C00108446,??????????,5001121002,May Kha Lar Lemon Toffee 125g (1x6pcsx32packs),6,pcs,0.78125,DC-YGN01,00120251204022955267
00120251204055333027,12/5/2025,MYG                Inv;23,VO99035,88.27,C,001,5379560,8379559,C00152700,??????????,5001121002,May Kha Lar Lemon Toffee 125g (1x6pcsx32packs),6,pcs,0.78125,DC-YGN01,00120251204022349223
00120251204055411300,12/5/2025,INS                  Inv;41,VO99039,207.42,C,001,5379578,8379577,C00139565,?????????,5001121002,May Kha Lar Lemon Toffee 125g (1x6pcsx32packs),6,pcs,0.78125,DC-YGN01,00120251204023303467
00120251204055350787,12/5/2025,SPT                 Inv;24,VO99037,152.53,C,001,5379636,8379635,C00140843,??????? ????????,5001121002,May Kha Lar Lemon Toffee 125g (1x6pcsx32packs),6,pcs,0.78125,DC-YGN01,00120251204024826660
00120251204055350787,12/5/2025,SPT                 Inv;24,VO99037,152.53,C,001,5379597,8379596,C00121525,??????????,5001121002,May Kha Lar Lemon Toffee 125g (1x6pcsx32packs),6,pcs,0.78125,DC-YGN01,00120251204023911413
00120251204055333027,12/5/2025,MYG                Inv;23,VO99035,88.27,C,001,5379258,8379257,C00134320,?????,5001121002,May Kha Lar Lemon Toffee 125g (1x6pcsx32packs),6,pcs,0.78125,DC-YGN01,00120251204113219300
00120251204055234630,12/5/2025,TLN/KT SHOP-11,VO99113,43.87,C,001,5379259,8379258,C00800031,???????,5001121002,May Kha Lar Lemon Toffee 125g (1x6pcsx32packs),12,pcs,1.5625,DC-YGN01,00120251204113220580
00120251204055331843,12/5/2025,HTY SHOP-40,VO99063,172.61,C,001,5379239,8379238,C00104682,??????????,5001121002,May Kha Lar Lemon Toffee 125g (1x6pcsx32packs),12,pcs,1.5625,DC-YGN01,00120251204112908207
00120251204055455197,12/5/2025,"SOKL,YK SHOP-20",VO99046,139.57,C,001,5379226,8379225,C00132072,Central Mart,5001121002,May Kha Lar Lemon Toffee 125g (1x6pcsx32packs),6,pcs,0.78125,DC-YGN01,00120251204112601820
00120251204055453930,12/5/2025,NDG/EDG                 Inv;19,VO99043,65.06,C,001,5379190,8379189,C00126810,?????????,5001121002,May Kha Lar Lemon Toffee 125g (1x6pcsx32packs),6,pcs,0.78125,DC-YGN01,00120251204111637920
00120251204055333027,12/5/2025,MYG                Inv;23,VO99035,88.27,C,001,5379204,8379203,C00101132,?????,5001121002,May Kha Lar Lemon Toffee 125g (1x6pcsx32packs),6,pcs,0.78125,DC-YGN01,00120251204112243750
00120251204055453930,12/5/2025,NDG/EDG                 Inv;19,VO99043,65.06,C,001,5379392,8379391,C00106996,??????????,5001121002,May Kha Lar Lemon Toffee 125g (1x6pcsx32packs),12,pcs,1.5625,DC-YGN01,00120251204122453067
00120251204055331843,12/5/2025,HTY SHOP-40,VO99063,172.61,C,001,5379384,8379383,C00120998,???????????????????,5001121002,May Kha Lar Lemon Toffee 125g (1x6pcsx32packs),6,pcs,0.78125,DC-YGN01,00120251204122151693
00120251204055331843,12/5/2025,HTY SHOP-40,VO99063,172.61,C,001,5379423,8379422,C00114656,?????????????? (?),5001121002,May Kha Lar Lemon Toffee 125g (1x6pcsx32packs),6,pcs,0.78125,DC-YGN01,00120251204124309627
00120251204055455197,12/5/2025,"SOKL,YK SHOP-20",VO99046,139.57,C,001,5379344,8379343,C00126317,??????,5001121002,May Kha Lar Lemon Toffee 125g (1x6pcsx32packs),6,pcs,0.78125,DC-YGN01,00120251204120313780
00120251204055433497,12/5/2025,TKT-PZD                  Inv;35,VO99042,125.77,C,001,5379319,8379318,C00102215,??????????????,5001121002,May Kha Lar Lemon Toffee 125g (1x6pcsx32packs),36,pcs,4.6875,DC-YGN01,00120251204114751780
00120251204055433497,12/5/2025,TKT-PZD                  Inv;35,VO99042,125.77,C,001,5379319,8379318,C00102215,??????????????,5001121003,May Kha Lar Plum with Ginger Toffee 125g (1x6pcsx32packs),36,pcs,4.6875,DC-YGN01,00120251204114751780
00120251204055433497,12/5/2025,TKT-PZD                  Inv;35,VO99042,125.77,C,001,5379319,8379318,C00102215,??????????????,5001121003,May Kha Lar Plum with Ginger Toffee 125g (1x6pcsx32packs),12,pcs,1.5625,DC-YGN01,00120251204114751780
00120251204055455197,12/5/2025,"SOKL,YK SHOP-20",VO99046,139.57,C,001,5379344,8379343,C00126317,??????,5001121003,May Kha Lar Plum with Ginger Toffee 125g (1x6pcsx32packs),6,pcs,0.78125,DC-YGN01,00120251204120313780
00120251204055411300,12/5/2025,INS                  Inv;41,VO99039,207.42,C,001,5379349,8379348,C00107894,???????,5001121003,May Kha Lar Plum with Ginger Toffee 125g (1x6pcsx32packs),6,pcs,0.78125,DC-YGN01,00120251204120616297
00120251204055411300,12/5/2025,INS                  Inv;41,VO99039,207.42,C,001,5379349,8379348,C00107894,???????,5001121003,May Kha Lar Plum with Ginger Toffee 125g (1x6pcsx32packs),1,pcs,0.130208,DC-YGN01,00120251204120616297
00120251204055455197,12/5/2025,"SOKL,YK SHOP-20",VO99046,139.57,C,001,5379344,8379343,C00126317,??????,5001121003,May Kha Lar Plum with Ginger Toffee 125g (1x6pcsx32packs),1,pcs,0.130208,DC-YGN01,00120251204120313780
00120251204055331843,12/5/2025,HTY SHOP-40,VO99063,172.61,C,001,5379423,8379422,C00114656,?????????????? (?),5001121003,May Kha Lar Plum with Ginger Toffee 125g (1x6pcsx32packs),6,pcs,0.78125,DC-YGN01,00120251204124309627
00120251204055411300,12/5/2025,INS                  Inv;41,VO99039,207.42,C,001,5379420,8379419,C00150248,???????? (?),5001121003,May Kha Lar Plum with Ginger Toffee 125g (1x6pcsx32packs),3,pcs,0.390625,DC-YGN01,00120251204124006883
00120251204055331843,12/5/2025,HTY SHOP-40,VO99063,172.61,C,001,5379384,8379383,C00120998,???????????????????,5001121003,May Kha Lar Plum with Ginger Toffee 125g (1x6pcsx32packs),6,pcs,0.78125,DC-YGN01,00120251204122151693
00120251204055453930,12/5/2025,NDG/EDG                 Inv;19,VO99043,65.06,C,001,5379392,8379391,C00106996,??????????,5001121003,May Kha Lar Plum with Ginger Toffee 125g (1x6pcsx32packs),12,pcs,1.5625,DC-YGN01,00120251204122453067
00120251204055331843,12/5/2025,HTY SHOP-40,VO99063,172.61,C,001,5379384,8379383,C00120998,???????????????????,5001121003,May Kha Lar Plum with Ginger Toffee 125g (1x6pcsx32packs),1,pcs,0.130208,DC-YGN01,00120251204122151693
00120251204055453930,12/5/2025,NDG/EDG                 Inv;19,VO99043,65.06,C,001,5379392,8379391,C00106996,??????????,5001121003,May Kha Lar Plum with Ginger Toffee 125g (1x6pcsx32packs),2,pcs,0.260417,DC-YGN01,00120251204122453067
00120251204055453930,12/5/2025,NDG/EDG                 Inv;19,VO99043,65.06,C,001,5379190,8379189,C00126810,?????????,5001121003,May Kha Lar Plum with Ginger Toffee 125g (1x6pcsx32packs),1,pcs,0.130208,DC-YGN01,00120251204111637920
00120251204055453930,12/5/2025,NDG/EDG                 Inv;19,VO99043,65.06,C,001,5379190,8379189,C00126810,?????????,5001121003,May Kha Lar Plum with Ginger Toffee 125g (1x6pcsx32packs),6,pcs,0.78125,DC-YGN01,00120251204111637920
00120251204055455197,12/5/2025,"SOKL,YK SHOP-20",VO99046,139.57,C,001,5379226,8379225,C00132072,Central Mart,5001121003,May Kha Lar Plum with Ginger Toffee 125g (1x6pcsx32packs),6,pcs,0.78125,DC-YGN01,00120251204112601820
00120251204055455197,12/5/2025,"SOKL,YK SHOP-20",VO99046,139.57,C,001,5379226,8379225,C00132072,Central Mart,5001121003,May Kha Lar Plum with Ginger Toffee 125g (1x6pcsx32packs),1,pcs,0.130208,DC-YGN01,00120251204112601820
00120251204055331843,12/5/2025,HTY SHOP-40,VO99063,172.61,C,001,5379239,8379238,C00104682,??????????,5001121003,May Kha Lar Plum with Ginger Toffee 125g (1x6pcsx32packs),12,pcs,1.5625,DC-YGN01,00120251204112908207
00120251204055331843,12/5/2025,HTY SHOP-40,VO99063,172.61,C,001,5379239,8379238,C00104682,??????????,5001121003,May Kha Lar Plum with Ginger Toffee 125g (1x6pcsx32packs),2,pcs,0.260417,DC-YGN01,00120251204112908207
00120251204055333027,12/5/2025,MYG                Inv;23,VO99035,88.27,C,001,5379258,8379257,C00134320,?????,5001121003,May Kha Lar Plum with Ginger Toffee 125g (1x6pcsx32packs),1,pcs,0.130208,DC-YGN01,00120251204113219300
00120251204055234630,12/5/2025,TLN/KT SHOP-11,VO99113,43.87,C,001,5379259,8379258,C00800031,???????,5001121003,May Kha Lar Plum with Ginger Toffee 125g (1x6pcsx32packs),1,pcs,0.130208,DC-YGN01,00120251204113220580
00120251204055333027,12/5/2025,MYG                Inv;23,VO99035,88.27,C,001,5379258,8379257,C00134320,?????,5001121003,May Kha Lar Plum with Ginger Toffee 125g (1x6pcsx32packs),6,pcs,0.78125,DC-YGN01,00120251204113219300
00120251204055350787,12/5/2025,SPT                 Inv;24,VO99037,152.53,C,001,5379636,8379635,C00140843,??????? ????????,5001121003,May Kha Lar Plum with Ginger Toffee 125g (1x6pcsx32packs),6,pcs,0.78125,DC-YGN01,00120251204024826660
00120251204055333027,12/5/2025,MYG                Inv;23,VO99035,88.27,C,001,5379560,8379559,C00152700,??????????,5001121003,May Kha Lar Plum with Ginger Toffee 125g (1x6pcsx32packs),6,pcs,0.78125,DC-YGN01,00120251204022349223
01620251204035823093,12/5/2025,"Inv-18, Bago, Thatnatpin, Minywar",VO99082,101.93,C,016,5379548,8379547,C01602617,??????? ?????????,5001121003,May Kha Lar Plum with Ginger Toffee 125g (1x6pcsx32packs),1,pcs,0.130208,WH-BGO99,01620251204021746603
00120251204055333027,12/5/2025,MYG                Inv;23,VO99035,88.27,C,001,5379560,8379559,C00152700,??????????,5001121003,May Kha Lar Plum with Ginger Toffee 125g (1x6pcsx32packs),1,pcs,0.130208,DC-YGN01,00120251204022349223
00120251204055312437,12/5/2025,HL/KMY                  Inv;21,VO99032,71.52,C,001,5379715,8379714,C00144448,?????????,5001121003,May Kha Lar Plum with Ginger Toffee 125g (1x6pcsx32packs),12,pcs,1.5625,DC-YGN01,00120251204033506277
00120251204055312437,12/5/2025,HL/KMY                  Inv;21,VO99032,71.52,C,001,5379716,8379715,C00106715,?????????,5001121003,May Kha Lar Plum with Ginger Toffee 125g (1x6pcsx32packs),12,pcs,1.5625,DC-YGN01,00120251204033507400
00120251204055312437,12/5/2025,HL/KMY                  Inv;21,VO99032,71.52,C,001,5379716,8379715,C00106715,?????????,5001121003,May Kha Lar Plum with Ginger Toffee 125g (1x6pcsx32packs),2,pcs,0.260417,DC-YGN01,00120251204033507400
00120251204055520713,12/5/2025,NOKL SHOP-44,VO99045,173.34,C,001,5379687,8379686,C00128148,????????,5001121003,May Kha Lar Plum with Ginger Toffee 125g (1x6pcsx32packs),2,pcs,0.260417,DC-YGN01,00120251204031637927
00120251204055312437,12/5/2025,HL/KMY                  Inv;21,VO99032,71.52,C,001,5379715,8379714,C00144448,?????????,5001121003,May Kha Lar Plum with Ginger Toffee 125g (1x6pcsx32packs),2,pcs,0.260417,DC-YGN01,00120251204033506277
00120251204055520713,12/5/2025,NOKL SHOP-44,VO99045,173.34,C,001,5379665,8379664,C00124653,??????,5001121003,May Kha Lar Plum with Ginger Toffee 125g (1x6pcsx32packs),6,pcs,0.78125,DC-YGN01,00120251204030410833
00120251204055520713,12/5/2025,NOKL SHOP-44,VO99045,173.34,C,001,5379665,8379664,C00124653,??????,5001121003,May Kha Lar Plum with Ginger Toffee 125g (1x6pcsx32packs),1,pcs,0.130208,DC-YGN01,00120251204030410833
00120251204055520713,12/5/2025,NOKL SHOP-44,VO99045,173.34,C,001,5379687,8379686,C00128148,????????,5001121003,May Kha Lar Plum with Ginger Toffee 125g (1x6pcsx32packs),12,pcs,1.5625,DC-YGN01,00120251204031637927
00120251204055411300,12/5/2025,INS                  Inv;41,VO99039,207.42,C,001,5379439,8379438,C00107903,?????????-?,5001121003,May Kha Lar Plum with Ginger Toffee 125g (1x6pcsx32packs),12,pcs,1.5625,DC-YGN01,00120251204125528790
00120251204055411300,12/5/2025,INS                  Inv;41,VO99039,207.42,C,001,5379439,8379438,C00107903,?????????-?,5001121003,May Kha Lar Plum with Ginger Toffee 125g (1x6pcsx32packs),2,pcs,0.260417,DC-YGN01,00120251204125528790
01620251204035823093,12/5/2025,"Inv-18, Bago, Thatnatpin, Minywar",VO99082,101.93,C,016,5379512,8379511,C01603856,?????,5001121003,May Kha Lar Plum with Ginger Toffee 125g (1x6pcsx32packs),6,pcs,0.78125,WH-BGO99,01620251204015932680
01620251204035823093,12/5/2025,"Inv-18, Bago, Thatnatpin, Minywar",VO99082,101.93,C,016,5379548,8379547,C01602617,??????? ?????????,5001121003,May Kha Lar Plum with Ginger Toffee 125g (1x6pcsx32packs),6,pcs,0.78125,WH-BGO99,01620251204021746603
01620251204035823093,12/5/2025,"Inv-18, Bago, Thatnatpin, Minywar",VO99082,101.93,C,016,5379546,8379545,C01603842,?????????????,5001121003,May Kha Lar Plum with Ginger Toffee 125g (1x6pcsx32packs),1,pcs,0.130208,WH-BGO99,01620251204021744437
00120251204055333027,12/5/2025,MYG                Inv;23,VO99035,88.27,C,001,5379075,8379074,C00130523,Shop & Shop,5001121003,May Kha Lar Plum with Ginger Toffee 125g (1x6pcsx32packs),6,pcs,0.78125,DC-YGN01,00120251204105353100
00120251204055333027,12/5/2025,MYG                Inv;23,VO99035,88.27,C,001,5379075,8379074,C00130523,Shop & Shop,5001121003,May Kha Lar Plum with Ginger Toffee 125g (1x6pcsx32packs),1,pcs,0.130208,DC-YGN01,00120251204105353100
00120251204055350787,12/5/2025,SPT                 Inv;24,VO99037,152.53,C,001,5379119,8379118,C00135485,????????,5001121003,May Kha Lar Plum with Ginger Toffee 125g (1x6pcsx32packs),6,pcs,0.78125,DC-YGN01,00120251204110327020
00120251204055150310,12/5/2025,AL/BH/KMD/SC                         Inv;17,VO99004,207.16,C,001,5379083,8379082,C00130979,Health Link,5001121003,May Kha Lar Plum with Ginger Toffee 125g (1x6pcsx32packs),6,pcs,0.78125,DC-YGN01,00120251204105703133
00120251204055150310,12/5/2025,AL/BH/KMD/SC                         Inv;17,VO99004,207.16,C,001,5379083,8379082,C00130979,Health Link,5001121003,May Kha Lar Plum with Ginger Toffee 125g (1x6pcsx32packs),1,pcs,0.130208,DC-YGN01,00120251204105703133
00120251204055411300,12/5/2025,INS                  Inv;41,VO99039,207.42,C,001,5379121,8379120,C00107179,???????,5001121003,May Kha Lar Plum with Ginger Toffee 125g (1x6pcsx32packs),6,pcs,0.78125,DC-YGN01,00120251204110329600
00120251204055411300,12/5/2025,INS                  Inv;41,VO99039,207.42,C,001,5379121,8379120,C00107179,???????,5001121003,May Kha Lar Plum with Ginger Toffee 125g (1x6pcsx32packs),1,pcs,0.130208,DC-YGN01,00120251204110329600
00120251204055425190,12/5/2025,S.DGN/SEIKKAN SHOP-26,VO99060,84.41,C,001,5379152,8379151,C00107250,?????????????,5001121003,May Kha Lar Plum with Ginger Toffee 125g (1x6pcsx32packs),6,pcs,0.78125,DC-YGN01,00120251204110652810
00120251204055433497,12/5/2025,TKT-PZD                  Inv;35,VO99042,125.77,C,001,5379165,8379164,C00101723,??????????,5001121003,May Kha Lar Plum with Ginger Toffee 125g (1x6pcsx32packs),1,pcs,0.130208,DC-YGN01,00120251204111011287
00120251204055411300,12/5/2025,INS                  Inv;41,VO99039,207.42,C,001,5378984,8378983,C00106881,??????????,5001121003,May Kha Lar Plum with Ginger Toffee 125g (1x6pcsx32packs),12,pcs,1.5625,DC-YGN01,00120251204103407500
00120251204055411300,12/5/2025,INS                  Inv;41,VO99039,207.42,C,001,5378984,8378983,C00106881,??????????,5001121003,May Kha Lar Plum with Ginger Toffee 125g (1x6pcsx32packs),2,pcs,0.260417,DC-YGN01,00120251204103407500
00120251204055411300,12/5/2025,INS                  Inv;41,VO99039,207.42,C,001,5378962,8378961,C00140518,????????????,5001121003,May Kha Lar Plum with Ginger Toffee 125g (1x6pcsx32packs),6,pcs,0.78125,DC-YGN01,00120251204103257873
00120251204055411300,12/5/2025,INS                  Inv;41,VO99039,207.42,C,001,5378962,8378961,C00140518,????????????,5001121003,May Kha Lar Plum with Ginger Toffee 125g (1x6pcsx32packs),1,pcs,0.130208,DC-YGN01,00120251204103257873
00120251204055218913,12/5/2025,MGLTN/Tamwe                       Inv;23,VO99005,106.64,C,001,5378976,8378975,C00140731,?????,5001121003,May Kha Lar Plum with Ginger Toffee 125g (1x6pcsx32packs),6,pcs,0.78125,DC-YGN01,00120251204103354900
00120251204055218913,12/5/2025,MGLTN/Tamwe                       Inv;23,VO99005,106.64,C,001,5378976,8378975,C00140731,?????,5001121003,May Kha Lar Plum with Ginger Toffee 125g (1x6pcsx32packs),1,pcs,0.130208,DC-YGN01,00120251204103354900
00120251204055425190,12/5/2025,S.DGN/SEIKKAN SHOP-26,VO99060,84.41,C,001,5378951,8378950,C00105769,??????????,5001121003,May Kha Lar Plum with Ginger Toffee 125g (1x6pcsx32packs),12,pcs,1.5625,DC-YGN01,00120251204102951780
00120251204055425190,12/5/2025,S.DGN/SEIKKAN SHOP-26,VO99060,84.41,C,001,5379052,8379051,C00103363,??????????,5001121003,May Kha Lar Plum with Ginger Toffee 125g (1x6pcsx32packs),6,pcs,0.78125,DC-YGN01,00120251204105037030
00120251204055411300,12/5/2025,INS                  Inv;41,VO99039,207.42,C,001,5379002,8379001,C00133030,???????????,5001121003,May Kha Lar Plum with Ginger Toffee 125g (1x6pcsx32packs),6,pcs,0.78125,DC-YGN01,00120251204103731617
00120251204055411300,12/5/2025,INS                  Inv;41,VO99039,207.42,C,001,5379002,8379001,C00133030,???????????,5001121003,May Kha Lar Plum with Ginger Toffee 125g (1x6pcsx32packs),1,pcs,0.130208,DC-YGN01,00120251204103731617
00120251204055425190,12/5/2025,S.DGN/SEIKKAN SHOP-26,VO99060,84.41,C,001,5378880,8378879,C00137363,????,5001121003,May Kha Lar Plum with Ginger Toffee 125g (1x6pcsx32packs),6,pcs,0.78125,DC-YGN01,00120251204100825993
00120251204055425190,12/5/2025,S.DGN/SEIKKAN SHOP-26,VO99060,84.41,C,001,5378880,8378879,C00137363,????,5001121003,May Kha Lar Plum with Ginger Toffee 125g (1x6pcsx32packs),1,pcs,0.130208,DC-YGN01,00120251204100825993
00120251204055252693,12/5/2025,LT/PBD/LMD                 Inv;22,VO99012,81.7,C,001,5378897,8378896,C00101068,?????,5001121003,May Kha Lar Plum with Ginger Toffee 125g (1x6pcsx32packs),6,pcs,0.78125,DC-YGN01,00120251204101442033
00120251204055252693,12/5/2025,LT/PBD/LMD                 Inv;22,VO99012,81.7,C,001,5378897,8378896,C00101068,?????,5001121003,May Kha Lar Plum with Ginger Toffee 125g (1x6pcsx32packs),1,pcs,0.130208,DC-YGN01,00120251204101442033
00120251204055218913,12/5/2025,MGLTN/Tamwe                       Inv;23,VO99005,106.64,C,001,5378748,8378747,C00132843,??????????,5001121003,May Kha Lar Plum with Ginger Toffee 125g (1x6pcsx32packs),6,pcs,0.78125,DC-YGN01,00120251204093720137
00120251204055303940,12/5/2025,TGG SHOP-29,VO99106,118.32,C,001,5378745,8378744,C00153265,????? Pharmacy,5001121003,May Kha Lar Plum with Ginger Toffee 125g (1x6pcsx32packs),1,pcs,0.130208,DC-YGN01,00120251204093715443
00120251204055303940,12/5/2025,TGG SHOP-29,VO99106,118.32,C,001,5378745,8378744,C00153265,????? Pharmacy,5001121003,May Kha Lar Plum with Ginger Toffee 125g (1x6pcsx32packs),6,pcs,0.78125,DC-YGN01,00120251204093715443
00120251204055331843,12/5/2025,HTY SHOP-40,VO99063,172.61,C,001,5378754,8378753,C00134046,?????????????????,5001121003,May Kha Lar Plum with Ginger Toffee 125g (1x6pcsx32packs),1,pcs,0.130208,DC-YGN01,00120251204094026230
00120251204055218913,12/5/2025,MGLTN/Tamwe                       Inv;23,VO99005,106.64,C,001,5378748,8378747,C00132843,??????????,5001121003,May Kha Lar Plum with Ginger Toffee 125g (1x6pcsx32packs),1,pcs,0.130208,DC-YGN01,00120251204093720137
00120251204055425190,12/5/2025,S.DGN/SEIKKAN SHOP-26,VO99060,84.41,C,001,5378657,8378656,C00135803,?????????????,5001121003,May Kha Lar Plum with Ginger Toffee 125g (1x6pcsx32packs),1,pcs,0.130208,DC-YGN01,00120251204090524903
00120251204055425190,12/5/2025,S.DGN/SEIKKAN SHOP-26,VO99060,84.41,C,001,5378657,8378656,C00135803,?????????????,5001121004,May Kha Lar Tamarind Toffee 125g (1x6pcsx32packs),18,pcs,2.34375,DC-YGN01,00120251204090524903
00120251204055411300,12/5/2025,INS                  Inv;41,VO99039,207.42,C,001,5378764,8378763,C00126598,??????????????,5001121004,May Kha Lar Tamarind Toffee 125g (1x6pcsx32packs),12,pcs,1.5625,DC-YGN01,00120251204094331670
00120251204055303940,12/5/2025,TGG SHOP-29,VO99106,118.32,C,001,5378745,8378744,C00153265,????? Pharmacy,5001121004,May Kha Lar Tamarind Toffee 125g (1x6pcsx32packs),6,pcs,0.78125,DC-YGN01,00120251204093715443
00120251204055331843,12/5/2025,HTY SHOP-40,VO99063,172.61,C,001,5378754,8378753,C00134046,?????????????????,5001121004,May Kha Lar Tamarind Toffee 125g (1x6pcsx32packs),12,pcs,1.5625,DC-YGN01,00120251204094026230
00120251204055218913,12/5/2025,MGLTN/Tamwe                       Inv;23,VO99005,106.64,C,001,5378748,8378747,C00132843,??????????,5001121004,May Kha Lar Tamarind Toffee 125g (1x6pcsx32packs),6,pcs,0.78125,DC-YGN01,00120251204093720137
00120251204055303940,12/5/2025,TGG SHOP-29,VO99106,118.32,C,001,5378732,8378731,C00126325,??????????,5001121004,May Kha Lar Tamarind Toffee 125g (1x6pcsx32packs),6,pcs,0.78125,DC-YGN01,00120251204093111847
00120251204055252693,12/5/2025,LT/PBD/LMD                 Inv;22,VO99012,81.7,C,001,5378897,8378896,C00101068,?????,5001121004,May Kha Lar Tamarind Toffee 125g (1x6pcsx32packs),6,pcs,0.78125,DC-YGN01,00120251204101442033
00120251204055425190,12/5/2025,S.DGN/SEIKKAN SHOP-26,VO99060,84.41,C,001,5378880,8378879,C00137363,????,5001121004,May Kha Lar Tamarind Toffee 125g (1x6pcsx32packs),6,pcs,0.78125,DC-YGN01,00120251204100825993
00120251204055411300,12/5/2025,INS                  Inv;41,VO99039,207.42,C,001,5379002,8379001,C00133030,???????????,5001121004,May Kha Lar Tamarind Toffee 125g (1x6pcsx32packs),6,pcs,0.78125,DC-YGN01,00120251204103731617
00120251204055425190,12/5/2025,S.DGN/SEIKKAN SHOP-26,VO99060,84.41,C,001,5379052,8379051,C00103363,??????????,5001121004,May Kha Lar Tamarind Toffee 125g (1x6pcsx32packs),6,pcs,0.78125,DC-YGN01,00120251204105037030
00120251204055425190,12/5/2025,S.DGN/SEIKKAN SHOP-26,VO99060,84.41,C,001,5378938,8378937,C00136919,???????????,5001121004,May Kha Lar Tamarind Toffee 125g (1x6pcsx32packs),6,pcs,0.78125,DC-YGN01,00120251204102207700
00120251204055218913,12/5/2025,MGLTN/Tamwe                       Inv;23,VO99005,106.64,C,001,5378976,8378975,C00140731,?????,5001121004,May Kha Lar Tamarind Toffee 125g (1x6pcsx32packs),6,pcs,0.78125,DC-YGN01,00120251204103354900
00120251204055411300,12/5/2025,INS                  Inv;41,VO99039,207.42,C,001,5378962,8378961,C00140518,????????????,5001121004,May Kha Lar Tamarind Toffee 125g (1x6pcsx32packs),6,pcs,0.78125,DC-YGN01,00120251204103257873
00120251204055411300,12/5/2025,INS                  Inv;41,VO99039,207.42,C,001,5378984,8378983,C00106881,??????????,5001121004,May Kha Lar Tamarind Toffee 125g (1x6pcsx32packs),12,pcs,1.5625,DC-YGN01,00120251204103407500
00120251204055425190,12/5/2025,S.DGN/SEIKKAN SHOP-26,VO99060,84.41,C,001,5379152,8379151,C00107250,?????????????,5001121004,May Kha Lar Tamarind Toffee 125g (1x6pcsx32packs),6,pcs,0.78125,DC-YGN01,00120251204110652810
00120251204055433497,12/5/2025,TKT-PZD                  Inv;35,VO99042,125.77,C,001,5379165,8379164,C00101723,??????????,5001121004,May Kha Lar Tamarind Toffee 125g (1x6pcsx32packs),12,pcs,1.5625,DC-YGN01,00120251204111011287
00120251204055411300,12/5/2025,INS                  Inv;41,VO99039,207.42,C,001,5379121,8379120,C00107179,???????,5001121004,May Kha Lar Tamarind Toffee 125g (1x6pcsx32packs),6,pcs,0.78125,DC-YGN01,00120251204110329600
00120251204055425190,12/5/2025,S.DGN/SEIKKAN SHOP-26,VO99060,84.41,C,001,5379130,8379129,C00106142,??????,5001121004,May Kha Lar Tamarind Toffee 125g (1x6pcsx32packs),6,pcs,0.78125,DC-YGN01,00120251204110343320
00120251204055150310,12/5/2025,AL/BH/KMD/SC                         Inv;17,VO99004,207.16,C,001,5379083,8379082,C00130979,Health Link,5001121004,May Kha Lar Tamarind Toffee 125g (1x6pcsx32packs),6,pcs,0.78125,DC-YGN01,00120251204105703133
00120251204055350787,12/5/2025,SPT                 Inv;24,VO99037,152.53,C,001,5379119,8379118,C00135485,????????,5001121004,May Kha Lar Tamarind Toffee 125g (1x6pcsx32packs),6,pcs,0.78125,DC-YGN01,00120251204110327020
00120251204055333027,12/5/2025,MYG                Inv;23,VO99035,88.27,C,001,5379075,8379074,C00130523,Shop & Shop,5001121004,May Kha Lar Tamarind Toffee 125g (1x6pcsx32packs),6,pcs,0.78125,DC-YGN01,00120251204105353100
01620251204035823093,12/5/2025,"Inv-18, Bago, Thatnatpin, Minywar",VO99082,101.93,C,016,5379548,8379547,C01602617,??????? ?????????,5001121004,May Kha Lar Tamarind Toffee 125g (1x6pcsx32packs),6,pcs,0.78125,WH-BGO99,01620251204021746603
01620251204035823093,12/5/2025,"Inv-18, Bago, Thatnatpin, Minywar",VO99082,101.93,C,016,5379546,8379545,C01603842,?????????????,5001121004,May Kha Lar Tamarind Toffee 125g (1x6pcsx32packs),18,pcs,2.34375,WH-BGO99,01620251204021744437
01620251204035823093,12/5/2025,"Inv-18, Bago, Thatnatpin, Minywar",VO99082,101.93,C,016,5379512,8379511,C01603856,?????,5001121004,May Kha Lar Tamarind Toffee 125g (1x6pcsx32packs),6,pcs,0.78125,WH-BGO99,01620251204015932680
00120251204055433497,12/5/2025,TKT-PZD                  Inv;35,VO99042,125.77,C,001,5379456,8379455,C00132486,????? ?????????????,5001121004,May Kha Lar Tamarind Toffee 125g (1x6pcsx32packs),12,pcs,1.5625,DC-YGN01,00120251204010748573
00120251204055411300,12/5/2025,INS                  Inv;41,VO99039,207.42,C,001,5379439,8379438,C00107903,?????????-?,5001121004,May Kha Lar Tamarind Toffee 125g (1x6pcsx32packs),12,pcs,1.5625,DC-YGN01,00120251204125528790
00120251204055455197,12/5/2025,"SOKL,YK SHOP-20",VO99046,139.57,C,001,5379435,8379434,C00106863,???????????,5001121004,May Kha Lar Tamarind Toffee 125g (1x6pcsx32packs),6,pcs,0.78125,DC-YGN01,00120251204125224463
00120251204055520713,12/5/2025,NOKL SHOP-44,VO99045,173.34,C,001,5379687,8379686,C00128148,????????,5001121004,May Kha Lar Tamarind Toffee 125g (1x6pcsx32packs),12,pcs,1.5625,DC-YGN01,00120251204031637927
00120251204055520713,12/5/2025,NOKL SHOP-44,VO99045,173.34,C,001,5379665,8379664,C00124653,??????,5001121004,May Kha Lar Tamarind Toffee 125g (1x6pcsx32packs),6,pcs,0.78125,DC-YGN01,00120251204030410833
00120251204055312437,12/5/2025,HL/KMY                  Inv;21,VO99032,71.52,C,001,5379716,8379715,C00106715,?????????,5001121004,May Kha Lar Tamarind Toffee 125g (1x6pcsx32packs),12,pcs,1.5625,DC-YGN01,00120251204033507400
00120251204055312437,12/5/2025,HL/KMY                  Inv;21,VO99032,71.52,C,001,5379715,8379714,C00144448,?????????,5001121004,May Kha Lar Tamarind Toffee 125g (1x6pcsx32packs),12,pcs,1.5625,DC-YGN01,00120251204033506277
01620251204041102773,12/5/2025,"Inv-14, Bago, WAW",VO99083,207.85,C,016,5379707,8379706,C01603670,????????,5001121004,May Kha Lar Tamarind Toffee 125g (1x6pcsx32packs),6,pcs,0.78125,WH-BGO99,01620251204033005610
00120251204055455197,12/5/2025,"SOKL,YK SHOP-20",VO99046,139.57,C,001,5379568,8379567,C00108446,??????????,5001121004,May Kha Lar Tamarind Toffee 125g (1x6pcsx32packs),6,pcs,0.78125,DC-YGN01,00120251204022955267
00120251204055333027,12/5/2025,MYG                Inv;23,VO99035,88.27,C,001,5379560,8379559,C00152700,??????????,5001121004,May Kha Lar Tamarind Toffee 125g (1x6pcsx32packs),12,pcs,1.5625,DC-YGN01,00120251204022349223
00120251204055350787,12/5/2025,SPT                 Inv;24,VO99037,152.53,C,001,5379636,8379635,C00140843,??????? ????????,5001121004,May Kha Lar Tamarind Toffee 125g (1x6pcsx32packs),6,pcs,0.78125,DC-YGN01,00120251204024826660
00120251204055350787,12/5/2025,SPT                 Inv;24,VO99037,152.53,C,001,5379597,8379596,C00121525,??????????,5001121004,May Kha Lar Tamarind Toffee 125g (1x6pcsx32packs),6,pcs,0.78125,DC-YGN01,00120251204023911413
00120251204055333027,12/5/2025,MYG                Inv;23,VO99035,88.27,C,001,5379258,8379257,C00134320,?????,5001121004,May Kha Lar Tamarind Toffee 125g (1x6pcsx32packs),6,pcs,0.78125,DC-YGN01,00120251204113219300
00120251204055234630,12/5/2025,TLN/KT SHOP-11,VO99113,43.87,C,001,5379259,8379258,C00800031,???????,5001121004,May Kha Lar Tamarind Toffee 125g (1x6pcsx32packs),12,pcs,1.5625,DC-YGN01,00120251204113220580
00120251204055331843,12/5/2025,HTY SHOP-40,VO99063,172.61,C,001,5379239,8379238,C00104682,??????????,5001121004,May Kha Lar Tamarind Toffee 125g (1x6pcsx32packs),12,pcs,1.5625,DC-YGN01,00120251204112908207
00120251204055455197,12/5/2025,"SOKL,YK SHOP-20",VO99046,139.57,C,001,5379289,8379288,C00139988,?????????????????,5001121004,May Kha Lar Tamarind Toffee 125g (1x6pcsx32packs),6,pcs,0.78125,DC-YGN01,00120251204113828953
00120251204055455197,12/5/2025,"SOKL,YK SHOP-20",VO99046,139.57,C,001,5379226,8379225,C00132072,Central Mart,5001121004,May Kha Lar Tamarind Toffee 125g (1x6pcsx32packs),6,pcs,0.78125,DC-YGN01,00120251204112601820
00120251204055453930,12/5/2025,NDG/EDG                 Inv;19,VO99043,65.06,C,001,5379190,8379189,C00126810,?????????,5001121004,May Kha Lar Tamarind Toffee 125g (1x6pcsx32packs),6,pcs,0.78125,DC-YGN01,00120251204111637920
00120251204055150310,12/5/2025,AL/BH/KMD/SC                         Inv;17,VO99004,207.16,C,001,5379188,8379187,C00105684,????,5001121004,May Kha Lar Tamarind Toffee 125g (1x6pcsx32packs),6,pcs,0.78125,DC-YGN01,00120251204111635610
00120251204055333027,12/5/2025,MYG                Inv;23,VO99035,88.27,C,001,5379204,8379203,C00101132,?????,5001121004,May Kha Lar Tamarind Toffee 125g (1x6pcsx32packs),6,pcs,0.78125,DC-YGN01,00120251204112243750
00120251204055453930,12/5/2025,NDG/EDG                 Inv;19,VO99043,65.06,C,001,5379392,8379391,C00106996,??????????,5001121004,May Kha Lar Tamarind Toffee 125g (1x6pcsx32packs),12,pcs,1.5625,DC-YGN01,00120251204122453067
00120251204055331843,12/5/2025,HTY SHOP-40,VO99063,172.61,C,001,5379384,8379383,C00120998,???????????????????,5001121004,May Kha Lar Tamarind Toffee 125g (1x6pcsx32packs),6,pcs,0.78125,DC-YGN01,00120251204122151693
00120251204055331843,12/5/2025,HTY SHOP-40,VO99063,172.61,C,001,5379423,8379422,C00114656,?????????????? (?),5001121004,May Kha Lar Tamarind Toffee 125g (1x6pcsx32packs),6,pcs,0.78125,DC-YGN01,00120251204124309627
00120251204055455197,12/5/2025,"SOKL,YK SHOP-20",VO99046,139.57,C,001,5379411,8379410,C00134841,????(?????),5001121004,May Kha Lar Tamarind Toffee 125g (1x6pcsx32packs),6,pcs,0.78125,DC-YGN01,00120251204123100893
00120251204055411300,12/5/2025,INS                  Inv;41,VO99039,207.42,C,001,5379349,8379348,C00107894,???????,5001121004,May Kha Lar Tamarind Toffee 125g (1x6pcsx32packs),18,pcs,2.34375,DC-YGN01,00120251204120616297
00120251204055455197,12/5/2025,"SOKL,YK SHOP-20",VO99046,139.57,C,001,5379344,8379343,C00126317,??????,5001121004,May Kha Lar Tamarind Toffee 125g (1x6pcsx32packs),6,pcs,0.78125,DC-YGN01,00120251204120313780
00120251204055303940,12/5/2025,TGG SHOP-29,VO99106,118.32,C,001,5379338,8379337,C00134979,Win,5001121004,May Kha Lar Tamarind Toffee 125g (1x6pcsx32packs),6,pcs,0.78125,DC-YGN01,00120251204120012177
00120251204055303940,12/5/2025,TGG SHOP-29,VO99106,118.32,C,001,5379327,8379326,C00102360,??????(?),5001121004,May Kha Lar Tamarind Toffee 125g (1x6pcsx32packs),6,pcs,0.78125,DC-YGN01,00120251204115400550
00120251204055433497,12/5/2025,TKT-PZD                  Inv;35,VO99042,125.77,C,001,5379319,8379318,C00102215,??????????????,5001121004,May Kha Lar Tamarind Toffee 125g (1x6pcsx32packs),36,pcs,4.6875,DC-YGN01,00120251204114751780
00120251204055433497,12/5/2025,TKT-PZD                  Inv;35,VO99042,125.77,C,001,5379319,8379318,C00102215,??????????????,5001121005,May Kha Lar Mixed Fruit Toffee 125g (1x6pcsx32packs),36,pcs,4.6875,DC-YGN01,00120251204114751780
00120251204055303940,12/5/2025,TGG SHOP-29,VO99106,118.32,C,001,5379327,8379326,C00102360,??????(?),5001121005,May Kha Lar Mixed Fruit Toffee 125g (1x6pcsx32packs),6,pcs,0.78125,DC-YGN01,00120251204115400550
00120251204055455197,12/5/2025,"SOKL,YK SHOP-20",VO99046,139.57,C,001,5379344,8379343,C00126317,??????,5001121005,May Kha Lar Mixed Fruit Toffee 125g (1x6pcsx32packs),6,pcs,0.78125,DC-YGN01,00120251204120313780
00120251204055453930,12/5/2025,NDG/EDG                 Inv;19,VO99043,65.06,C,001,5379351,8379350,C00110309,????,5001121005,May Kha Lar Mixed Fruit Toffee 125g (1x6pcsx32packs),6,pcs,0.78125,DC-YGN01,00120251204120618597
00120251204055411300,12/5/2025,INS                  Inv;41,VO99039,207.42,C,001,5379420,8379419,C00150248,???????? (?),5001121005,May Kha Lar Mixed Fruit Toffee 125g (1x6pcsx32packs),60,pcs,7.8125,DC-YGN01,00120251204124006883
00120251204055331843,12/5/2025,HTY SHOP-40,VO99063,172.61,C,001,5379384,8379383,C00120998,???????????????????,5001121005,May Kha Lar Mixed Fruit Toffee 125g (1x6pcsx32packs),6,pcs,0.78125,DC-YGN01,00120251204122151693
00120251204055453930,12/5/2025,NDG/EDG                 Inv;19,VO99043,65.06,C,001,5379392,8379391,C00106996,??????????,5001121005,May Kha Lar Mixed Fruit Toffee 125g (1x6pcsx32packs),12,pcs,1.5625,DC-YGN01,00120251204122453067
00120251204055411300,12/5/2025,INS                  Inv;41,VO99039,207.42,C,001,5379377,8379376,C00123995,??????,5001121005,May Kha Lar Mixed Fruit Toffee 125g (1x6pcsx32packs),12,pcs,1.5625,DC-YGN01,00120251204121843223
00120251204055333027,12/5/2025,MYG                Inv;23,VO99035,88.27,C,001,5379204,8379203,C00101132,?????,5001121005,May Kha Lar Mixed Fruit Toffee 125g (1x6pcsx32packs),6,pcs,0.78125,DC-YGN01,00120251204112243750
00120251204055150310,12/5/2025,AL/BH/KMD/SC                         Inv;17,VO99004,207.16,C,001,5379188,8379187,C00105684,????,5001121005,May Kha Lar Mixed Fruit Toffee 125g (1x6pcsx32packs),6,pcs,0.78125,DC-YGN01,00120251204111635610
00120251204055453930,12/5/2025,NDG/EDG                 Inv;19,VO99043,65.06,C,001,5379190,8379189,C00126810,?????????,5001121005,May Kha Lar Mixed Fruit Toffee 125g (1x6pcsx32packs),6,pcs,0.78125,DC-YGN01,00120251204111637920
00120251204055303940,12/5/2025,TGG SHOP-29,VO99106,118.32,C,001,5379189,8379188,C00132561,??????????,5001121005,May Kha Lar Mixed Fruit Toffee 125g (1x6pcsx32packs),6,pcs,0.78125,DC-YGN01,00120251204111636770
00120251204055455197,12/5/2025,"SOKL,YK SHOP-20",VO99046,139.57,C,001,5379226,8379225,C00132072,Central Mart,5001121005,May Kha Lar Mixed Fruit Toffee 125g (1x6pcsx32packs),6,pcs,0.78125,DC-YGN01,00120251204112601820
00120251204055455197,12/5/2025,"SOKL,YK SHOP-20",VO99046,139.57,C,001,5379289,8379288,C00139988,?????????????????,5001121005,May Kha Lar Mixed Fruit Toffee 125g (1x6pcsx32packs),6,pcs,0.78125,DC-YGN01,00120251204113828953
00120251204055331843,12/5/2025,HTY SHOP-40,VO99063,172.61,C,001,5379239,8379238,C00104682,??????????,5001121005,May Kha Lar Mixed Fruit Toffee 125g (1x6pcsx32packs),12,pcs,1.5625,DC-YGN01,00120251204112908207
00120251204055333027,12/5/2025,MYG                Inv;23,VO99035,88.27,C,001,5379258,8379257,C00134320,?????,5001121005,May Kha Lar Mixed Fruit Toffee 125g (1x6pcsx32packs),6,pcs,0.78125,DC-YGN01,00120251204113219300
00120251204055350787,12/5/2025,SPT                 Inv;24,VO99037,152.53,C,001,5379597,8379596,C00121525,??????????,5001121005,May Kha Lar Mixed Fruit Toffee 125g (1x6pcsx32packs),6,pcs,0.78125,DC-YGN01,00120251204023911413
00120251204055350787,12/5/2025,SPT                 Inv;24,VO99037,152.53,C,001,5379636,8379635,C00140843,??????? ????????,5001121005,May Kha Lar Mixed Fruit Toffee 125g (1x6pcsx32packs),6,pcs,0.78125,DC-YGN01,00120251204024826660
00120251204055425190,12/5/2025,S.DGN/SEIKKAN SHOP-26,VO99060,84.41,C,001,5379553,8379552,C00100339,AM,5001121005,May Kha Lar Mixed Fruit Toffee 125g (1x6pcsx32packs),6,pcs,0.78125,DC-YGN01,00120251204022045070
00120251204055312437,12/5/2025,HL/KMY                  Inv;21,VO99032,71.52,C,001,5379715,8379714,C00144448,?????????,5001121005,May Kha Lar Mixed Fruit Toffee 125g (1x6pcsx32packs),12,pcs,1.5625,DC-YGN01,00120251204033506277
00120251204055312437,12/5/2025,HL/KMY                  Inv;21,VO99032,71.52,C,001,5379716,8379715,C00106715,?????????,5001121005,May Kha Lar Mixed Fruit Toffee 125g (1x6pcsx32packs),12,pcs,1.5625,DC-YGN01,00120251204033507400
00120251204055520713,12/5/2025,NOKL SHOP-44,VO99045,173.34,C,001,5379665,8379664,C00124653,??????,5001121005,May Kha Lar Mixed Fruit Toffee 125g (1x6pcsx32packs),6,pcs,0.78125,DC-YGN01,00120251204030410833
00120251204055520713,12/5/2025,NOKL SHOP-44,VO99045,173.34,C,001,5379687,8379686,C00128148,????????,5001121005,May Kha Lar Mixed Fruit Toffee 125g (1x6pcsx32packs),12,pcs,1.5625,DC-YGN01,00120251204031637927
00120251204055411300,12/5/2025,INS                  Inv;41,VO99039,207.42,C,001,5379439,8379438,C00107903,?????????-?,5001121005,May Kha Lar Mixed Fruit Toffee 125g (1x6pcsx32packs),12,pcs,1.5625,DC-YGN01,00120251204125528790
00120251204055433497,12/5/2025,TKT-PZD                  Inv;35,VO99042,125.77,C,001,5379456,8379455,C00132486,????? ?????????????,5001121005,May Kha Lar Mixed Fruit Toffee 125g (1x6pcsx32packs),18,pcs,2.34375,DC-YGN01,00120251204010748573
01620251204035823093,12/5/2025,"Inv-18, Bago, Thatnatpin, Minywar",VO99082,101.93,C,016,5379512,8379511,C01603856,?????,5001121005,May Kha Lar Mixed Fruit Toffee 125g (1x6pcsx32packs),6,pcs,0.78125,WH-BGO99,01620251204015932680
01620251204035823093,12/5/2025,"Inv-18, Bago, Thatnatpin, Minywar",VO99082,101.93,C,016,5379548,8379547,C01602617,??????? ?????????,5001121005,May Kha Lar Mixed Fruit Toffee 125g (1x6pcsx32packs),6,pcs,0.78125,WH-BGO99,01620251204021746603
00120251204055333027,12/5/2025,MYG                Inv;23,VO99035,88.27,C,001,5379075,8379074,C00130523,Shop & Shop,5001121005,May Kha Lar Mixed Fruit Toffee 125g (1x6pcsx32packs),6,pcs,0.78125,DC-YGN01,00120251204105353100
00120251204055350787,12/5/2025,SPT                 Inv;24,VO99037,152.53,C,001,5379119,8379118,C00135485,????????,5001121005,May Kha Lar Mixed Fruit Toffee 125g (1x6pcsx32packs),6,pcs,0.78125,DC-YGN01,00120251204110327020
00120251204055150310,12/5/2025,AL/BH/KMD/SC                         Inv;17,VO99004,207.16,C,001,5379083,8379082,C00130979,Health Link,5001121005,May Kha Lar Mixed Fruit Toffee 125g (1x6pcsx32packs),6,pcs,0.78125,DC-YGN01,00120251204105703133
00120251204055425190,12/5/2025,S.DGN/SEIKKAN SHOP-26,VO99060,84.41,C,001,5379130,8379129,C00106142,??????,5001121005,May Kha Lar Mixed Fruit Toffee 125g (1x6pcsx32packs),6,pcs,0.78125,DC-YGN01,00120251204110343320
00120251204055411300,12/5/2025,INS                  Inv;41,VO99039,207.42,C,001,5379121,8379120,C00107179,???????,5001121005,May Kha Lar Mixed Fruit Toffee 125g (1x6pcsx32packs),6,pcs,0.78125,DC-YGN01,00120251204110329600
00120251204055433497,12/5/2025,TKT-PZD                  Inv;35,VO99042,125.77,C,001,5379165,8379164,C00101723,??????????,5001121005,May Kha Lar Mixed Fruit Toffee 125g (1x6pcsx32packs),12,pcs,1.5625,DC-YGN01,00120251204111011287
00120251204055411300,12/5/2025,INS                  Inv;41,VO99039,207.42,C,001,5378984,8378983,C00106881,??????????,5001121005,May Kha Lar Mixed Fruit Toffee 125g (1x6pcsx32packs),12,pcs,1.5625,DC-YGN01,00120251204103407500
00120251204055411300,12/5/2025,INS                  Inv;41,VO99039,207.42,C,001,5378962,8378961,C00140518,????????????,5001121005,May Kha Lar Mixed Fruit Toffee 125g (1x6pcsx32packs),6,pcs,0.78125,DC-YGN01,00120251204103257873
00120251204055218913,12/5/2025,MGLTN/Tamwe                       Inv;23,VO99005,106.64,C,001,5378976,8378975,C00140731,?????,5001121005,May Kha Lar Mixed Fruit Toffee 125g (1x6pcsx32packs),6,pcs,0.78125,DC-YGN01,00120251204103354900
00120251204055425190,12/5/2025,S.DGN/SEIKKAN SHOP-26,VO99060,84.41,C,001,5378951,8378950,C00105769,??????????,5001121005,May Kha Lar Mixed Fruit Toffee 125g (1x6pcsx32packs),6,pcs,0.78125,DC-YGN01,00120251204102951780
00120251204055425190,12/5/2025,S.DGN/SEIKKAN SHOP-26,VO99060,84.41,C,001,5379052,8379051,C00103363,??????????,5001121005,May Kha Lar Mixed Fruit Toffee 125g (1x6pcsx32packs),6,pcs,0.78125,DC-YGN01,00120251204105037030
00120251204055411300,12/5/2025,INS                  Inv;41,VO99039,207.42,C,001,5379047,8379046,C00130585,????,5001121005,May Kha Lar Mixed Fruit Toffee 125g (1x6pcsx32packs),6,pcs,0.78125,DC-YGN01,00120251204105026937
00120251204055411300,12/5/2025,INS                  Inv;41,VO99039,207.42,C,001,5379002,8379001,C00133030,???????????,5001121005,May Kha Lar Mixed Fruit Toffee 125g (1x6pcsx32packs),6,pcs,0.78125,DC-YGN01,00120251204103731617
00120251204055252693,12/5/2025,LT/PBD/LMD                 Inv;22,VO99012,81.7,C,001,5378897,8378896,C00101068,?????,5001121005,May Kha Lar Mixed Fruit Toffee 125g (1x6pcsx32packs),6,pcs,0.78125,DC-YGN01,00120251204101442033
00120251204055218913,12/5/2025,MGLTN/Tamwe                       Inv;23,VO99005,106.64,C,001,5378748,8378747,C00132843,??????????,5001121005,May Kha Lar Mixed Fruit Toffee 125g (1x6pcsx32packs),6,pcs,0.78125,DC-YGN01,00120251204093720137
00120251204055303940,12/5/2025,TGG SHOP-29,VO99106,118.32,C,001,5378745,8378744,C00153265,????? Pharmacy,5001121005,May Kha Lar Mixed Fruit Toffee 125g (1x6pcsx32packs),6,pcs,0.78125,DC-YGN01,00120251204093715443
00520251204025447907,12/5/2025,"MMZ ,KS Inv [ 31 ]",VO99028,156.27,C,005,5378884,8378883,C00502054,?????????????,5401111001,Coffee Cherry 3 in 1 instant brew coffee 20g 10pcs (1x25bags),2,pcs,0.8,WH-NPT01,00520251204101000277
00120251204055218913,12/5/2025,MGLTN/Tamwe                       Inv;23,VO99005,106.64,C,001,5378749,8378748,C00150282,?????????,5501111001,Sweety Curry Powder 60g (1x10x15pack),20,pcs,1.253333,DC-YGN01,00120251204093722000
00120251204055433497,12/5/2025,TKT-PZD                  Inv;35,VO99042,125.77,C,001,5379025,8379024,C00145610,??? ????????????,5501111001,Sweety Curry Powder 60g (1x10x15pack),30,pcs,1.88,DC-YGN01,00120251204104410263
00120251204022125123,12/5/2025,Maxi     INV--3,VO99002,23.87,C,001,5378942,8378941,C00138406,MAXI,5501111001,Sweety Curry Powder 60g (1x10x15pack),20,pcs,1.253333,DC-YGN01,00120251204102306750
00120251204043017587,12/5/2025,Carrefour Easy     INV--2,VO99002,105.23,C,001,5379594,8379593,C00133397,Carrefour Easy,5501111001,Sweety Curry Powder 60g (1x10x15pack),24,pcs,1.504,DC-YGN01,00120251204023905817
00120251204055433497,12/5/2025,TKT-PZD                  Inv;35,VO99042,125.77,C,001,5379367,8379366,C00110951,??????,5501111001,Sweety Curry Powder 60g (1x10x15pack),20,pcs,1.253333,DC-YGN01,00120251204121235637
00120251204055433497,12/5/2025,TKT-PZD                  Inv;35,VO99042,125.77,C,001,5379324,8379323,C00145586,???????????????,5501112001,Sweety Curry Powder 10g (1x10x60 streamer),6,pcs,0.66,DC-YGN01,00120251204115356560
00120251204055433497,12/5/2025,TKT-PZD                  Inv;35,VO99042,125.77,C,001,5379303,8379302,C00109804,????,5501112001,Sweety Curry Powder 10g (1x10x60 streamer),10,pcs,1.1,DC-YGN01,00120251204114138020
00120251204055303940,12/5/2025,TGG SHOP-29,VO99106,118.32,C,001,5379189,8379188,C00132561,??????????,5501112001,Sweety Curry Powder 10g (1x10x60 streamer),4,pcs,0.44,DC-YGN01,00120251204111636770
00120251204055433497,12/5/2025,TKT-PZD                  Inv;35,VO99042,125.77,C,001,5379185,8379184,C00145049,?????,5501112001,Sweety Curry Powder 10g (1x10x60 streamer),6,pcs,0.66,DC-YGN01,00120251204111632540
00120251204055520713,12/5/2025,NOKL SHOP-44,VO99045,173.34,C,001,5379665,8379664,C00124653,??????,5501112001,Sweety Curry Powder 10g (1x10x60 streamer),10,pcs,1.1,DC-YGN01,00120251204030410833
00120251204055411300,12/5/2025,INS                  Inv;41,VO99039,207.42,C,001,5379487,8379486,C00111984,???????,5501112001,Sweety Curry Powder 10g (1x10x60 streamer),10,pcs,1.1,DC-YGN01,00120251204014114020
00120251204032101657,12/5/2025,Easy Mart-TTM     INV--1,VO99033,0.33,C,001,5379471,8379470,C00144826,Easy Supermarket(TTM),5501112001,Sweety Curry Powder 10g (1x10x60 streamer),3,pcs,0.33,DC-YGN01,00120251204013044927
00120251204022125123,12/5/2025,Maxi     INV--3,VO99002,23.87,C,001,5378942,8378941,C00138406,MAXI,5501112001,Sweety Curry Powder 10g (1x10x60 streamer),6,pcs,0.66,DC-YGN01,00120251204102306750
00220251204030447237,12/5/2025,INV(24),VO99017,270.54,C,002,5378933,8378932,C00205815,????????,5501112001,Sweety Curry Powder 10g (1x10x60 streamer),2,pcs,0.22,WH-MDY01,00220251204102201993
00120251204055433497,12/5/2025,TKT-PZD                  Inv;35,VO99042,125.77,C,001,5379025,8379024,C00145610,??? ????????????,5501112001,Sweety Curry Powder 10g (1x10x60 streamer),10,pcs,1.1,DC-YGN01,00120251204104410263
00120251204055433497,12/5/2025,TKT-PZD                  Inv;35,VO99042,125.77,C,001,5379126,8379125,C00145272,?????????????,5501112001,Sweety Curry Powder 10g (1x10x60 streamer),10,pcs,1.1,DC-YGN01,00120251204110337060
00120251204115840633,12/5/2025,"Letpadan  ( INV - 1 ) , All Producrs ",VO99014,254.71,C,001,5379133,8379132,C00108770,SD-YGN-Letpadan,5501112001,Sweety Curry Powder 10g (1x10x60 streamer),60,pcs,6.6,WH-MLM01,00120251204110405923
00120251204055433497,12/5/2025,TKT-PZD                  Inv;35,VO99042,125.77,C,001,5379098,8379097,C00102705,???????,5501112001,Sweety Curry Powder 10g (1x10x60 streamer),10,pcs,1.1,DC-YGN01,00120251204110014650
00120251204055218913,12/5/2025,MGLTN/Tamwe                       Inv;23,VO99005,106.64,C,001,5378749,8378748,C00150282,?????????,5501112001,Sweety Curry Powder 10g (1x10x60 streamer),6,pcs,0.66,DC-YGN01,00120251204093722000
00120251204023317740,12/5/2025,MTS-TGG     INV--1,VO99106,12.83,C,001,5378768,8378767,C00111943,Mi Thar Su - TGG,5501112001,Sweety Curry Powder 10g (1x10x60 streamer),20,pcs,2.2,DC-YGN01,00120251204094515000
00120251204055411300,12/5/2025,INS                  Inv;41,VO99039,207.42,C,001,5378887,8378886,C00127418,?????????????,5501112001,Sweety Curry Powder 10g (1x10x60 streamer),6,pcs,0.66,DC-YGN01,00120251204101128360
00120251204055433497,12/5/2025,TKT-PZD                  Inv;35,VO99042,125.77,C,001,5378854,8378853,C00150011,???,5501112001,Sweety Curry Powder 10g (1x10x60 streamer),10,pcs,1.1,DC-YGN01,00120251204100204730
00120251204055303940,12/5/2025,TGG SHOP-29,VO99106,118.32,C,001,5378821,8378820,C00113606,?????????????,5501112001,Sweety Curry Powder 10g (1x10x60 streamer),10,pcs,1.1,DC-YGN01,00120251204095548680
00120251204055218913,12/5/2025,MGLTN/Tamwe                       Inv;23,VO99005,106.64,C,001,5378867,8378866,C00102138,????????????,5501113001,Sweety Curry Powder 100g (1x12x4 pack),12,pcs,1.25,DC-YGN01,00120251204100517390
00120251204055433497,12/5/2025,TKT-PZD                  Inv;35,VO99042,125.77,C,001,5378919,8378918,C00107403,??????,5501113001,Sweety Curry Powder 100g (1x12x4 pack),6,pcs,0.625,DC-YGN01,00120251204101748893
00120251204021603843,12/5/2025,CM-PLMGD     INV--4,VO99003,49.38,C,001,5379106,8379105,C00150224,City Mart - PLMGD,5501113001,Sweety Curry Powder 100g (1x12x4 pack),24,pcs,2.5,DC-YGN01,00120251204110036800
00120251204055234630,12/5/2025,TLN/KT SHOP-11,VO99113,43.87,C,001,5379077,8379076,C00801202,???????,5501113001,Sweety Curry Powder 100g (1x12x4 pack),24,pcs,2.5,DC-YGN01,00120251204105356023
00120251204115840633,12/5/2025,"Letpadan  ( INV - 1 ) , All Producrs ",VO99014,254.71,C,001,5379133,8379132,C00108770,SD-YGN-Letpadan,5501113001,Sweety Curry Powder 100g (1x12x4 pack),12,pcs,1.25,WH-MLM01,00120251204110405923
00120251204115840633,12/5/2025,"Letpadan  ( INV - 1 ) , All Producrs ",VO99014,254.71,C,001,5379133,8379132,C00108770,SD-YGN-Letpadan,5501113001,Sweety Curry Powder 100g (1x12x4 pack),4,pcs,0.416667,WH-MLM01,00120251204110405923
00120251204055433497,12/5/2025,TKT-PZD                  Inv;35,VO99042,125.77,C,001,5379126,8379125,C00145272,?????????????,5501113001,Sweety Curry Powder 100g (1x12x4 pack),38,pcs,3.958333,DC-YGN01,00120251204110337060
00120251204055433497,12/5/2025,TKT-PZD                  Inv;35,VO99042,125.77,C,001,5379126,8379125,C00145272,?????????????,5501113001,Sweety Curry Powder 100g (1x12x4 pack),4,pcs,0.416667,DC-YGN01,00120251204110337060
00120251204055433497,12/5/2025,TKT-PZD                  Inv;35,VO99042,125.77,C,001,5379025,8379024,C00145610,??? ????????????,5501113001,Sweety Curry Powder 100g (1x12x4 pack),24,pcs,2.5,DC-YGN01,00120251204104410263
00120251204055433497,12/5/2025,TKT-PZD                  Inv;35,VO99042,125.77,C,001,5379025,8379024,C00145610,??? ????????????,5501113001,Sweety Curry Powder 100g (1x12x4 pack),4,pcs,0.416667,DC-YGN01,00120251204104410263
00120251204055333027,12/5/2025,MYG                Inv;23,VO99035,88.27,C,001,5379466,8379465,C00103521,Ko Thura Soe,5501113001,Sweety Curry Powder 100g (1x12x4 pack),24,pcs,2.5,DC-YGN01,00120251204012901153
00220251204030516657,12/5/2025,INV(27),VO99018,210.62,C,002,5379509,8379508,C00200867,?????????,5501113001,Sweety Curry Powder 100g (1x12x4 pack),24,pcs,2.5,WH-MDY01,00220251204015919483
00120251204055433497,12/5/2025,TKT-PZD                  Inv;35,VO99042,125.77,C,001,5379373,8379372,C00101699,Daw Kyi Kyi,5501113001,Sweety Curry Powder 100g (1x12x4 pack),12,pcs,1.25,DC-YGN01,00120251204121542223
00120251204055331843,12/5/2025,HTY SHOP-40,VO99063,172.61,C,001,5379384,8379383,C00120998,???????????????????,5501113001,Sweety Curry Powder 100g (1x12x4 pack),5,pcs,0.520833,DC-YGN01,00120251204122151693
00120251204055455197,12/5/2025,"SOKL,YK SHOP-20",VO99046,139.57,C,001,5379184,8379183,C00105840,?????,5601111001,Omi Korean Yam Chips BBQ 30g (1x10pcsx12pack),20,pcs,0.666667,DC-YGN01,00120251204111631480
00720251204041153110,12/5/2025,inv 16,VO99052,117.9,C,007,5379214,8379213,C00700369,???????,5601111001,Omi Korean Yam Chips BBQ 30g (1x10pcsx12pack),10,pcs,0.333333,WH-PTN01,00720251204112457460
00120251204055331843,12/5/2025,HTY SHOP-40,VO99063,172.61,C,001,5379239,8379238,C00104682,??????????,5601111001,Omi Korean Yam Chips BBQ 30g (1x10pcsx12pack),10,pcs,0.333333,DC-YGN01,00120251204112908207
00120251204055234630,12/5/2025,TLN/KT SHOP-11,VO99113,43.87,C,001,5379713,8379712,C00800920,????????,5601111001,Omi Korean Yam Chips BBQ 30g (1x10pcsx12pack),10,pcs,0.333333,DC-YGN01,00120251204033503643
00120251204055425190,12/5/2025,S.DGN/SEIKKAN SHOP-26,VO99060,84.41,C,001,5379049,8379048,C00152843,???????????????????????????????????,5601111001,Omi Korean Yam Chips BBQ 30g (1x10pcsx12pack),10,pcs,0.333333,DC-YGN01,00120251204105030997
00120251204055331843,12/5/2025,HTY SHOP-40,VO99063,172.61,C,001,5378979,8378978,C00109542,?????,5601111001,Omi Korean Yam Chips BBQ 30g (1x10pcsx12pack),10,pcs,0.333333,DC-YGN01,00120251204103400693
00120251204055425190,12/5/2025,S.DGN/SEIKKAN SHOP-26,VO99060,84.41,C,001,5378994,8378993,C00138431,Lamin ?????,5601111001,Omi Korean Yam Chips BBQ 30g (1x10pcsx12pack),10,pcs,0.333333,DC-YGN01,00120251204103719947
00120251204055411300,12/5/2025,INS                  Inv;41,VO99039,207.42,C,001,5379121,8379120,C00107179,???????,5601111001,Omi Korean Yam Chips BBQ 30g (1x10pcsx12pack),10,pcs,0.333333,DC-YGN01,00120251204110329600
00120251204021603843,12/5/2025,CM-PLMGD     INV--4,VO99003,49.38,C,001,5379109,8379108,C00150224,City Mart - PLMGD,5601111001,Omi Korean Yam Chips BBQ 30g (1x10pcsx12pack),70,pcs,2.333333,DC-YGN01,00120251204110116063
00120251204040128550,12/5/2025,SR On Paper     INV--1,VO99032,0.48,C,001,5378771,8378770,C00135456,David-2,5601111001,Omi Korean Yam Chips BBQ 30g (1x10pcsx12pack),2,pcs,0.066667,DC-YGN01,00120251204094636187
00120251204021916270,12/5/2025,GDWS-WH     INV--1    (To TGG),VO99033,13.69,C,001,5378802,8378801,C00109566,Gandamar Wholesales - YGN,5601111001,Omi Korean Yam Chips BBQ 30g (1x10pcsx12pack),24,pcs,0.8,DC-YGN01,00120251204095156433
00120251204021024050,12/5/2025,SGH-HTY     INV--1,VO99010,8.18,C,001,5378647,8378646,C00127887,Sein Gay Har - HTY,5601111001,Omi Korean Yam Chips BBQ 30g (1x10pcsx12pack),10,pcs,0.333333,DC-YGN01,00120251204090142110
00720251204052110033,12/5/2025,Inv 8,VO99052,94.34,C,007,5379750,8379749,C00703106,????????,5601111001,Omi Korean Yam Chips BBQ 30g (1x10pcsx12pack),20,pcs,0.666667,WH-PTN01,00720251204043324147
00520251204025521037,12/5/2025,TPK Inv [ 10 ] ,VO99038,66.72,C,005,5378652,8378651,C00500667,??????????,6001111003,Mr. Shine Liq Detergent Fresh Blossom 35ml (1x24pcsx10packs),3,pack,2.76,WH-NPT01,00520251203111406963
00120251204055520713,12/5/2025,NOKL SHOP-44,VO99045,173.34,C,001,5378633,8378632,C00145553,???????,6001111003,Mr. Shine Liq Detergent Fresh Blossom 35ml (1x24pcsx10packs),1,pack,0.92,DC-YGN01,00120251204062854757
00120251204055312437,12/5/2025,HL/KMY                  Inv;21,VO99032,71.52,C,001,5378731,8378730,C00121724,?????,6001111003,Mr. Shine Liq Detergent Fresh Blossom 35ml (1x24pcsx10packs),2,pack,1.84,DC-YGN01,00120251204093110130
00120251204055350787,12/5/2025,SPT                 Inv;24,VO99037,152.53,C,001,5379157,8379156,C00151031,????????,6001111003,Mr. Shine Liq Detergent Fresh Blossom 35ml (1x24pcsx10packs),1,pack,0.92,DC-YGN01,00120251204110954173
00520251204025447907,12/5/2025,"MMZ ,KS Inv [ 31 ]",VO99028,156.27,C,005,5378961,8378960,C00502550,???????????,6001111003,Mr. Shine Liq Detergent Fresh Blossom 35ml (1x24pcsx10packs),3,pack,2.76,WH-NPT01,00520251204103244703
00120251204055433497,12/5/2025,TKT-PZD                  Inv;35,VO99042,125.77,C,001,5379456,8379455,C00132486,????? ?????????????,6001111003,Mr. Shine Liq Detergent Fresh Blossom 35ml (1x24pcsx10packs),2,pack,1.84,DC-YGN01,00120251204010748573
00120251204055333027,12/5/2025,MYG                Inv;23,VO99035,88.27,C,001,5379302,8379301,C00102621,???????????,6001111003,Mr. Shine Liq Detergent Fresh Blossom 35ml (1x24pcsx10packs),2,pack,1.84,DC-YGN01,00120251204114136460
00120251204055520713,12/5/2025,NOKL SHOP-44,VO99045,173.34,C,001,5379220,8379219,C00132507,??????????????????,6001111003,Mr. Shine Liq Detergent Fresh Blossom 35ml (1x24pcsx10packs),5,pack,4.6,DC-YGN01,00120251204112553330
00120251204055331843,12/5/2025,HTY SHOP-40,VO99063,172.61,C,001,5379187,8379186,C00114349,?????????,6001111003,Mr. Shine Liq Detergent Fresh Blossom 35ml (1x24pcsx10packs),3,pack,2.76,DC-YGN01,00120251204111634470
00520251204025447907,12/5/2025,"MMZ ,KS Inv [ 31 ]",VO99028,156.27,C,005,5379398,8379397,C00503625,??????,6001111003,Mr. Shine Liq Detergent Fresh Blossom 35ml (1x24pcsx10packs),19,pack,17.48,WH-NPT01,00520251204122551863
00520251204025447907,12/5/2025,"MMZ ,KS Inv [ 31 ]",VO99028,156.27,C,005,5379398,8379397,C00503625,??????,6001111003,Mr. Shine Liq Detergent Fresh Blossom 35ml (1x24pcsx10packs),1,pack,0.92,WH-NPT01,00520251204122551863
00120251204055433497,12/5/2025,TKT-PZD                  Inv;35,VO99042,125.77,C,001,5379185,8379184,C00145049,?????,6101111001,Premium Bonito Dashi 150g (1x60Pcs),1,pcs,0.216667,DC-YGN01,00120251204111632540
00120251204055312437,12/5/2025,HL/KMY                  Inv;21,VO99032,71.52,C,001,5379221,8379220,C00132217,???????,6101111001,Premium Bonito Dashi 150g (1x60Pcs),1,pcs,0.216667,DC-YGN01,00120251204112555067
00120251204055411300,12/5/2025,INS                  Inv;41,VO99039,207.42,C,001,5379505,8379504,C00107899,????????????????,6101111001,Premium Bonito Dashi 150g (1x60Pcs),1,pcs,0.216667,DC-YGN01,00120251204015321570
00120251204055312437,12/5/2025,HL/KMY                  Inv;21,VO99032,71.52,C,001,5379716,8379715,C00106715,?????????,6101111001,Premium Bonito Dashi 150g (1x60Pcs),1,pcs,0.216667,DC-YGN01,00120251204033507400
00120251204055331843,12/5/2025,HTY SHOP-40,VO99063,172.61,C,001,5378967,8378966,C00110122,???????????,6101111001,Premium Bonito Dashi 150g (1x60Pcs),1,pcs,0.216667,DC-YGN01,00120251204103319040
00120251204055455197,12/5/2025,"SOKL,YK SHOP-20",VO99046,139.57,C,001,5379050,8379049,C00136747,?????????,6101111001,Premium Bonito Dashi 150g (1x60Pcs),1,pcs,0.216667,DC-YGN01,00120251204105033697
00120251204055303940,12/5/2025,TGG SHOP-29,VO99106,118.32,C,001,5379033,8379032,C00105000,????????,6101111001,Premium Bonito Dashi 150g (1x60Pcs),3,pcs,0.65,DC-YGN01,00120251204104718650
00120251204055333027,12/5/2025,MYG                Inv;23,VO99035,88.27,C,001,5379024,8379023,C00136496,4 You,6101111001,Premium Bonito Dashi 150g (1x60Pcs),1,pcs,0.216667,DC-YGN01,00120251204104408613
00120251204055411300,12/5/2025,INS                  Inv;41,VO99039,207.42,C,001,5379174,8379173,C00124408,???????????,6101111001,Premium Bonito Dashi 150g (1x60Pcs),1,pcs,0.216667,DC-YGN01,00120251204111319423
00120251204055333027,12/5/2025,MYG                Inv;23,VO99035,88.27,C,001,5379075,8379074,C00130523,Shop & Shop,6101111001,Premium Bonito Dashi 150g (1x60Pcs),3,pcs,0.65,DC-YGN01,00120251204105353100
00120251204055333027,12/5/2025,MYG                Inv;23,VO99035,88.27,C,001,5379075,8379074,C00130523,Shop & Shop,6101111003,Premium Kombu Dashi 150g (1x60Pcs),3,pcs,0.65,DC-YGN01,00120251204105353100
00120251204055218913,12/5/2025,MGLTN/Tamwe                       Inv;23,VO99005,106.64,C,001,5379151,8379150,C00104261,??????????,6101111003,Premium Kombu Dashi 150g (1x60Pcs),3,pcs,0.65,DC-YGN01,00120251204110651863
00120251204055331843,12/5/2025,HTY SHOP-40,VO99063,172.61,C,001,5378967,8378966,C00110122,???????????,6101111003,Premium Kombu Dashi 150g (1x60Pcs),1,pcs,0.216667,DC-YGN01,00120251204103319040
00120251204055303940,12/5/2025,TGG SHOP-29,VO99106,118.32,C,001,5378821,8378820,C00113606,?????????????,6101111003,Premium Kombu Dashi 150g (1x60Pcs),3,pcs,0.65,DC-YGN01,00120251204095548680
00120251204055312437,12/5/2025,HL/KMY                  Inv;21,VO99032,71.52,C,001,5379716,8379715,C00106715,?????????,6101111003,Premium Kombu Dashi 150g (1x60Pcs),1,pcs,0.216667,DC-YGN01,00120251204033507400
00120251204055411300,12/5/2025,INS                  Inv;41,VO99039,207.42,C,001,5379505,8379504,C00107899,????????????????,6101111003,Premium Kombu Dashi 150g (1x60Pcs),1,pcs,0.216667,DC-YGN01,00120251204015321570
00120251204055433497,12/5/2025,TKT-PZD                  Inv;35,VO99042,125.77,C,001,5379185,8379184,C00145049,?????,6101111003,Premium Kombu Dashi 150g (1x60Pcs),3,pcs,0.65,DC-YGN01,00120251204111632540
00420251204041020073,12/5/2025,VO99023   inv:  19,VO99023,192.56,C,004,5379490,8379489,C00401965,??????????,RefundAB,Abbott Refund,1,NULL,NULL,WH-MLM01,00420251204014118033
00220251204030516657,12/5/2025,INV(27),VO99018,210.62,C,002,5379509,8379508,C00200867,?????????,RefundAB,Abbott Refund,1,NULL,NULL,WH-MDY01,00220251204015919483
00120251204055252693,12/5/2025,LT/PBD/LMD                 Inv;22,VO99012,81.7,C,001,5379459,8379458,C00140280,Swan Pharmacy-2,RefundAB,Abbott Refund,1,NULL,NULL,DC-YGN01,00120251204011351620
00120251204055433497,12/5/2025,TKT-PZD                  Inv;35,VO99042,125.77,C,001,5379467,8379466,C00134596,????????,RefundAB,Abbott Refund,1,NULL,NULL,DC-YGN01,00120251204012902653
00720251204041153110,12/5/2025,inv 16,VO99052,117.9,C,007,5379482,8379481,C00702863,??? ????????,RefundAB,Abbott Refund,1,NULL,NULL,WH-PTN01,00720251204013815497
00420251204041020073,12/5/2025,VO99023   inv:  19,VO99023,192.56,C,004,5378832,8378831,C00400203,?????????,RefundAB,Abbott Refund,1,NULL,NULL,WH-MLM01,00420251204095741680
00520251204025447907,12/5/2025,"MMZ ,KS Inv [ 31 ]",VO99028,156.27,C,005,5378833,8378832,C00500025,???????????,RefundAB,Abbott Refund,1,NULL,NULL,WH-NPT01,00520251204095743020
00520251204025447907,12/5/2025,"MMZ ,KS Inv [ 31 ]",VO99028,156.27,C,005,5378834,8378833,C00502716,??????,RefundAB,Abbott Refund,1,NULL,NULL,WH-NPT01,00520251204095744137
00520251204025447907,12/5/2025,"MMZ ,KS Inv [ 31 ]",VO99028,156.27,C,005,5378812,8378811,C00500010,???????????,RefundAB,Abbott Refund,1,NULL,NULL,WH-NPT01,00520251204095437977
00520251204025447907,12/5/2025,"MMZ ,KS Inv [ 31 ]",VO99028,156.27,C,005,5378770,8378769,C00503645,????(?????????),RefundAB,Abbott Refund,1,NULL,NULL,WH-NPT01,00520251204094528177
00120251204055252693,12/5/2025,LT/PBD/LMD                 Inv;22,VO99012,81.7,C,001,5378892,8378891,C00101068,?????,RefundAB,Abbott Refund,1,NULL,NULL,DC-YGN01,00120251204101136520
00420251204041020073,12/5/2025,VO99023   inv:  19,VO99023,192.56,C,004,5378741,8378740,C00400589,??????????,RefundAB,Abbott Refund,1,NULL,NULL,WH-MLM01,00420251204093622547
00220251204030447237,12/5/2025,INV(24),VO99017,270.54,C,002,5378280,8378279,C00200213,G 1,RefundAB,Abbott Refund,1,NULL,NULL,WH-MDY01,00220251203020253127
00120251204055425190,12/5/2025,S.DGN/SEIKKAN SHOP-26,VO99060,84.41,C,001,5378951,8378950,C00105769,??????????,RefundAB,Abbott Refund,1,NULL,NULL,DC-YGN01,00120251204102951780
00120251204055150310,12/5/2025,AL/BH/KMD/SC                         Inv;17,VO99004,207.16,C,001,5379083,8379082,C00130979,Health Link,RefundAB,Abbott Refund,1,NULL,NULL,DC-YGN01,00120251204105703133
00720251204052110033,12/5/2025,Inv 8,VO99052,94.34,C,007,5379755,8379754,C00700015,????????????,RefundAB,Abbott Refund,1,NULL,NULL,WH-PTN01,00720251204044830243
00520251205082827143,12/5/2025,Tpk inv ( 1 ),VO99038,2.57,C,005,5379740,8379739,C00500013,Gold City,RefundHKM,Htoo Kaung Myat Refund,1,NULL,NULL,WH-NPT01,00520251204041516830
00120251204055425190,12/5/2025,S.DGN/SEIKKAN SHOP-26,VO99060,84.41,C,001,5378981,8378980,C00135197,???????,RefundHKM,Htoo Kaung Myat Refund,1,NULL,NULL,DC-YGN01,00120251204103403227
01120251204025619813,12/5/2025,"TKS,PHM,Inv-15",VO99071,50.42,C,011,5378197,8378196,C01100327,??????????,RefundHKM,Htoo Kaung Myat Refund,1,NULL,NULL,WH-MGW01,01120251203013927253
00220251204030608007,12/5/2025,INV(19),VO99040,140.01,C,002,5379441,8379440,C00209844,??????????,RefundHKM,Htoo Kaung Myat Refund,1,NULL,NULL,WH-MDY01,00220251204125603517
00220251204030419380,12/5/2025,INV(12),VO99016,49.15,C,002,5379539,8379538,C00200992,????????,RefundHKM,Htoo Kaung Myat Refund,1,NULL,NULL,WH-MDY01,00220251204021728710
00220251204030419380,12/5/2025,INV(12),VO99016,49.15,C,002,5379499,8379498,C00204366,?????????????,RefundHKM,Htoo Kaung Myat Refund,1,NULL,NULL,WH-MDY01,00220251204014715147
00220251204030542770,12/5/2025,INV(21),VO99019,74.42,C,002,5379652,8379651,C00208599,??????????,RefundHKM,Htoo Kaung Myat Refund,1,NULL,NULL,WH-MDY01,00220251204025358920
00220251204030419380,12/5/2025,INV(12),VO99016,49.15,C,002,5379197,8379196,C00211403,?????????,RefundHKM,Htoo Kaung Myat Refund,1,NULL,NULL,WH-MDY01,00220251204111939357
00120251204055331843,12/5/2025,HTY SHOP-40,VO99063,172.61,C,001,5379280,8379279,C00149974,MTC,RefundHKM,Htoo Kaung Myat Refund,1,NULL,NULL,DC-YGN01,00120251204113527617
